Workbook

Sheet nas
A8: Investitor: | B8: Suvlasnici stambene zgrade Tijardovićeva ulica 28, 30, 32, 10000 Zagreb, koje zastupaju: Ovlašteni predstavnici suvlasnika: Lidija Drvodelić, Tijardovićeva ulica 28, 10000 Zagreb, OIB: 86734105079 Ljuba Maričić, Tijardovićeva ulica 30, 10000 Zagreb, OIB: 49358266967 Boro Brdovčak, Tijardovićeva ulica 32, 10000 Zagreb, OIB: 94821741936 Upravitelj: Gradsko stambeno komunalno gospodarstvo d.o.o., Savska cesta 1, 10000 Zagreb, OIB: 03744272526
A11: Građevina: | B11: Rekonstrukcija u svrhu energetske obnove stambene zgrade, Tijardovićeva ulica 28, 30, 32, 10000 Zagreb
A13: Lokacija: | B13: Tijardovićeva ulica 28, 30, 32, 10000 Zagreb,
B14: k.č. 5616/2, k.o. Donje Vrapče
A16: Tehnički dnevnik: | B16: 171 - 2024
A18: Zajednička oznaka projekta: | B18: SAE - 171 - 2024
A20: Razina razrade projekta: | B20: Glavni projekt
A22: Vrsta projekta: | B22: ARHITEKTONSKI PROJEKT REKONSTRUKCIJE U SVRHU ENERGETSKE OBNOVE
B23: TROŠKOVNIK GRAĐEVINSKO - OBRTNIČKIH RADOVA
A25: Projektant: | B25: Ana Miljan, mag. ing. arch.
A26: Suradnik: | B26: Martin Janković, mag.ing.arch. Andrea Banić, mag.ing.aedif.
A28: Glavni projektant: | B28: Ana Miljan, mag. ing. arch.
A30: Izradio: | B30: SAEPTUM d.o.o. za savjetovanje, arhitektonske i energetske usluge, Travnička 50/a, 40000 Čakovec, Kružna ulica 81, 10000 Zagreb
A31: Direktorica: | B31: Željka Hrs Borković, d.i.a., direktor
A33: Mjesto i datum: | B33: Zagreb, travanj 2024.
A36: SAEPTUM d.o.o. Travnička 50/A, ČK, Kružna ulica 81, ZG, T+385 98 302785, +385 1 5602505, www.saeptum.hr, OIB 00721493603, P.RAČUN HR8623600001102580265 ZABA, Temeljni kapital 50.000,00 HRK/6.636,14 EUR, Uprava Željka Hrs Borković, Toni Borković
A47: SADRŽAJ :
A51: 1. TROŠKOVNIK GRAĐEVINSKO - OBRTNIČKIH RADOVA
A56: Napomena: | B56: 1. Troškovnik obuhvaća cjelovitu obnovu.
B57: 2. U slučaju drugačijeg zahtjeva investitor je dužan naručiti izmjene i dopune predmetne dokumentacije, a projektanti se obvezuju istu i napraviti ukoliko je u skladu sa pravilima dobrog zanata i stručne etike.
B58: U tom slučaju, djelomična obnova i njeni detalji utvrđuju se pisanim zahtjevom u vidu projektnog zadatka koji potpisuje investitor.
B59: 3. U troškovniku su navedene projektantske cijene.

Sheet uk rek
A7: Investitor: | B7: Suvlasnici stambene zgrade Tijardovićeva ulica 28, 30, 32, 10000 Zagreb, koje zastupaju: Ovlašteni predstavnici suvlasnika: Lidija Drvodelić, Tijardovićeva ulica 28, 10000 Zagreb, OIB: 86734105079 Ljuba Maričić, Tijardovićeva ulica 30, 10000 Zagreb, OIB: 49358266967 Boro Brdovčak, Tijardovićeva ulica 32, 10000 Zagreb, OIB: 94821741936 Upravitelj: Gradsko stambeno komunalno gospodarstvo d.o.o., Savska cesta 1, 10000 Zagreb, OIB: 03744272526
A10: Građevina: | B10: Rekonstrukcija u svrhu energetske obnove stambene zgrade Tijardovićeva ulica 28, 30, 32, 10000 Zagreb
A12: Lokacija: | B12: Tijardovićeva ulica 28, 30, 32, 10000 Zagreb
B13: k.č. 5616/2, k.o. Donje Vrapče
A16: Izradio: | B16: SAEPTUM d.o.o. za savjetovanje, arhitektonske i energetske usluge, Travnička 50/a, Čakovec, Kružna ulica 81, 10 000 Zagreb
B19: UKUPNA REKAPITULACIJA SVIH RADOVA
B21: 1. GRAĐEVINSKI RADOVI | F21: ='rekap+stolarija'!F22 -> 0
B22: 2. OBRTNIČKI RADOVI | F22: ='rekap+stolarija'!F33 -> 0
B23: 3. ELEKTRO INSTALACIJE | F23: ='rekap+stolarija'!F39 -> 0
E24: EUR | F24: =SUM(F21:F23) -> 0
C26: SVEUKUPNO: | E26: EUR | F26: =F24 -> 0
C27: PDV 25% | E27: EUR | F27: =(F21+F22)*0.25 -> 0
C28: (PDV na elektro instalacije iznosi 0%)
C29: SVEUKUPNO S PDV-OM: | E29: EUR | F29: =F26+F27 -> 0

Sheet sve rek
A7: Investitor: | B7: Suvlasnici stambene zgrade Tijardovićeva ulica 28, 30, 32, 10000 Zagreb, koje zastupaju: Ovlašteni predstavnici suvlasnika: Lidija Drvodelić, Tijardovićeva ulica 28, 10000 Zagreb, OIB: 86734105079 Ljuba Maričić, Tijardovićeva ulica 30, 10000 Zagreb, OIB: 49358266967 Boro Brdovčak, Tijardovićeva ulica 32, 10000 Zagreb, OIB: 94821741936 Upravitelj: Gradsko stambeno komunalno gospodarstvo d.o.o., Savska cesta 1, 10000 Zagreb, OIB: 03744272526
A9: Građevina: | B9: Rekonstrukcija u svrhu energetske obnove stambene zgrade Tijardovićeva ulica 28, 30, 32, 10000 Zagreb
A11: Lokacija: | B11: Tijardovićeva ulica 28, 30, 32, 10000 Zagreb
B12: k.č. 5616/2, k.o. Donje Vrapče
A16: Izradio: | B16: SAEPTUM d.o.o. za savjetovanje, arhitektonske i energetske usluge, Travnička 50/a, 40000 Čakovec, Kružna ulica 81, 10000 Zagreb
B19: TROŠKOVNIK GRAĐEVINSKO OBRTNIČKIH RADOVA I ELEKTRO INSTALACIJE (bez zamjene stolarije stanova)
A21: SVEUKUPNA REKAPITULACIJA
A23: 1.2. | B23: GRAĐEVINSKI RADOVI: | E23: EUR | F23: =rekap!F19 -> 0
B24: OBRTNIČKI RADOVI: | E24: EUR | F24: =rekap!F28 -> 0
B25: ELEKTRO INSTALACIJA: | E25: EUR | F25: =rekap!F34 -> 0
C27: SVEUKUPNO: | E27: EUR | F27: =F23+F24+F25 -> 0
C28: PDV 25% | E28: EUR | F28: =(F23+F24)*0.25 -> 0
C29: (PDV na elektro instalacije iznosi 0%)
C30: SVEUKUPNO S PDV-OM: | E30: EUR | F30: =F27+F28 -> 0
A32: PONUDITELJ
A33: (naziv i adresa)

Sheet sve rek + stolarija
A7: Investitor: | B7: Suvlasnici stambene zgrade Tijardovićeva ulica 28, 30, 32, 10000 Zagreb, koje zastupaju: Ovlašteni predstavnici suvlasnika: Lidija Drvodelić, Tijardovićeva ulica 28, 10000 Zagreb, OIB: 86734105079 Ljuba Maričić, Tijardovićeva ulica 30, 10000 Zagreb, OIB: 49358266967 Boro Brdovčak, Tijardovićeva ulica 32, 10000 Zagreb, OIB: 94821741936 Upravitelj: Gradsko stambeno komunalno gospodarstvo d.o.o., Savska cesta 1, 10000 Zagreb, OIB: 03744272526
A9: Građevina: | B9: Rekonstrukcija u svrhu energetske obnove stambene zgrade, Tijardovićeva ulica 28, 30, 32, 10000 Zagreb
A11: Lokacija: | B11: Tijardovićeva ulica 28, 30, 32, 10000 Zagreb
B12: k.č. 5616/2, k.o. Donje Vrapče
A16: Izradio: | B16: SAEPTUM d.o.o. za savjetovanje, arhitektonske i energetske usluge, Travnička 50/a, 40000 Čakovec, Kružna ulica 81, 10000 Zagreb
B19: TROŠKOVNIK GRAĐEVINSKO OBRTNIČKIH RADOVA I ELEKTRO INSTALACIJE (sa zamjenom stolarije stanova)
A22: SVEUKUPNA REKAPITULACIJA
A24: 1.2. | B24: GRAĐEVINSK,OBRTNIČKI RADOVI I ELEKTRO INSTALACIJA: | E24: EUR | F24: ='rekap+stolarija'!F41 -> 0
C28: SVEUKUPNO: | E28: EUR | F28: =F24 -> 0
C29: PDV 25% | E29: EUR | F29: ='uk rek'!F27 -> 0
C30: (PDV na elektro instalacije iznosi 0%)
C31: SVEUKUPNO S PDV-OM: | E31: EUR | F31: =F28+F29 -> 0
A33: PONUDITELJ
A34: (naziv i adresa)

Sheet rekap
A5: 1.1. TROŠKOVNIK GRAĐEVINSKO OBRTNIČKIH RADOVA I ELEKTRO INSTALACIJE
A9: REKAPITULACIJA GRAĐEVINSKO - OBRTNIČKIH RADOVA I ELEKTRO INSTALACIJE
A12: A. | B12: GRAĐEVINSKI RADOVI
A14: A.I.1. | B14: PRIPREMNI RADOVI I SKELA (zajednički prostori) ukupno | E14: EUR | F14: =A.I.1!F71 -> 0
A15: A.II.1. | B15: RUŠENJA I DEMONTAŽE (zajednički prostori) ukupno | E15: EUR | F15: =A.II.1!F81 -> 0
A16: A.III. | B16: ZEMLJANI RADOVI ukupno | E16: EUR | F16: ='A. III. zemlj.'!F29 -> 0
A17: A.IV.1. | B17: ZIDARSKI RADOVI (zajednički prostori) ukupno | E17: EUR | F17: =A.IV.1.zid!F64 -> 0
A18: A.V. | B18: IZOLATERSKI RADOVI ukupno | E18: EUR | F18: =A.V.izo!F82 -> 0
A19: A. | B19: GRAĐEVINSKI RADOVI UKUPNO: | E19: EUR | F19: =SUM(F14:F18) -> 0
A21: B. | B21: OBRTNIČKI RADOVI
A23: B.I. | B23: LIMARSKI RADOVI ukupno | E23: EUR | F23: =B.I.lim!F62 -> 0
A24: B.II.1 | B24: VANJSKA BRAVARIJA (zajedničkih prostorija) ukupno | E24: EUR | F24: ='B.II.1. brav'!F180 -> 0
A25: B.III. | B25: ZAVRŠNI ZIDARSKO-FASADERSKI RADOVI ukupno | E25: EUR | F25: =B.III.zz!F110 -> 0
A26: B.IV. | B26: BRAVARSKI RADOVI | E26: EUR | F26: ='B.IV.brav '!F52 -> 0
A27: B.V.1. | B27: SOBOSLIKARSKO LIČILAČKI RADOVI (zajednički prostori) ukupno | E27: EUR | F27: =B.V.1.lič!F96 -> 0
A28: B. | B28: OBRTNIČKI RADOVI UKUPNO: | E28: EUR | F28: =SUM(F23:F27) -> 0
A30: C. | B30: ELEKTRO INSTALACIJE
A32: C.I.1. | B32: FOTONAPONSKA ELEKTRANA ukupno | E32: EUR | F32: ='C.I.1 '!F134 -> 0
A33: C.I.2. | B33: MJERENJE, ISPITIVANJE, PODEŠAVANJE I PUŠTANJE U POGON ukupno | E33: EUR | F33: ='C.I.2.'!F22 -> 0
A34: C. | B34: ELEKTRO INSTALACIJE UKUPNO: | E34: EUR | F34: =SUM(F32:F33) -> 0
B36: A+B+C UKUPNO: | E36: EUR | F36: =SUM(F19+F28+F34) -> 0

Sheet rekap+stolarija
A5: 1.2. TROŠKOVNIK GRAĐEVINSKO OBRTNIČKIH RADOVA I ELEKTRO INSTALACIJE
A9: REKAPITULACIJA GRAĐEVINSKO - OBRTNIČKIH RADOVA I ELEKTRO INSTALACIJE
B10: (stambenih i zajedničkih prostorija)
A12: A. | B12: GRAĐEVINSKI RADOVI
A14: A.I.1. | B14: PRIPREMNI RADOVI I SKELA ukupno (zajednički prostori) | E14: EUR | F14: =A.I.1!F71 -> 0
A15: A.I.2. | B15: PRIPREMNI RADOVI ukupno (stanovi) | E15: EUR | F15: =A.I.2!F34 -> 0
A16: A.II.1. | B16: RUŠENJA I DEMONTAŽE ukupno (zajednički prostori) | E16: EUR | F16: =A.II.1!F81 -> 0
A17: A.II.2. | B17: RUŠENJA I DEMONTAŽE ukupno (stanovi) | E17: EUR | F17: =A.II.2!F33 -> 0
A18: A.III. | B18: ZEMLJANI RADOVI | E18: EUR | F18: ='A. III. zemlj.'!F29 -> 0
A19: A.IV.1. | B19: ZIDARSKI RADOVI ukupno (zajednički prostori) | E19: EUR | F19: =A.IV.1.zid!F64 -> 0
A20: A.IV.2. | B20: ZIDARSKI RADOVI ukupno (stanovi) | E20: EUR | F20: =A.IV.2.zid!F37 -> 0
A21: A.V. | B21: IZOLATERSKI RADOVI ukupno | E21: EUR | F21: =A.V.izo!F82 -> 0
A22: A. | B22: GRAĐEVINSKI RADOVI UKUPNO: | E22: EUR | F22: =SUM(F14:F21) -> 0
A24: B. | B24: OBRTNIČKI RADOVI
A26: B.I. | B26: LIMARSKI RADOVI ukupno | E26: EUR | F26: =B.I.lim!F62 -> 0
A27: B.II.1. | B27: VANJSKA BRAVARIJA ukupno (zajedničkih prostorija) | E27: EUR | F27: ='B.II.1. brav'!F180 -> 0
A28: B.II.2. | B28: VANJSKA STOLARIJA ukupno (stanovi) | E28: EUR | F28: ='B.II.2. sto'!F230 -> 0
A29: B.III. | B29: ZAVRŠNI ZIDARSKO-FASADERSKI RADOVI ukupno | E29: EUR | F29: =B.III.zz!F110 -> 0
A30: B.IV. | B30: BRAVARSKI RADOVI ukupno | E30: EUR | F30: ='B.IV.brav '!F52 -> 0
A31: B.V.1. | B31: SOBOSLIKARSKO LIČILAČKI RADOVI (zajednički prostori) ukupno | E31: EUR | F31: =B.V.1.lič!F96 -> 0
A32: B.V.2. | B32: SOBOSLIKARSKO LIČILAČKI RADOVI (stanovi) ukupno | E32: EUR | F32: =B.V.2.lič!F32 -> 0
A33: B. | B33: OBRTNIČKI RADOVI UKUPNO: | E33: EUR | F33: =SUM(F26:F32) -> 0
A35: C. | B35: ELEKTRO INSTALACIJE
A37: C.I.1. | B37: FOTONAPONSKA ELEKTRANA ukupno | E37: EUR | F37: ='C.I.1 '!F134 -> 0
A38: C.I.2. | B38: MJERENJE, ISPITIVANJE, PODEŠAVANJE I PUŠTANJE U POGON ukupno | E38: EUR | F38: ='C.I.2.'!F22 -> 0
A39: C. | B39: ELEKTRO INSTALACIJE UKUPNO: | E39: EUR | F39: =SUM(F37:F38) -> 0
B41: A+B+C UKUPNO: | E41: EUR | F41: =SUM(F22+F33+F39) -> 0

Sheet opći
B3: OPĆI UVJETI
B5: OPĆI OPIS UZ TROŠKOVNIK
B7: 1. Glavni projekt energetske obnove i pripadni troškovnik temelje se na obavljenom uvidu na postojećoj zgradi. Slojevi konstrukcija definirani u postojećoj projektnoj tehničkoj dokumentaciji preuzeti su kao stvarno izvedeni. Nevidljivi slojevi konstrukcija, koji nisu definirani postojećom dokumentacijom, pretpostavljeni su temeljem dosadašnjeg iskustva prema vremenu gradnje zgrade. Prije izvedbe potrebno je izvršiti detaljni uvid na licu mjesta te utvrditi slojeve konstrukcije vizualnim ispitivanjem i otvaranjem konstrukcija koje se rekonstruiraju.
B9: 2. Projekt je napravljen na temelju zakonske regulative RH, pravila dobrog zanata i preporuke o cjelovitoj obnovi koju podupiru EU fondovi, u skladu sa svim hrvatskim i europskim tehničkim propisima i normama i priznatim tehničkim pravilima, ili jednakovrijedno __________________. Projekt je definiran potpisanim projektnim zadatkom. Svi materijali navedeni u projektu i troškovniku, moraju odgovarati važećim hrvatskim propisima i normama, ili jednakovrijedno __________________.
B11: 3. Grafički dio (nacrti), tekstualni dio (opći i tehnički), Projekt racionalne uporabe energije i toplinske zaštite zgrade, kao i Program kontrole i osiguranja kvalitete dijelovi su arhitektonskog glavnog projekta, koji zajedno s pripadajućim troškovnikom čine cjelinu projekta energetske obnove zgrade. Projektom energetske obnove dani su osnovni detalji izvedbe.
B13: 4. U fazi izvedbe, zbog činjenice da se radi o obnovi (rekonstrukciji), a ne izgradnji nove zgrade, bit će potrebna dodatna razrada detalja izvedbe u suradnji s izvođačem radova, te ukoliko se nakon uklanjanja pojedinih slojeva i uvida u postojeće slojeve i stanje konstrukcije utvrdi odstupanje odnosno različitost u odnosu na postojeće stanje prikazano projektom obnove, potrebno je napraviti reviziju glavnog projekta. Također, u slučaju nužnosti odstupanja od glavnog projekta iz drugih opravdanih razloga prilikom izvođenja radova potrebno je izraditi izmjene i dopune glavnog projekta.
B15: 5.Odgovarajućim upisom u građevinski dnevnik potrebno je verificirati projektno rješenje ili po potrebi izvršiti korekciju, te ukoliko je potrebno, a ovisno o postojećem stanju konstrukcije, prije izvedbe ETICS sustava, napraviti statičku provjeru vanjskih zidova koja mora biti odobrena od strane inženjera konstrukcije i nadzornog inženjera.
B17: 6. Izvođač je dužan proučiti sve gore navedene dijelove projekta, te u slučaju nejasnoća ili eventualnih odstupanja od stvarnog stanja na terenu, tražiti mišljenje projektanta i nadzornog inženjera. Prije početka radova izvođač je obavezan kontrolirati na postojećoj zgradi sve potrebne mjere za svoj rad, te obavijestiti projektanta u slučaju nedorečenosti ili nejasnoća. Prilikom izvođenja radova treba paziti da svi detalji budu riješeni u skladu s Tehničkim propisom o racionalnoj uporabi energije i toplinskoj zaštiti u zgradama (NN 128/15, NN 70/18, NN 73/18, 86/18.)
B20: 7. Preporuka projektanta je izvođenje cjelovitog rješenja energetske obnove zgrade iz sljedećih razloga: 1. tehnički ispravno izvođenje detalja, 2. tehnički ispravan redoslijed izvođenja radova, 3. suzbijanje selektivnih intervencija na pročeljima zgrade, 4. zaštita arhitektonskog djela u smislu estetske i tehničke cjelovitosti oblikovanja, 5. očuvanje i unapređenje bitnih zahtjeva građevine, 6. ušteda sredstava i vremena (u slučaju fazne gradnje pojedini radovi se umnožavaju, kao što su postava skele, limarski radovi i sl.), 7. ostvarivanje tržišnih popusta (cijena pojedinačnog proizvoda manja je što je količina veća), 8. integralna rješenja podupiru se bespovratnim sredstvima iz EU fondova. U slučaju nužnosti odstupanja od glavnog projekta prilikom izvođenja radova potrebno je izraditi izmjene i dopune glavnog projekta te ih uskladiti zahtjevima suvlasnika sukladno pravilima dobrog zanata i inženjerske etike.
B22: 8. Izvođač će se pridržavati svih važećih zakona i propisa i to: Zakona o prostornom uređenju (NN 153/13, NN 65/17, NN 114/18, NN 39/19), Zakona o gradnji (NN 153/13, 20/17, 39/19, 125/19, 145/24), Zakona o građevinskoj inspekciji (NN 153/13), Zakona o zaštiti na radu (NN 71/14, 118/14, N 154/14, 94/18, 96/18), Zakon o zaštiti od buke (NN 30/09, 55/13, 153/13, 41/16, 114/18, 41/21), Zakon o zaštiti od požara (NN 92/10), svih pravilnika koji iz tih zakona proizlaze, kao i svih drugih zakona iz područja gradnje, tehničkih propisa, priznatih tehničkih pravila i hrvatskih normi (HRN), ili jednakovrijedno __________________.
B24: 9. Izvođač će prilikom uvođenja u posao preuzeti nekretninu i obavijestiti nadležne službe o otvaranju gradilišta i početku radova. Od tog trenutka pa do primopredaje zgrade, izvođač je odgovoran za stvari i osobe koje se nalaze unutar gradilišta. Od ulaska na gradilište izvođač je obavezan voditi građevinski dnevnik u kojem bilježi opis radnih procesa i građevinsku knjigu u kojoj bilježi i dokumentira mjerenja, sve faze izvršenog posla prema stavkama troškovnika i projektu. Izvođač će na gradilištu čuvati građevnu dozvolu ukoliko je to zakonom određeno, kao i projektnu dokumentaciju i dati ih na uvid ovlaštenim inspekcijskim službama.
B26: 10. Izvođač će ugraditi projektom predviđen i prema hrvatskim normama ili jednakovrijedno __________________ atestiran materijal. Sve radove izvest će od kvalitetnog materijala prema opisu, detaljima, pismenim naređenjima, ali sve u okviru ponuđene jedinične cijene. Svi nekvalitetni radovi imaju se otkloniti i zamijeniti ispravnima, bez bilo kakve odštete od strane investitora.
... B54: 24. Izvođač će zajedno sa nadzornim inženjerom izraditi vremenski plan (terminski plan, gantogram) aktivnosti na gradilištu i njime odrediti dinamiku financiranja, dobave materijala i opreme i sl.

Sheet A.I.1
A2: TROŠKOVNIK GRAĐEVINSKO OBRTNIČKIH RADOVA I ELEKTRO INSTALACIJE
A3: A. GRAĐEVINSKI RADOVI / A.I.1 PRIPREMNI RADOVI I SKELA
A4: r.b. | B4: opis stavke | C4: jed. | D4: kol. | E4: jed.cijena | F4: ukupno
A6: A. | B6: GRAĐEVINSKI RADOVI
A9: A.I.1 | B9: PRIPREMNI RADOVI I SKELA (ZAJEDNIČKI PROSTORI)
A11: OPĆI UVJETI
B13: PRIPREMNI RADOVI
A15: Pri kalkulaciji ponuda ponuđač treba voditi računa o uvjetima investitora, da zgrada za vrijeme radova mora biti u funkciji te da se radovi moraju planirati tako da se omogući boravak u svim dijelovima zgrade uz što manje i kraće poremećaje.
A17: Izvođaču se preporuča pregledati projekt i lokaciju, mogućnosti pristupa parceli i organizacije rada na parceli kako bi mogao dati realnu cijenu za pripremne i ostale radove. Ukoliko izvođač prethodnim uvidom primijeti da je potrebno izvesti još neke pripremne radove, dužan ih je uvrstiti u cijenu putem obračuna u faktoru, jer se naknadni pripremni radovi neće posebno priznavati.
A19: Pripremni radovi koje je izvođač dužan izvesti bez posebnog iskaza troškova ulaze u cijenu zgrade kroz faktor i nisu prikazani u posebnim stavkama troškovnika: - izrada plana organizacije gradilišta, - organizacija i uređenje prilaznih i privremenih prometnica na gradilištu - izgradnja gradilišnih nastambi za radnike, upravu, skladišta, nadstrešnice, - privremeni priključci i razvod vodovoda, električne energije, telefona i ostalih instalacija na gradilištu za potrebe funkcioniranja gradilišta, - organizacija čuvarske i nadzorne službe, radovi na osiguranju gradilišta i radnika, osiguranje za obeštećenja na gradilištu i naknade štete prema trećim osobama - geodetsko snimanje visina i vanjskog terena, - ostali radovi koji po pravilu terete režiju uprave izvođača i koji se ne naplaćuju posebno - troškovi potrebnih ispitivanja materijala i konstrukcija, te ishođenje atesta. Utrošak vode i električne energije za jedinicu proizvoda uključuje se u analizu cijena proizvoda prema normativima utroška, a utrošak za potrebe ureda, gradilišta, pranje vozila i strojeva, rasvjetu gradilišta i ostalo uključuje se u faktor gradilišta.
A21: Dozvolu za korištenje javnih prometnih površina izvođač je dužan zatražiti od nadležnih službi, prema potrebama za organizaciju gradilišta i platiti eventualne takse za ishođenje odobrenja za korištenje površina što je uključeno u faktoru. Izvođač je dužan pridržavati se pravila prometa na javnim prometnicama i unutar gradilišta.
A23: SKELA
A25: Izvođaču se preporuča pregledati građevinu radi ocjene uvjeta za organizaciju izvedbe radova i stanja pojedinih dijelova građevine na kojima se radovi izvode prije izrade ponude za skelu. Oslanjanje skele na nosivu podlogu preko metalnih podložnih papuča; podloga na koju se postavlja fasadna skela mora biti čvrsta i stabilna. Minimalna širina skele iznosi 80cm.
A27: Izvođač je dužan prije postavljanja skele predočiti nacrt skele sa statičkim računom na odobrenje. Dužan je ishoditi i suglasnosnost za postavljanje skele - zauzimanje javnoprometne površine te riješiti zaštitu prolaznika i ulaza u građevinu. Ukoliko za pričvršćenje skele bude potrebno koristiti tuđi prostor, izvoditelj je dužan ishoditi suglasnost.
A29: Skelu udaljiti od ravnine gotovog pročelja za 15-20 cm. Visina zaštitne ograde iznosi 100 cm, a elemente ograde postaviti na max. razmak od 35 cm. U razini radne platforme uz zaštitinu ogradu potrebno je postaviti dasku minimalne visine 20 cm. Radnu platformu izvesti od mosnica od zdrave piljene crnogorične građe II. klase, minimalne širine 25 cm i minimalne debljine 4,8 cm. Visinski razmak između radnih platformi treba prilagoditi horizontalnim elementima pročelja.
A31: Skela mora biti opremljena penjalicama max. dužine 4 m u jednom komadu, postavljenim naizmjenično. Fasadnu skelu potrebno je sa vanjske strane prekriti jutenim zastorom, koji se učvršćuje za konstrukciju skele. Skelu treba od podnožja do vrha, kao i na krajevima, dijagonalno ukrutiti kosnicima pod 45°. Skelu je potrebno osigurati od prevrtanja sidrenjem u samu građevinu. Razmak između točki sidrenja mora biti manji od 6,0 m u horizontalnom i vetikalnom smjeru. Izvedena skela ne smije imati visinu stupova veću od 4 m. Skelu je potrebno uzemljiti i osigurati od udara groma.
A33: Sva eventualna oštećenja nastala uslijed vezivanja skele na građevinu izvođač je dužan otkloniti o svom trošku.
A35: Pješački prolaz ispod skele treba izvesti u skladu s potrebama korisnika, odnosno u skladu s dozvolom za zauzeće javne prometne površine. Sa bočnih strana prolaza se postavlja puna zaštitna ograda minimalne visine od 150cm. Iznad prolaza treba izvesti oblogu od mosnica, a na vanjskom rubu još i kosu zaštitu pod kutem od 60° visine 60cm. Pješački prolaz treba biti obilježen propisanom signalizacijom (putokazi, rasvjeta).
A36: U jediničnu cijenu treba uključiti : - sav rad oko postave i skidanja skele, - izradu statičkog računa i nacrta montaže skele, - dostavu svog potrebnog materijala za postavu skele te čišćenje i odvoz istog nakon skidanja, - postavu svjetlosne signalizacije i njeno održavanje, - amortizaciju materijala za vrijeme izvođenja svih radova na pročelju, - sve društvene obveze vezane za radnu snagu i materijal, - održavanje skele za vrijeme trajanja radova, - pripremno-završne radove, - naknada za zauzimanje javno-prometne površine. Amortizacija skele obračunava se za vrijeme gradnje, a skelu mogu koristiti svi izvođači bez posebne nadoplate. Potrebno je terminskim planom uskladiti sve aktivnosti da se izbjegne međusobno ometanje pojedinih izvođača. Svi materijali za izradu skele moraju odgovarati važećim hrvatskim propisima i normama, ili jednakovrijedno __________________.
A38: Prilikom izrade fasadnih skela potrebno se pridržavati propisa zaštite na radu po pitanjima radnih ploha, zaštitnih ograda i prilaza. Materijal za izradu skela mora biti potpuno ispravan. Odgovorna osoba dužna je izvršiti pregled materijala prije ugradnje. Skele moraju biti izvedene po mjerama i na način označen u statičkom računu i nacrtima za skele. Izvedene skele moraju biti sposobne podnijeti predviđeno opterećenje i moraju biti stabilne. Fasadne skele obračunavaju se po m² projekcije skele u ravnini pročelja, mjereno po vanjskom rubu i 1 m nad najvišom površinom.
A40: 1. | B40: Raščišćavanje terena
B41: Raščišćavanje terena oko zgrade (5m) kao radno-manipulativne površine, a prije početka radova na rušenjima i demontaži. Stavka uključuje sva čišćenja, obrezivanje grmlja i stabala koji svojom pozicijom i volumenom ometaju izvođenje radova, zajedno s utovarom, odvozom, istovarom i deponiranjem otpadnog materijala na odlagalištu udaljenom 20 km. Obračun po m² obrađene površine. | C41: m² | D41: 800 | F41: =ROUND(D41*E41,2) -> 0
A43: 2. | B43: Priprema gradilišta
B44: Priprema gradilišta obuhvaća pregled, kontrolu mjera i veličina postojećeg stanja građevinske konstrukcije zgrade, pregled postojećeg stanja opreme, instalacija, te utvrđivanje točnih koridora instalacija u objektu i izvan objekta. Pipremne radove je obavezan izvršavati izvođač radova prije nego pristupi izvođenju i za vrijeme izvođenja radova. U pripremne radove uključiti i pregled projektne dokumentacije s pripadajućim troškovnicima, a o svim nejasnoćama ili neusklađenostima pravovremeno izvjestiti investitora i projektanta. Stavka uključuje zaštitu zgrade izvana i iznutra od oštećenja tijekom radova, osiguranje koridora za prolaz korisnika zgrade s pripadajućom zaštitom od šute i prašine, te osiguranje radnog prostora od prilaza neovlaštenih osoba tijekom radova. Sav prostor za vrijeme i nakon rušenja i demontaža, te prilikom izvođenja novih konstrukcija, zaštititi od vremenskih nepogoda (vlaženja, prokišnjavanja, rashlađivanja), te osigurati i zaštititi od ostalih uvjeta koji bi mogli ometati izvođenje radova vezanih za postojeće instalacije (vodovod, odvodnja, grijanje, ventilacija, elektrika, plin i drugo). Sve radove treba izvoditi u skladu s obaveznim higijensko tehničkim mjerama zaštite na radu.
B45: Obračun za izvođenje kompletnih pripremnih radove iz opisa stavke, po paušalnoj procjeni.
C46: komplet | D46: 1 | F46: =ROUND(D46*E46,2) -> 0
A48: 3. | B48: Fasadna skela
B49: Doprema, montaža, demontaža i otprema cijevne fasadne skele, visine 1,0 m iznad gornjeg ruba ravnog krova. Skelu izraditi prema važećim propisima i općim uvjetima. Skela mora biti izvedena prema pravilima struke; u stavku su uključene radne platforme i zaštitne ograde, sva potrebna ukrućenja i sidrenja, penjalice, te uzemljenje. Cijenom je obuhvaćena dobava i postava jutenih ili plastificiranih traka na vanjski dio skele, kao zaštita od pada predmeta, prašenja i sl., sve fiksirano za konstrukciju skele. Prije izvedbe skele izvođač je dužan izraditi projekt skele, što je u cijeni stavke. Sve u skladu sa važećim propisima ZNR. Obračun po m² ortogonalne projekcije skele.
B50: fasadna skela | C50: m² | D50: 3300 | F50: =ROUND(D50*E50,2) -> 0
A52: 4. | B52: Priprema pročelja za izvedbu klasificiranog ETICS sustava
B53: Priprema podloge za izradu ETICS sustava toplinske izolacije pročelja na bazi mineralne vune: - otucanje dijela postojeće žbuke koja se odvojila od podloge, - krpanje pukotina u zidovima i stropovima te po potrebi izravnavanje većih neravnina reparaturnim polimercementnim mortom, - popravak oštećene armature odgovarajućim zaštitnim premazima (zaštita od korozije), - skraćivanje i vađenje čeličnih nosača koji nisu više u upotrebi, - saniranje nastalih oštećenja fasade reparaturnim polimercementnim mortom te - pranje i paropropusnu impregnaciju žbuke pročelja. Podloga na koju će se nanositi ETICS mora biti čista, čvrsta, nosiva, bez ostataka prljavštine, sipkih dijelova i sl. Prije nanošenja toplinske izolacije potrebno je provjeriti prionjivost morta za lijepljenje na postojeću podlogu. Stavka uključuje zaštitu stolarije i drugih elemenata koji se ne uklanjaju te prostora u zgradi PVC folijom od šute i prašine, horizontalni i vertikalni transport šute i materijala po gradilištu, prijenos i odvoz otpadnog materijala i šute na deponij udaljen 20 km. Obračun za kompletan rad, materijal i sve transporte je po m² kompletno obrađene i pripremljene površine pročelja. Otvori se odbijaju u cijeloj površini. | C53: m² | D53: 5100 | F53: =ROUND(D53*E53,2) -> 0
A55: 5. | B55: Priprema špaleta za RAL ugradnju vanjskih vrata i prozora stubišta
B56: Obrada špaleta vanjskih vrata i prozora za RAL ugradnju nakon demontaže postojeće i prije ugradnje nove stolarije: - sanacija pukotina špaleta konstrukcijskim reparaturnim polimercementnim mortom, - krpanje oštećenja na zidovima produžnim mortom, - izravnavanje većih neravnina grubom produžnom žbukom, uz adekvatnu pripremu. Špaletu pripremiti i otprašiti za pravilno ljepljenje traka za RAL ugradnju prema uputama proizvođača. Stavka uključuje horizontalni i vertikalni transport šute i materijala po gradilištu, prijenos i odvoz otpadnog materijala i šute na deponij udaljen 20 km. Obračun po komadu otvora.
B57: ZP1 - prozor 360/96 cm | C57: kom | D57: 11 | F57: =ROUND(D57*E57,2) -> 0
B58: ZP2 - prozor 300/96 cm | C58: kom | D58: 4 | F58: =ROUND(D58*E58,2) -> 0
B59: ZP3 - prozor 275/168 cm | C59: kom | D59: 3 | F59: =ROUND(D59*E59,2) -> 0
B60: ZP4 - prozor 170/168 cm | C60: kom | D60: 3 | F60: =ROUND(D60*E60,2) -> 0
B61: ZP5 - prozor 300/60 cm | C61: kom | D61: 3 | F61: =ROUND(D61*E61,2) -> 0
B62: ZP6 - prozor 100/110 cm | C62: kom | D62: 1 | F62: =ROUND(D62*E62,2) -> 0
B63: ZV1 - ulazna ostakljena stijena 335/250 cm | C63: kom | D63: 2 | F63: =ROUND(D63*E63,2) -> 0
B64: ZV2 - ulazna ostakljena stijena 153,5/260 cm | C64: kom | D64: 3 | F64: =ROUND(D64*E64,2) -> 0
B65: ZV3 - ulazna stijena 271/205 cm s prozorom 271/105 cm | C65: kom | D65: 3 | F65: =ROUND(D65*E65,2) -> 0
B66: ZV4 - ostakljena vrata s nadsvjetlom 135,5/260 cm | C66: kom | D66: 35 | F66: =ROUND(D66*E66,2) -> 0
B67: ZV5 - puna vrata 100/260 cm | C67: kom | D67: 5 | F67: =ROUND(D67*E67,2) -> 0
B68: ZV6 - puna vratašca 100/140 cm | C68: kom | D68: 1 | F68: =ROUND(D68*E68,2) -> 0
F69: =SUM(F57:F68) -> 0
A71: A.I.1 | B71: PRIPREMNI RADOVI I SKELA UKUPNO (ZAJEDNIČKI PROSTORI): | E71: EUR | F71: =SUM(F41+F46+F50+F53+F69) -> 0

Sheet A.I.2
A2: TROŠKOVNIK GRAĐEVINSKO OBRTNIČKIH RADOVA I ELEKTRO INSTALACIJE
A3: A. GRAĐEVINSKI RADOVI / A.I.2. PRIPREMNI RADOVI (STAMBENIH PROSTORIJA)
A4: r.b. | B4: opis stavke | C4: jed. | D4: kol. | E4: jed.cijena | F4: ukupno
A6: A. | B6: GRAĐEVINSKI RADOVI
A9: A.I.2. | B9: PRIPREMNI RADOVI (STANOVI)
A11: 1. | B11: Priprema špaleta za RAL ugradnju prozora i vanjskih vrata
B12: Obrada špaleta vanjskih vrata i prozora za RAL ugradnju nakon demontaže postojeće i prije ugradnje nove stolarije: - sanacija pukotina špaleta konstrukcijskim reparaturnim polimercementnim mortom, - krpanje oštećenja na zidovima produžnim mortom, - izravnavanje većih neravnina grubom produžnom žbukom, uz adekvatnu pripremu. Špaletu pripremiti i otprašiti za pravilno ljepljenje traka za RAL ugradnju prema uputama proizvođača. Stavka uključuje horizontalni i vertikalni transport šute i materijala po gradilištu, prijenos i odvoz otpadnog materijala i šute na deponij udaljen 20 km. Obračun po komadu otvora.
B13: P1 - prozor 360/168 cm | C13: kom | D13: 17 | F13: =ROUND(D13*E13,2) -> 0
B14: P2 - prozor 347,5/168 cm | C14: kom | D14: 7 | F14: =ROUND(D14*E14,2) -> 0
B15: P3 - prozor 287,5/168 cm | C15: kom | D15: 5 | F15: =ROUND(D15*E15,2) -> 0
B16: P3a - prozor 200/168 cm | C16: kom | D16: 1 | F16: =ROUND(D16*E16,2) -> 0
B17: P3b - prozor 275/168 cm | C17: kom | D17: 1 | F17: =ROUND(D17*E17,2) -> 0
B18: P4 - prozor 275/168 cm | C18: kom | D18: 8 | F18: =ROUND(D18*E18,2) -> 0
B19: P5 - prozor 120/168 cm u zidu 33 cm | C19: kom | D19: 5 | F19: =ROUND(D19*E19,2) -> 0
B20: P5 - prozor 120/168 cm | C20: kom | D20: 16 | F20: =ROUND(D20*E20,2) -> 0
B21: P5A - prozor 145/168 cm | C21: kom | D21: 2 | F21: =ROUND(D21*E21,2) -> 0
B22: P6 - prozor 60/168 cm | C22: kom | D22: 8 | F22: =ROUND(D22*E22,2) -> 0
B23: P7 - prozor 60/168 cm | C23: kom | D23: 9 | F23: =ROUND(D23*E23,2) -> 0
B24: P8 - prozor 50/168 cm | C24: kom | D24: 5 | F24: =ROUND(D24*E24,2) -> 0
... B31: V1 - garažna vrata 260/205 cm + prozor 260/105 cm | C31: kom | D31: 2 | F31: =ROUND(D31*E31,2) -> 0
F32: =SUM(F13:F31) -> 0
A34: A.I.2. | B34: PRIPREMNI RADOVI (STANOVI) UKUPNO: | E34: EUR | F34: =SUM(F32) -> 0

Sheet A.II.1
A2: TROŠKOVNIK GRAĐEVINSKO OBRTNIČKIH RADOVA I ELEKTRO INSTALACIJE
A3: A. GRAĐEVINSKI RADOVI / A.II.1. RUŠENJA I DEMONTAŽE
A4: r.b. | B4: opis stavke | C4: jed. | D4: kol. | E4: jed.cijena | F4: ukupno
A7: A.II.1. | B7: RUŠENJA I DEMONTAŽE (ZAJEDNIČKI PROSTORI)
A9: OPĆI UVJETI
A11: Projekt energetske obnove zgrade izrađen je temeljem mogućih izmjera i pretpostavljenih zidnih, stropnih i krovnih slojeva. Dužnost je izvođača da sondiranjem utvrdi stvarni sastav konstrukcija i u slučaju odstupanja sastava upozori nadzornog inženjera i investitora na odstupanje.
A13: Prije početka radova potrebno je konstrukcije u koje ne zadiru radovi zaštititi od mogućeg oštećenja. Sve otvore na pročeljima zgrade treba odmah nakon postave skele zaštititi PVC folijom debljine 0,20 mm kako ne bi došlo do njihovog oštećenja.
A15: Nakon provedenih pripremnih radova, svih potrebnih rasterećenja i potrebnih osiguranja, rušenja na građevini vrše se prema unaprijed utvrđenom redoslijedu dogovorenim s nadzornim inženjerom na način kojim se ne ugrožava stabilnost zgrade, sigurnost radnika i ljudi koji borave u zgradi. Demontaže i rušenja izvode se u pravilu od krova prema podrumu.
A17: Sva rušenja i demontaže konstruktivnih elemenata treba izvršiti pod nadzorom projektanta i statičara. Kod vršenja proboja ili vođenja instalacija u nosivim konstrukcijama zahvat vršiti maksimalno precizno bez narušavanja nosivih svojstava konstrukcije. Prilikom zahvata na nosivim konstrukcijama obavezno je podupiranje. Sva rušenja, probijanja, bušenja i dubljenja treba u pravilu izvoditi ručnim alatom bez upotrebe vibracionih uređaja, s osobitom pažnjom.
A19: Demontažu i ponovnu montažu gromobrana, uz atestiranje, izvođač treba izvoditi prema Tehničkom propisu za sustave zaštite od djelovanja munje na građevinama (NN 87/08, 33/10).
A21: U cijenu radova trebaju biti uključene sve podupore, skele i privremene (zamjenske) konstrukcije, koje osiguravaju stabilnost u toku radova, svi horizontalni i vertikalni prijenosi materijala od rušenja i demontaže, i odvoz na gradsku planirku. U cijenu radova je uključeno i sigurno zbrinjavanje opasnih materijala (azbest, freoni). Ukoliko se uklanjaju elementi koji sadrže azbest to se mora učiniti u skladu s Pravilnikom o načinu i postupcima i gospodarenjem otpadom koji sadrži azbest (NN 42/07).
A23: Demontaža i privremeno deponiranje pločica sa kućnim brojem, natpisnih ploča, vanjskih jedinica rashladnih uređaja, gromobrana, strujnih ormarića i sl. uključuje njihovu sigurnu pohranu na gradilištu ili kod vlasnika. Izvođač snosi sve troškove ponovne dobave ili izrade pojedinih elemenata u slučaju oštećenja ili otuđenja sa gradilišta. Demontažu postojećih limenih elemenata, uključujući i prozorske klupčice na pročelju obavezno izvodi limar koji je dužan uzeti mjere i uzorke te snimiti detalje izvedbe, što je uključeno u cijenu stavke. Demontažu i ponovnu montažu postojećih vanjskih jedinica rashladnih uređaja na pročelju izvodi ovlašteni instalater. Demontažu i ponovnu montažu postojećeg gromobrana, strujnih ormarića i sl. na pročelju izvodi ovlaštena osoba.
A25: U slučaju nastalih šteta, radi nepravodobno zaštićene lokacije na kojoj se vrše rušenja i demontaže, sve troškove nastalih šteta snosi izvođač. Izvođač je dužan striktno se držati mjera zaštite na radu.
A27: 1. | B27: Demontaža i ponovna montaža montažnih elemenata na pročelju i krovu
B28: Demontaža, privremeno uklanjanje i ponovna montaža postojećih TV antena, kablova i pripadajućih kanalica, rasvjetnih tijela, razvodnih ormarića, i sl. sa svih pročelja, stropa prizemlja, lođa i krova. Sve demontirane elemente potrebno je sigurno pohraniti na gradilištu. Nakon radova rušenja i demontaže kablove je potrebno ugraditi podžbukno u nove kanalice, a nakon izvedbe pročelja upotrebljive demontirane elemente potrebno je ponovno montirati, a neupotrebljive elemente odvesti na deponij udaljen 20 km. Otpajanje i ponovno spajanje svih vodova, uzemljenja i sl. vrši ovlaštena stručna osoba. Obračun po komadu.
B29: ploče sa oznakama objekta, kućni broj | C29: kom | D29: 3 | F29: =ROUND(D29*E29,2) -> 0
B30: rukohvat | C30: m' | D30: 4.5 | F30: =ROUND(D30*E30,2) -> 0
B31: antene | C31: kom | D31: 7 | F31: =ROUND(D31*E31,2) -> 0
B32: kablovi i kanalice | C32: m1 | D32: 100 | F32: =ROUND(D32*E32,2) -> 0
B33: portafon, vatrodojava | C33: kom | D33: 5 | F33: =ROUND(D33*E33,2) -> 0
B34: rasvjetni elementi, prekidači, svjetleće reklame | C34: kom | D34: 30 | F34: =ROUND(D34*E34,2) -> 0
B35: tende, sjenila, nosači, hidrantski ormarići | C35: kom | D35: 15 | F35: =ROUND(D35*E35,2) -> 0
A38: 2. | B38: Demontaža i zbrinjavanje postojećih slojeva ravnog krova
B39: Skidanje zaštitnog sloja šljunka debljine u sloju debljine cca 2 cm, te hidroizolacije ravnog krova od bitumenske hitroizolacijske trake ili polimerne izolacijske trake. Hidroizolaciju skidati mahaničkim, termičkim ili kemijskim postupcima, bez oštećivanja zdrave betonske podloge. Stavkom je ubuhvaćeno i skidanje opšavnih limova, te vertikalno uzdignutih rubova izolacije na obodne zidove i konstrukcije. Stavka uključuje demontažu vodolovnih grla i rešetki, te odzračnih cijevi kanalizacije, te sve potrebne radove za kvalitetnu postavu novih slojeva ravnog krova. | C39: m² | D39: 750 | F39: =ROUND(D39*E39,2) -> 0
A41: 3. | B41: Demontaža i zbrinjavanje limenih opšava
B42: Demontaža limenih opšava dimnjaka, ventilacijskih kanala, nosača antena, prozorskih klupčica i ostalih sudarnih i opšavnih limova te opšava krova prosječne razvijene širine 66 cm. Obračun po m' opšava. | C42: m' | D42: 750 | F42: =ROUND(D42*E42,2) -> 0
A44: 4. | B44: Demontaža i ponovna montaža gromobrana
B45: Demontaža i ponovna montaža gromobranske instalacije na krovu sa zamjenom oštećenih i dotrajalih djelova s plastičnim stopama. | C45: m' | D45: 450 | F45: =ROUND(D45*E45,2) -> 0
A47: 5. | B47: Demontaža vrata i prozora zajedničkih prostora
B48: Demontaža postojećih ulaznih vrata, vrata toplinskih podstanica i prozora stubišta i zajedničkih prostorija. Dimenzije su izražene u zidarskim (građevinskim mjerama). Obračun po komadu stolarske stavke.
B49: ZP1 - prozor 360/96 cm | C49: kom | D49: 11 | F49: =ROUND(D49*E49,2) -> 0
B50: ZP2 - prozor 300/96 cm | C50: kom | D50: 4 | F50: =ROUND(D50*E50,2) -> 0
B51: ZP3 - prozor 275/168 cm | C51: kom | D51: 3 | F51: =ROUND(D51*E51,2) -> 0
B52: ZP4 - prozor 170/168 cm | C52: kom | D52: 3 | F52: =ROUND(D52*E52,2) -> 0
B53: ZP5 - prozor 300/60 cm | C53: kom | D53: 3 | F53: =ROUND(D53*E53,2) -> 0
B54: ZP6 - prozor 100/110 cm | C54: kom | D54: 1 | F54: =ROUND(D54*E54,2) -> 0
B55: ZV1 - ulazna ostakljena stijena 335/250 cm | C55: kom | D55: 2 | F55: =ROUND(D55*E55,2) -> 0
B56: ZV2 - ulazna ostakljena stijena 153,5/260 cm | C56: kom | D56: 3 | F56: =ROUND(D56*E56,2) -> 0
B57: ZV3 - ulazna stijena 271/205 cm s prozorom 271/105 cm | C57: kom | D57: 3 | F57: =ROUND(D57*E57,2) -> 0
B58: ZV4 - ostakljena vrata s nadsvjetlom 135,5/260 cm | C58: kom | D58: 35 | F58: =ROUND(D58*E58,2) -> 0
B59: ZV5 - puna vrata 100/260 cm | C59: kom | D59: 5 | F59: =ROUND(D59*E59,2) -> 0
B60: ZV6 - puna vratašca 100/140 cm | C60: kom | D60: 1 | F60: =ROUND(D60*E60,2) -> 0
A63: 6. | B63: Demontaža i zbrinjavanje postojećih žlijebova i oborinskih vertikala zbog izvedbe novih slojeva ETICS fasade i ravnog krova
B64: Demontaža i zbrinjavanje postojećih žlijebova i oborinskih vertikala sa svom pripadnom opremom, spojnim i pričvrsnim sredstvima te podložnim slojem. Demontažu postojećih limenih elemenata, obavezno izvodi limar koji je dužan uzeti mjere i uzorke te snimiti detalje izvedbe u skladu s glavnim projektom, što je uključeno u cijenu stavke. Obračun svih limenih elemenata vrši se po m¹.
B65: žlijebovi | C65: m¹ | D65: 15 | F65: =ROUND(D65*E65,2) -> 0
B66: oborinske vertikale | C66: m¹ | D66: 45 | F66: =ROUND(D66*E66,2) -> 0
A69: 7. | B69: Demontaža i ponovna montaža split rashladnih uređaja
B70: Demontaža i ponovna montaža split rashladnih uređaja na pročelju zgrade. Stavkom je obuhvaćeno sigurno prikupljanje radne tvari, demontaža ovjesnih elemenata i izvedba nove instalacije te postavljanje vanjske jedinice na mjesto definirano rješenjem pročelja. Montažu vanjske jedinice izvršiti ovjesnim elementima s prekinutim toplinskim mostom. Izvesti fleksibilnu cijev za odvod kondenzata po cijeloj visini zgrade unutar fasade s priključcima za svaki stan s vanjske strane svake od loggia te u usjecima u blizini zajedničkih loggia. Demontažu, punjenje sistema odgovarajućom rashladnom tvari i ponovnu montažu vrši ovlaštena osoba. Izmještanje i ponovna montaža izvršit će se u skladu s postojećom regulativom i shemom pozicija koju odobri projektant prije nove montaže, na način da se, tamo gdje uvjeti to dopuštaju, vanjske jedinice grupiraju na pročelju (udaljenost od unutarnje jedinice <15m¹).
B71: pročelja i balkoni: split uređaji | C71: kom | D71: 40 | F71: =ROUND(D71*E71,2) -> 0
B72: cijev za odvodnju kondenzata | C72: m¹ | D72: 200 | F72: =ROUND(D72*E72,2) -> 0
A75: 8. | B75: Ispitivanje instalacija
B76: Ispitivanje gromobranskih instalacija, električnih instalacija, instalacija 'SPLIT' sustava i drugih instalacija nakon izvedbe nove fasade i novog krova i ponovne montaže istih, zajedno sa izdavanjem uvjerenja o sigurnom funkcioniranju kod upotrebe.
C77: komplet | D77: 1 | F77: =ROUND(D77*E77,2) -> 0
A81: A.II.1. | B81: RUŠENJA I DEMONTAŽE UKUPNO (ZAJEDNIČKI PROSTORI): | E81: EUR | F81: =SUM(F29:F78) -> 0

Sheet A.II.2
A2: TROŠKOVNIK GRAĐEVINSKO OBRTNIČKIH RADOVA I ELEKTRO INSTALACIJE
A3: A. GRAĐEVINSKI RADOVI / A.II.2. RUŠENJA I DEMONTAŽE (STAMBENIH PROSTORIJA)
A4: r.b. | B4: opis stavke | C4: jed. | D4: kol. | E4: jed.cijena | F4: ukupno
A7: A.II.2. | B7: RUŠENJA I DEMONTAŽE (STANOVI)
A10: 1. | B10: Demontaža i zbrinjavanje postojećih prozora grijanih prostorija
B11: Demontaža postojećih prozora i vrata s pripadajućim okvirima, uključujući i prozorske klupčice i pragove. Dimenzije su izražene u zidarskim (građevinskim mjerama). Uključen sav transport i zbrinjavanje otpada na deponiju udaljenom 20 km. Obračun po komadu stolarske stavke.
B12: P1 - prozor 360/168 cm | C12: kom | D12: 17 | F12: =ROUND(D12*E12,2) -> 0
B13: P2 - prozor 347,5/168 cm | C13: kom | D13: 7 | F13: =ROUND(D13*E13,2) -> 0
B14: P3 - prozor 287,5/168 cm | C14: kom | D14: 5 | F14: =ROUND(D14*E14,2) -> 0
B15: P3a - prozor 200/168 cm | C15: kom | D15: 1 | F15: =ROUND(D15*E15,2) -> 0
B16: P3b - prozor 275/168 cm | C16: kom | D16: 1 | F16: =ROUND(D16*E16,2) -> 0
B17: P4 - prozor 275/168 cm | C17: kom | D17: 8 | F17: =ROUND(D17*E17,2) -> 0
B18: P5 - prozor 120/168 cm u zidu 33 cm | C18: kom | D18: 5 | F18: =ROUND(D18*E18,2) -> 0
B19: P5 - prozor 120/168 cm | C19: kom | D19: 16 | F19: =ROUND(D19*E19,2) -> 0
B20: P5A - prozor 140/168 cm | C20: kom | D20: 2 | F20: =ROUND(D20*E20,2) -> 0
B21: P6 - prozor 60/168 cm | C21: kom | D21: 8 | F21: =ROUND(D21*E21,2) -> 0
B22: P7 - prozor 60/168 cm | C22: kom | D22: 9 | F22: =ROUND(D22*E22,2) -> 0
B23: P8 - prozor 50/168 cm | C23: kom | D23: 5 | F23: =ROUND(D23*E23,2) -> 0
... B30: V1 - garažna vrata 260/205 cm + prozor 260/105 cm | C30: kom | D30: 2 | F30: =ROUND(D30*E30,2) -> 0
F31: =SUM(F12:F30) -> 0
A33: A.II.2. | B33: RUŠENJA I DEMONTAŽE UKUPNO (STANOVI): | E33: EUR | F33: =SUM(F31) -> 0

Sheet A. III. zemlj.
A2: TROŠKOVNIK GRAĐEVINSKO OBRTNIČKIH RADOVA I ELEKTRO INSTALACIJE
A3: A. GRAĐEVINSKI RADOVI / A.III. ZEMLJANI RADOVI
A4: r.b. | B4: opis stavke | C4: jed. | D4: kol. | E4: jed.cijena | F4: ukupno
A7: A.III. | B7: ZEMLJANI RADOVI
A9: OPĆI UVJETI
A11: Prije početka radova potrebno je provjeriti da li trase postojećih instalacijskih vodova na gradilištu i u blizini kolidiraju s iskopom ili radnim prostorom potrebne mehanizacije. Prije početka zemljanih radova, teren treba očistiti od šiblja i korova. Ovi radovi kao i radovi oko razmjeravanja terena i obilježavanja zgrade uračunati su u jedinične cijene.
A13: Dužnost je izvođača da utvrdi pravi sastav tla. Ukoliko izvođač prilikom iskopa zemlje naiđe na bilo kakve predmete, objekte ili instalacije, dužan je na tom mjestu obustaviti radove i o tome obavijestiti projektanta i nadzornog inženjera.
A15: Iskopani materijal treba odlagati na dovoljnom odstojanju od ruba iskopa da ne dođe do urušavanja. Podupiranja, razupiranja i zaštita iskopa od oborinskih voda prekrivanjem PVC folijama i izvedbom površinske odvodnje kanalima i muljnim crpkama, obuhvaćena su jediničnim cijenama. Potrebna građa za podupiranje mora biti pripremljena na gradilištu prije početka iskopa. Ako se iskopane jame oštete, odrone ili zatrpaju nepažnjom ili uslijed nedovoljnog podupiranja, izvođač ih dovodi u ispravno stanje bez posebne naknade. Ukoliko je izvođač otkopao tlo ispod projektom predviđene temeljne ravnine obavezan je bez naknade popuniti tako nastale šupljine betonom C 8/10, do projektirane kote. Zabranjeno je popunjavanje prekopa nasipom šljunka.
A17: Količine iskopa, transporta i nasipa zemlje obračunavaju se prema sraslom stanju tla. Iskopani materijal upotrijebiti za nasipavanje i zatrpavanje. Isti treba prevesti na gradilišni deponij, uskladištiti te poslije upotrijebiti. Višak iskopanog materijala odvesti na gradski deponij udaljen 20 km.
A19: Jedinična cijena uključuje sav rad za iskop (ručni ili strojni), potrebne razupore, podupore (osiguranje od urušavanja), sva potrebna planiranja (do točnosti ±3 cm), niveliranje i nabijanja površina, crpljenje površinske i/ili procjedne vode, rasprostiranje i oblikovanje tla (ručno ili specijalnim strojevima), utovar u kamion, prijevoz na gradilišni deponij udaljen 20 km i istovar zemlje ukoliko je to potrebno.
A21: 1. | B21: Iskop zemlje uz rub vanjskih zidova u kontaktu s terenom
B22: NAPOMENA: Sve mjere izvedbe, kao i postojeću dubinu temeljenja provjeriti na licu mjesta prije planiranja i organizacije radova. Postojeća dubina temeljenja je pretpostavljena (na osnovu arhivskih nacrta) i može odstupati od ovdje navedene.
B23: Ručni iskop dubine cca 20 cm. Iskop zemlje širine 30-70 cm uz rub vanjskog zida pročelja vrši se sa pokosom 1:2. Izvesti pažljivo kako se ne bi oštetili dijelovi postojeće konstrukcije. Izložene dijelove konstrukcije očistiti od zemlje i raslinja.
C24: m3 | D24: 50 | F24: =ROUND(D24*E24,2) -> 0
A25: 2. | B25: Nasipavanje materijala iz iskopa oko zgrade i fino poravnanje
B26: Obračun po m³ materijala u sraslom stanju.
C27: m3 | D27: 50 | F27: =ROUND(D27*E27,2) -> 0
A29: A.III. | B29: ZEMLJANI RADOVI UKUPNO: | E29: EUR | F29: =SUM(F23:F28) -> 0

Sheet A.IV.1.zid
A2: TROŠKOVNIK GRAĐEVINSKO OBRTNIČKIH RADOVA I ELEKTRO INSTALACIJE
A3: A. GRAĐEVINSKI RADOVI / A.IV.1. ZIDARSKI RADOVI (ZAJEDNIČKIH PROSTORIJA)
A4: r.b. | B4: opis stavke | C4: jed. | D4: kol. | E4: jed.cijena | F4: ukupno
A7: A.IV.1 | B7: ZIDARSKI RADOVI (ZAJEDNIČKI PROSTORI)
A9: OPĆI UVJETI
A11: Opći uvjeti su sastavni dio svake pojedine stavke. Sve što je navedeno u njima, a nije u pojedinačnom opisu stavke smatra se uključenim u jediničnu cijenu.
A13: Sve radove izvođač mora izvoditi prema troškovniku i glavnom projektu, solidno i stručno, prema pravilima dobrog zanata, Pravilniku o ocjenjivanju sukladnosti, ispravama o sukladnosti i označavanju građevinskih proizvoda (NN 103/08, 147/09, 87/10, 129/11), Pravilniku o tehničkim mjerama i uvjetima za završne radove u zgradarstvu (Sl.list br. 21/90), Tehničkim propisom za građevinske konstrukcije (NN 17/17 - uz prikladne norme HRN EN 1990 ili jednakovrijedno __________________,HRN EN 1991 ili jednakovrijedno __________________, HRN EN 1996 ili jednakovrijedno __________________, HRN EN 1997 ili jednakovrijedno __________________ i HRN EN 1998 ili jednakovrijedno __________________), Tehničkim propisom o racionalnoj uporabi energije i toplinskoj zaštiti u zgradama („Narodne novine“ broj 128/15, 70/18., 73/18.) sa pripadajućim normama, Tehničkim propisom o građevnim proizvodima (NN 35/18), te svim ostalim hrvatskim i europskim tehničkim propisima i normama i priznatim tehničkim pravilima, ili jednakovrijedno __________________, a osobito :
A14: EN 1015-7 ili jednakovrijedno __________________, zapreminska masa i poroznost svježeg morta EN 1015-3 ili jednakovrijedno __________________, konzistencija svježeg morta EN 1015-11 ili jednakovrijedno __________________, tlačna i savojna vlačna čvrstoća morta EN 771-1 ili jednakovrijedno __________________, EN 772-1 ili jednakovrijedno __________________, EN 7723 ili jednakovrijedno __________________, EN 772-13 ili jednakovrijedno __________________, EN 772-16 ili jednakovrijedno __________________, HRN EN 14063-1:2008 ili jednakovrijedno __________________, tlačna čvrstoća opeke, na mjestu primjene oblikovani proizvodi od lakoagregatne eksp. gline
A15: HRN B.C1.030 ili jednakovrijedno __________________, B.C8.030 ili jednakovrijedno __________________, građevinski gips HRN B.C1.020 ili jednakovrijedno __________________, B.C8.030 ili jednakovrijedno __________________, građevinsko vapno HRN B.C8.015,022 – 026 ili jednakovrijedno __________________, cement HRN B.C8.011 ili jednakovrijedno __________________, portland cement HRN B.C8.030 ili jednakovrijedno __________________, pijesak HRN U.M2.010 ili jednakovrijedno __________________, U.M2.012 ili jednakovrijedno __________________, mortovi HRN U.F2.010 ili jednakovrijedno __________________, tehnički normativi za izvođenje fasaderskih radova
A16: HRN EN 1008 ili jednakovrijedno __________________, HRN EN 13139;2003+AC;2006 ili jednakovrijedno __________________, voda i pijesak HRN EN 197-1:2012 ili jednakovrijedno __________________, cement HRN EN 459-1:2015 ili jednakovrijedno __________________, vapno
A18: Svi upotrebljeni materijali za izvedbu zidarskih radova moraju odgovarati navedenim propisima i normama. Izvođač mora prije izvedbe izvršiti pregled podloge te prodora u zidu prema nacrtu u prisutnosti nadzornog inženjera te upisati napomenu u građevinski dnevnik. Navedene radnje uključene su u jediničnu cijenu.
A20: Izvođač je dužan osigurati i zaštititi sve dijelove građevine na kojima se izvode radovi, radi sprečavanja oštećenja tijekom izvedbe. Sva oštećenja na dijelovima na kojima se ne izvode radovi ili koja su nastala nepažnjom izvođača isti je dužan otkloniti o vlastitom trošku.
A22: Sav rad i transport vrši se isključivo sa vanjske strane građevine, tj. preko skele. Zidarsko-fasaderski radovi se izvode na dobro očišćenoj i otprašenoj površini zida te ih treba izvoditi samo u povoljnim vremenskim uvjetima, uz odgovarajuće osiguranje i zaštitu svježe ožbukanih površina od štetnog utjecaja djelovanja sunca i oborina. Sve detalje izvedbe na pročelju potrebno je dogovoriti i na njih ishoditi suglasnost nadzornog inženjera, a prije pristupanja izvedbi radova. Obračun svih radova vršiti kako je to naznačeno u opisu stavke.
A24: Prilikom izvođenja zidova zgrada izvođač se mora pridržavati slijedećih mjera: - zidanje se mora izvoditi sa pravilnim zidarskim vezovima, a preklop mora iznositi najmanje jednu četvrtinu dužine zidnog elementa, - debljina ležajnica ne smije biti veća od 15 mm, a širina sudarnica ne smije biti manja od 10 mm niti veća od 15 mm, - ako se zida za vrijeme zime treba zidove zaštiti od mraza, - zidovi čije izvođenje nije završeno prije nastupanja zimskih mrazova moraju se zaštiti na odgovarajući način, - svako naknadno bušenje ili izrada užljebina u zidovima zgrade koje nije bilo predviđeno projektom, može se izvoditi samo ako je prethodnim statičkim proračunom utvrđeno da nosivost zida poslije tog bušenja odnosno izrade žlijeba nije manja od propisane nosivosti. - poprečni i uzdužni zidovi moraju na spoju biti međusobno povezani zidarskim vezom, tj. za pregradne zidove treba ispustiti zupce u masivnom zidu na svaki drugi red za ½ opeke. - zidove uz vertikalni serklaž također zupčasto izvesti. - vanjske fuge ostaviti prazne od 1,5 do 2 cm za vezu žbuke prigodom žbukanja zidova. - za vrijeme zidanja opeku kvasiti vodom, a pri zidanju cementnim mortom opeka mora ležati u vodi neposredno prije zidanja - reške dimnjaka i ventilacionih kanala zagladiti. - prilikom zidanja pravovremeno ostaviti otvore prema zidarskim mjerama, voditi računa o uzidavanju pojedinih građevinskih elemenata, o ostavljanju žljebova za kanalizaciju, za centralno grijanje ako su ucrtani (ne plaća se posebno, ulazi u jediničnu cijenu)
A26: Posebno se ne naplaćuje ni zatvaranje (žbukanje šliceva, žljebova i sl.) iza položene instalacije. Zazidavanje (zatvaranje) žljebova u zidovima ostavljenih za instalacije kanalizacije i grijanja nakon izvođenja tih instalacija, opekom, rabicom ili na drugi način, ne plaća se posebno, ukoliko troškovnikom nije posebno propisano. Obračun nosivih zidova, stupova i dimnjaka je zapreminski (m3), pregradnih zidova i žbuka površinski (m2).
A28: Žbukati tek kada se zidovi osuše i slegne zgrada. Ne smije se žbukati kad postoji opasnost od smrzavanja ili ekstremno visokih temperatura 30° ili više. Zidovi moraju biti prije žbukanja čisti, a fuge udubljene, da se žbuka može dobro primiti.
... A38: Jedinična cijena uključuje sve pripremne i završne radove, posredne i neposredne troškove za rad, materijal, alat, otežani rad na izvedbi, potrebni horizontalni i vertikalni transport, čišćenje tokom rada, odvoz i zbrinjavanje smeća na deponiju udaljenom 20 km, završno čišćenje prije primopredaje radova, nadoknadu eventualne štete nastale iz nepažnje na svojim ili tuđim radovima, usklađenje organizacije rada s operativnim planom, primjenu svih mjera zaštite na radu.
A40: 1. | B40: Popravci žbuke nakon ugradnje nove stolarije
B41: Stavka obuhvaća sve popravke oštećene unutarnje žbuke zidova, stropova i špaleta oko otvora koji su oštećeni prilikom izvođenja radova rušenja i demontaže fasadnih stavki, instalacija i sl, nakon ugradnje novih stolarskih stavki. Postojeću podlogu potrebno je prethodno impregnirati i obraditi reparaturnim mortom.
B42: Sve kuteve i bridove učvrstiti kutnim profilima. Sve betonske površine prethodno premazati sredstvom za povećanje prionjivosti. Sve spojeve različitih materijala potrebno je rabicirati. Kod popravaka postojeće žbuke, za zapunjavanje otvora, reški i šliceva upotrijebiti prikladan materijal (polistiren, gips ploče, opeka, porobeton ili sl.) što je uključeno u stavku.
B43: Stavkom je obuhvaćeno žbukanje površina od opeke, porobetona i od armiranog betona. Žbukanje se vrši grubom produžnom podložnom žbukom i finom žbukom. Žbuka mora biti potpuno ravna, ukupna debljina žbuke mora biti u istoj ravnini sa postojećom žbukom, a završni sloj fino zaglađen.
B44: ZP1 - prozor 360/96 cm | C44: kom | D44: 11 | F44: =ROUND(D44*E44,2) -> 0
B45: ZP2 - prozor 300/96 cm | C45: kom | D45: 4 | F45: =ROUND(D45*E45,2) -> 0
B46: ZP3 - prozor 275/168 cm | C46: kom | D46: 3 | F46: =ROUND(D46*E46,2) -> 0
B47: ZP4 - prozor 170/168 cm | C47: kom | D47: 3 | F47: =ROUND(D47*E47,2) -> 0
B48: ZP5 - prozor 300/60 cm | C48: kom | D48: 3 | F48: =ROUND(D48*E48,2) -> 0
B49: ZP6 - prozor 100/110 cm | C49: kom | D49: 1 | F49: =ROUND(D49*E49,2) -> 0
B50: ZV1 - ulazna ostakljena stijena 335/250 cm | C50: kom | D50: 2 | F50: =ROUND(D50*E50,2) -> 0
B51: ZV2 - ulazna ostakljena stijena 153,5/260 cm | C51: kom | D51: 3 | F51: =ROUND(D51*E51,2) -> 0
B52: ZV3 - ulazna stijena 271/205 cm s prozorom 271/105 cm | C52: kom | D52: 3 | F52: =ROUND(D52*E52,2) -> 0
B53: ZV4 - ostakljena vrata s nadsvjetlom 135,5/260 cm | C53: kom | D53: 35 | F53: =ROUND(D53*E53,2) -> 0
B54: ZV5 - puna vrata 100/260 cm | C54: kom | D54: 5 | F54: =ROUND(D54*E54,2) -> 0
B55: ZV6 - puna vratašca 100/140 cm | C55: kom | D55: 1 | F55: =ROUND(D55*E55,2) -> 0
F56: =SUM(F44:F55) -> 0
A58: 2. | B58: Razna zidarska pripomoć, krpanja i popravci žbuke i prodora prilikom izvođenja radova. Obračun po m2 obrađene plohe. | C58: m² | D58: =250 -> 250 | F58: =ROUND(D58*E58,2) -> 0
A60: 3. | B60: Zidanje nadvišenja nadozida ravnog krova stubišta
B61: Zidanje nadvišenja nadozida od porobetonskih blokova (ρ 400 kg/m³) debljine 16 cm, visine 25 cm. Porobetonski zid izvesti od bloka, marke 2,50/0,40 kvalitete proizvoda I. razreda zidnih elemenata s tankoslojnim mortom minimalne marke M10 kvalitete morta tipa B. Prvi red blokova potrebno je postaviti na sloj cementnog morta 1:2 debljine 2-5 cm ovisno o točnosti izvedene podloge, idealno ravan u oba smjera . Sve ostale horizontalne i vertikalne sljubnice (fuge) potrebno je ispuniti po cijeloj površini tankoslojnim mortom max. debljine 3 mm. Prilikom zidanja nije dozvoljeno preklapanje vertikalnih sljubnica. Min. razmak između vertikalnih sljubnica dva susjedna reda smije biti 10 cm. Prilikom ugradnje, prethodno pripremiti podlogu. U cijeni sav rad i materijal po uputi proizvođača do potpune gotovosti.
B62: d = 16 cm | C62: m² | D62: 27.5 | F62: =ROUND(D62*E62,2) -> 0
A64: A.IV.1. | B64: ZIDARSKI RADOVI UKUPNO (ZAJEDNIČKI PROSTORI): | E64: EUR | F64: =SUM(F56+F58+F62) -> 0

Sheet A.IV.2.zid
A2: TROŠKOVNIK GRAĐEVINSKO OBRTNIČKIH RADOVA I ELEKTRO INSTALACIJE
A3: A. GRAĐEVINSKI RADOVI / A.IV.2. ZIDARSKI RADOVI (STAMBENIH PROSTORIJA)
A4: r.b. | B4: opis stavke | C4: jed. | D4: kol. | E4: jed.cijena | F4: ukupno
A7: A.IV.2. | B7: ZIDARSKI RADOVI (STANOVI)
A10: 1.
B11: Stavka obuhvaća sve popravke oštećene unutarnje žbuke zidova, stropova i špaleta oko otvora koji su oštećeni prilikom izvođenja radova rušenja i demontaže fasadnih stavki, instalacija i sl, nakon ugradnje novih stolarskih stavki. Postojeću podlogu potrebno je prethodno impregnirati i obraditi reparaturnim mortom.
B12: Sve kuteve i bridove učvrstiti kutnim profilima. Sve betonske površine prethodno premazati sredstvom za povećanje prionjivosti. Sve spojeve različitih materijala potrebno je rabicirati. Kod popravaka postojeće žbuke, za zapunjavanje otvora, reški i šliceva upotrijebiti prikladan materijal (polistiren, gips ploče, opeka, porobeton ili sl.) što je uključeno u stavku.
B13: Stavkom je obuhvaćeno žbukanje površina od opeke i od armiranog betona. Žbukanje se vrši grubom produžnom podložnom žbukom i finom žbukom. Žbuka mora biti potpuno ravna, ukupna debljina žbuke mora biti u istoj ravnini sa postojećom žbukom, a završni sloj fino zaglađen.
B14: P1 - prozor 360/168 cm | C14: kom | D14: 17 | F14: =ROUND(D14*E14,2) -> 0
B15: P2 - prozor 347,5/168 cm | C15: kom | D15: 7 | F15: =ROUND(D15*E15,2) -> 0
B16: P3 - prozor 287,5/168 cm | C16: kom | D16: 5 | F16: =ROUND(D16*E16,2) -> 0
B17: P3a - prozor 200/168 cm | C17: kom | D17: 1 | F17: =ROUND(D17*E17,2) -> 0
B18: P3b - prozor 275/168 cm | C18: kom | D18: 1 | F18: =ROUND(D18*E18,2) -> 0
B19: P4 - prozor 275/168 cm | C19: kom | D19: 8 | F19: =ROUND(D19*E19,2) -> 0
B20: P5 - prozor 120/168 cm u zidu 33 cm | C20: kom | D20: 5 | F20: =ROUND(D20*E20,2) -> 0
B21: P5 - prozor 120/168 cm | C21: kom | D21: 16 | F21: =ROUND(D21*E21,2) -> 0
B22: P5A - prozor 140/168 cm | C22: kom | D22: 2 | F22: =ROUND(D22*E22,2) -> 0
B23: P6 - prozor 60/168 cm | C23: kom | D23: 8 | F23: =ROUND(D23*E23,2) -> 0
B24: P7 - prozor 60/168 cm | C24: kom | D24: 9 | F24: =ROUND(D24*E24,2) -> 0
B25: P8 - prozor 50/168 cm | C25: kom | D25: 5 | F25: =ROUND(D25*E25,2) -> 0
... B32: V1 - garažna vrata 260/205 cm + prozor 260/105 cm | C32: kom | D32: 2 | F32: =ROUND(D32*E32,2) -> 0
A34: 2. | B34: Razna zidarska pripomoć, krpanja i popravci žbuke i prodora prilikom izvođenja radova. Obračun po m2 obrađene plohe. | C34: m2 | D34: 50 | F34: =ROUND(D34*E34,2) -> 0
A37: A.IV.2. | B37: ZIDARSKI RADOVI UKUPNO (STANOVI): | E37: EUR | F37: =SUM(F14:F34) -> 0

Sheet A.V.izo
A2: TROŠKOVNIK GRAĐEVINSKO OBRTNIČKIH RADOVA I ELEKTRO INSTALACIJE
A3: A. GRAĐEVINSKI RADOVI / A.V. IZOLATERSKI RADOVI
A4: r.b. | B4: opis stavke | C4: jed. | D4: kol. | E4: jed.cijena | F4: ukupno
A7: A.V. | B7: IZOLATERSKI RADOVI
A9: OPĆI UVJETI
A11: Sve radove izvođač mora izvoditi prema projektu, pravilima dobrog zanata, Pravilniku o ocjenjivanju sukladnosti, ispravama o sukladnosti i označavanju građevinskih proizvoda (NN 103/08, 147/09, 87/10, 129/11), Pravilniku o tehničkim mjerama i uvjetima za završne radove u zgradarstvu (Sl.list br. 21/90), Tehničkim propisom o racionalnoj uporabi energije i toplinskoj zaštiti u zgradama(„Narodne novine“ broj 128/15, 70/18, 73/18, 86/18.) sa pripadajućim normama, Tehničkim propisom o građevnim proizvodima (NN 35/18), Tehničkim uvjetima za projektiranje i građenje zgrada - Akustika u građevinarstvu (HRN U.J6.201/89 ili jednakovrijedno __________________), te svim ostalim tehničkim propisima, priznatim tehničkim pravilima i HR normama, ili jednakovrijedno __________________.
A13: Izvođač radova mora za sve materijale koje će upotrijebiti za izvedbu izolacije pribaviti odgovarajuće dokaze o sukladnosti. Hidroizolaciju, toplinsku ili zvučnu izolaciju treba izvoditi prema specifikaciji radova i tehničkim uvjetima izvođenja.
A15: Površine na koje se polaže izolacija trebaju biti ravne i očišćene od prašine ili drugih nečistoća. Toplinsku i zvučnu izolaciju potrebno je izvesti kontinuirano bez reški kako bi se spriječili toplinski ili zvučni mostovi.
A17: Nakon izvedbe svakog sloja izolacije nadzorni organ treba izvršiti pregled, a tek nakon pozitivnog mišljenja i upisa u građevinski dnevnik može se nastaviti sa radom.
A19: Skladištenje materijala na gradilištu mora biti stručno kako bi se isključila bilo kakva mogućnost propadanja. Nepravilno i nekvalitetno izvedene radove izvođač mora na svoj trošak ukloniti i izvesti pravilno.
A21: Izvođač je dužan sve izvoditi prema uputama proizvođača, isporučitelja materijala te ovjerenih detalja. Izvođač će pristupiti izvedbi tek nakon što projektant potpisom potvrdi tehnološku razradu svih detalja. Izrada rješenja neće se posebno naplatiti već predstavlja trošak i obavezu izvođača.
A24: HIDROIZOLACIJA Sve hidroizolaterske radove treba izvesti solidno i stručno držeći se projektne dokumentacije, propisa, opisa iz troškovnika, uputa proizvođača i pravila dobrog zanata. Prije početka radova izvođač mora ustanoviti kvalitetu podloge na kojoj se izvodi izolacija i ako nije pogodna za rad mora o tome izvijestiti naručitelja radova kako bi se podloga na vrijeme popravila i pripremila za izvođenje izolacije.
A26: Sav materijal za izolaciju treba odgovarati propisima i normativima. Izolacijsku ljepenku i ostale vrste izolacijskih traka i ploča treba rezati ravno i pravokutno. Zaderani i krpani komadi ne smiju se ugrađivati. Svi preklopi moraju biti najmanje 10 cm široki i lijepljeni varenjem. Kod polaganja dvaju ili više slojeva izolacijskih traka ili ploča preklopi ne smiju ležati jedan na drugom, već moraju biti pomaknuti.
A28: Kod hidroizolacije zidova ljepenka treba na svaku stranu zida imati prihvat širine od 10 cm, koji treba spojiti s horizontalnom izolacijom podova. Površine na koje se polaže izolacija, trebaju biti posve ravne, suhe, očišćene od prašine i nečistoće i dovoljno glatke kako bi izolacija dobro prionula. Izolacija treba prilegnuti na površinu ravno, bez nabora i mjehura. U cijeni također treba uključiti obradu slojeva izolacije i izvedbu holkera uz vertikalne zidove, oko raznih prodora kroz slojeve izolacije (instalacije), kao i ugradnje završnih profila i sl.
A30: Posebnu pažnju obratiti na zaštitu od požara kod rada s vrućim bitumenskim premazima i varenim ljepenkama zbog velike zapaljivosti bitumena. U slučaju požara gasiti pijeskom ili pjenom. Gašenje vodom je opasno zbog prskanja vrelog bitumena.
A32: Svi materijali za izvedbu hidroizolaterskih radova moraju u pogledu kvalitete odgovarati HR normama ili jednakovrijedno __________________ koje propisuje Tehnički propis o građevnim proizvodima (NN 35/18), sukladno normi koja se odnosi na određeni proizvod, ili jednakovrijedno __________________, a osobito:
... A54: Sve mjere provjeriti na terenu. Ukoliko je to moguće izvršiti provjeru postojećeg stanja konstrukcije prije nuđenja. Nakon demontaže i uvida u postojeće stanje nosive konstrukcije napraviti provjeru opterećenja, izračun opterečenja uklonjenih slojeva u odnosu na slojeve novog krova mora biti odobren od strane inženjera konstrukcije. U slučaju potrebe za odstupanjem od predviđenih slojeva, isti se neće obračunavati kao dodatni rad. U cijeni predvidjeti eventualno potrebne izmjene na licu mjesta zbog specifičnosti zadatka (sanacija). Izvoditelj treba imati radnike s odgovarajućim iskustvom, obučene i ovlaštene od proizvođača materijala.
A57: 1. | B57: Izvedba toplinske i hidroizolacije ravnog neprohodnog krova
B58: NAPOMENA: Sve mjere izvedbe, kao i postojeće konstukcije provjeriti na licu mjesta prije planiranja i organizacije radova.
B59: Izvođenje slojeva ravnih krovova u skladu s projektom racionalne uporabe energije i toplinske zaštite i detaljima u projektu. Hidroizolacija je mehanički fiksirana te hermetizirana dvokomponentnim kitom. Jediničnom cijenom uključena priprema podloge i svi spojni elementi: otvoreni, zatvoreni i kutni prelazi i završni elementi. Osobitu pažnju posvetiti holkeru i završnom učvršćenju i brtvljenju hidroizolacije.
B60: Na očišćenu podlogu izvode sljedeći radovi:
A61: a) | B61: Dobava i polaganje toplinske izolacije - dvoslojne tvrde ploče mineralne (kamene) vune za ravne neprohodne krovove (na prethodno postavljenu parnu branu), ploča od dva sloja (12 + 8 cm) različite gustoće (sloj veće gustoće postavljen na gornjoj strani), koeficijent toplinske provodljivosti λ≤0,04 W/mK, ukupne debljine 20 cm, gustoće 190 kg/m³ gornji sloj, 90 kg/m³ donji sloj. Sve detalje izvesti na način koji propisuje proizvođač toplinske izolacije. | C61: m2 | D61: 750 | F61: =ROUND(D61*E61,2) -> 0
A62: b) | B62: Dobava i polaganje jednoslojne hidroizolacijske TPO membrane (deb. min.1,5 mm, armirane poliesterskom mrežicom), bijele boje, UV stabilne, mehanički učvršćena za podlogu. Hidroizolacijske membrane se polažu na geotekstil ili toplinsku izolaciju (sve prema uputama proizvođača) i ugrađuju u sustavu mehanički pričvršćenih membrana. Rubovi membrana se međusobno preklapaju i zavaruju vrućim zrakom kako bi se postigao potpuno homogen spoj (min preklapanje prema uputama proizvođača). Na svojim završetcima membrana se vari na TPO limove. Sve spojeve izvesti na način da se osigura vodotijesnost membrane. | C62: m2 | D62: 890 | F62: =ROUND(D62*E62,2) -> 0
A63: c) | B63: Obrada prodora (npr. nosači ograde, gromobran) kroz hidroizolaciju nearmiranom TPO membranom ili tipskom TPO prirubnicom. Završetak se kita PU kitom i priteže obujmicom. Izvesti prema projektu i detalju proizvođača. | C63: m2 | D63: 55 | F63: =ROUND(D63*E63,2) -> 0
A64: d) | B64: Izvedba detalja na mjestu sudara horizontalnih i vertikalnih površina koje se hidroizoliraju. Detalj se izvodi na način da se ugrađuje prefabricirani perforirani Fe/Zn profil povećane krutosti koji se mehanički učvršćuje za podlogu sa min. 4,0 kom/m¹ pričvršćivača. Izvesti prema projektu i detalju proizvođača. | C64: m¹ | D64: 450 | F64: =ROUND(D64*E64,2) -> 0
A65: e) | B65: dobava i ugradnja novih TPO slivnika - vodolovna grla u postojeće vertikale | C65: kom | D65: 15 | F65: =ROUND(D65*E65,2) -> 0
A66: f) | B66: Dobava i ugradnja čepaste folije od HDPE kao zaštitnog razdjelno drenažnog sloja, s čepićima okrenutima prema toplinskoizolacijskom sloju. Folija se ugrađuje na već postavljenu TPO foliju i služi kao zaštitni sloj na kojem se postavlja zaštitni sloj šljunka debljini od 5 - 6cm. | C66: m2 | D66: 890 | F66: =ROUND(D66*E66,2) -> 0
A67: g) | B67: izvedba nasipa krupnog šljunka debljine 6 cm | C67: m2 | D67: 750 | F67: =ROUND(D67*E67,2) -> 0
A70: 2. | B70: Izvedba dodatne toplinske izolacije instalacijskog kanala
B71: Izvedba dodatne toplinske izolacije instalacijskog kanala polaganjem rola mineralne vune debljine 8 cm, toplinske vodljivosti λ≤0,036 W/mK ispod i oko cijevi razvoda grijanja.
C72: m2 | D72: 240 | F72: =ROUND(D72*E72,2) -> 0
A74: 3. | B74: Izvedba toplinske izolacije od kaširane mineralne vune na podgledima međukatnih konstrukcija ispod grijanih prostora MV deb. 12 cm
B75: NAPOMENA: Sve mjere izvedbe, kao i postojeće konstukcije provjeriti na licu mjesta prije planiranja i organizacije radova.
B76: Izvedba toplinske izolacije podgleda negrijanih prostora prema grijanim dijelovima stanova, sa svim potrebnim predradnjama i pripremom podloge. Toplinska izolacija na bazi mineralne (kamene) vune (λ=0,36 W/mK, A1-d1), debljine 12 cm, s jedne strane obložene specijalnim staklenim voalom pogodnim za direktno nanošenje boje, klasa gorivosti A1-d1. Ploče mineralne (kamene) vune su mehanički učvršćene metalnim držačima s metalnim diskom (min. ø80 mm), sve prema preporuci proizvođača. Montaža bez dodatne podkonstrukcije.
B77: Sve radove treba izvesti isključivo po uputama, koristeći materijale, alate i način izvođenja po tehnologiji proizvođača i prema projektu i detaljima. Obračun po m² izvedene površine.
B78: Postava ploča samo na dijelove podgleda stropa ispod grijanih prostorija.
B79: strop ispod grijanih prostora kaš. MV = 12 cm | C79: m2 | D79: 450 | F79: =ROUND(D79*E79,2) -> 0
A82: A.V. | B82: IZOLATERSKI RADOVI UKUPNO: | E82: EUR | F82: =SUM(F58:F79) -> 0

Sheet B.I.lim
A2: TROŠKOVNIK GRAĐEVINSKO OBRTNIČKIH RADOVA I ELEKTRO INSTALACIJE
A3: B. OBRTNIČKI RADOVI / B.I. LIMARSKI RADOVI
A4: r.b. | B4: opis stavke | C4: jed. | D4: kol. | E4: jed.cijena | F4: ukupno
A7: B. | B7: OBRTNIČKI RADOVI
A10: B.I. | B10: LIMARSKI RADOVI
A12: OPĆI UVJETI
A14: Sve radove izvođač mora izvoditi prema troškovniku i izvedbenoj projektnoj dokumentaciji, solidno i stručno, prema pravilima dobrog zanata, Pravilniku o ocjenjivanju sukladnosti, ispravama o sukladnosti i označavanju građevinskih proizvoda (NN 103/08, 147/09, 87/10, 129/11), Pravilniku o tehničkim mjerama i uvjetima za završne radove u zgradarstvu (Sl.list br. 21/90), Tehničkom propisu o racionalnoj upotrebi energije i toplinskoj zaštiti u zgradama (NN128/15, 70/18., 73/18) sa pripadajućim normama, Tehničkom propis o građevnim proizvodima (NN 35/18) i Tehničkim uvjeti za izvođenje limarskih radova (HRN U.N9.055. ili jednakovrijedno __________________), te svim ostalim tehničkim propisima, priznatim tehničkim pravilima i HR normama, ili jednakovrijedno __________________, a osobito:
A16: HRN C.B4.081 ili jednakovrijedno __________________, pocinčani lim HRN C.C4.020, 025, 030, 051, 060, 120, 150 ili jednakovrijedno __________________, aluminijski lim HRN C.D4.020 ili jednakovrijedno __________________, bakreni lim
A18: Ukoliko ne postoje adekvatni standardi za materijale koji se ugrađuju, obavezno je pribaviti odgovarajući atest kao dokaz kvalitete.
A20: Izvođač je dužan prije početka radova predočiti projektantu detalje izvedbe i savijanja limova. Tek po odobrenju i nakon ovjere istih od strane projektanta izvođač može pristupiti izvedbi radova. Izvođač je dužan prije početka radova provjeriti sve građevinske elemente na koje, ili za koje se pričvršćuje limarija i pismeno dostaviti naručitelju svoje primjedbe u vezi eventualnih nedostataka posebno u slučaju: neodgovarajućeg izbora projektiranog materijala i loše riješenog načina vezivanja limarije za građevinske radove. Izrada rješenja neće se posebno platiti već predstavlja trošak i obvezu izvođača. Prilikom izvođenja limarije izvođač se mora striktno pridržavati usvojenih i od strane projektanta ovjerenih detalja. Izvođač će pristupiti izvedbi tek nakon što projektant potpisom potvrdi radioničke nacrte i tehnološku razradu svih detalja.
A22: Dijelovi različitog materijala ne smiju se dodirivati jer bi uslijed toga moglo doći do korozije. Elementi od čelika za pričvršćivanje cinčanog ili pocinčanog lima moraju se pocinčati, ako u opisu radova nije predviđena neka druga zaštita (postavljanje podmetača od olova ili plastike otpornih na kiseline ili lužine). Za bakreni lim treba primijeniti učvršćivanje od bakra ili bakrenog čelika.
A24: Sastav i učvršćenja moraju biti tako izvedeni da elementi pri toplotnim promjenama mogu nesmetano dilatirati, a da pri tom ostanu nepropusni. Moraju se osigurati od oštećenja koje može izazvati vjetar i sl. Ispod lima koji se postavlja na beton, drvo ili žbuku treba postaviti sloj bitumenske ljepenke, čija su dobava i postava uključene u jediničnu cijenu ako u stavci nije opisano drugačije. Nakon obrade, može se ugraditi samo neoštećeni lim.
A26: Za elemente za učvršćivanje (kuke, zakovice, jahači, čavli, vijci i sl.) treba primijeniti: za čelični lim - čelična spojna sredstva, za pocinčani i olovni lim - dobro pocinčana spojna sredstva, za bakreni lim - bakrena spojna sredstva, za alu lim - alu ili galvanizirana Čn spojna sredstva.
A28: Sve vidljive spojeve lima i betonskih ili ožbukanih ploha pročelja treba brtviti po cijeloj dužini spoja trajno elastičnim (plastičnim) bezbojnim kitom. Sve spojeve lima treba obvezno izvesti nepropusno. Plohe izvedene limom moraju biti izvedene pravilno i u ravnini, po nagibima odvodnje i kosinama definiranim u projektu.
A30: Cijenom izvedbe radova treba obvezno uključiti sve materijale koji se ugrađuju i koriste (osnovne i pomoćne materijale), sav potreban rad (osnovni i pomoćni) na izvedbi radova do potpune gotovosti i funkcionalnosti istih, sve transporte i prijenose do i na gradilištu sve do mjesta ugradnje, sva potrebna skladištenja i zaštite, sav alat i građevinske strojeve, čišćenje tokom rada, odvoz i zbrinjavanje smeća na deponij udaljen 20 km, završno čišćenje prije primopredaje radova, nadoknadu eventualne štete nastale iz nepažnje na svojim ili tuđim radovima, sve potrebne zaštitne konstrukcije i skele, kao i sve drugo predviđeno mjerama zaštite na radu i pravilima struke. U cijeni treba također uključiti izvedbu i obradu raznih detalja limarije kod spojeva, prijelaza, lomova i sudara ploha, završetaka limarije i drugo, sve obvezno usklađeno sa drugim različitim materijalima i radovima uz limariju, do potpune gotovosti i funkcionalnosti.
A32: Jedinična cijena uključuje, uzimanje mjera na gradilištu i definiranje ugradbenih dimenzija, tehnološku razradu svih detalja, pripremu podloga, izradu radioničkih nacrta, sav spojni materijal, sve posredne i neposredne troškove za rad, materijal, sva manja potrebna usijecanja utora nužna za ugradnju i savijanje lima i izvedbu detalja, kao i sva sitnija usijecanja ploha te potrebne popravke i zapunjavanja nastalih međuprostora i pukotina cem. mortom.
A33: Obračun se vrši po m2 pokrova po kosini krova. Izvođač pokrova mora imati licencu zastupnika proizvođača pokrova. U cijenu m2 krovnog pokrova uračunato je postavljanje prefabriciranih pokrovnih elemenata kao snjegobrana i sljemenjaka, uvala, odzračnika i proboja ventilacije.
A35: 1. | B35: Izvedba vanjskih prozorskih klupčica postojećih i novih prozora na pročeljima
B36: Dobava materijala, izrada i montaža vanjskih limenih klupčica postojećih i novih prozora. Izvesti od plastificiranog al. lima minimalne debljine 1 mm, u sivom tonu temeljem prethodnog uzorka. Lim završava okapnicom odmaknutom od gotove fasade 3-5 cm. Podložna paropropusna hidroizolacija te brtvljenje trajnoelastičnim kitom, brtvena traka, podložne ploče od XPS-a, plosne galvanizirane čel. kuke uključene u stavku. U cijenu uključiti sav ostali pomoćni i spojni materijal i sva potrebna podešavanja i prilagođavanja. Sve mjere uzimati na licu mjesta. Obračun po m¹ postavljene klupčice.
B37: - klupčice za otvore - lim r. š. < 33 cm | C37: m¹ | D37: 650 | F37: =ROUND(D37*E37,2) -> 0
B38: HI š = 25 cm | C38: m² | D38: =D37*0.25 -> 162.5 | F38: =ROUND(D38*E38,2) -> 0
B39: XPS u nagibu D=2cm | C39: m² | D39: =D38 -> 162.5 | F39: =ROUND(D39*E39,2) -> 0
A41: 2. | B41: Limeni opšavi, okapi i kape
B42: Dobava materijala, izrada i montaža opšavnih limova, okapnica, klupčice ograda terasa. Izvesti od plastificiranog al. lima minimalne debljine 1 mm u sivom tonu na temelju predloženog uzorka. Kod kapa i opšava većih dimenzija lim dodatno učvrstiti u podlogu mehaničkom pričvrsnicom s metalnom trakom koja je posredno ili direktno pričvršćena za nosivu konstrukciju, te preko podveza na svakih cca 40 cm razmaka, tj. pomoću galvaniziranih pocinčanih kuka od plosnog čelika 40/3 mm, usidrenih pomoću vijaka sa tiplama za ugradbu. Lim završava okapnicom s obje strane odmaknutom od gotove fasade za 3-5 cm. Izvedba hidroizolacije na spoju s rubnim limom te brtvljenje trajnoelastičnim kitom. Plosne pocinčane kuke i meh. pričcršnice s metalnom trakom uključene u stavku. Izvesti prema glavnom projektu i detalju, te izmjeri na gradilištu. U cijenu je uključen sav pomoćni i spojni materijal. Sve mjere uzeti na licu mjesta. Obračun po m¹ postavljenog opšava.
B43: opšav nadozida ravnog krova r.š. 50 cm | C43: m¹ | D43: 280 | F43: =ROUND(D43*E43,2) -> 0
B44: opšav ravnog krova r.š. 33 cm | C44: m¹ | D44: 120 | F44: =ROUND(D44*E44,2) -> 0
B45: opšav ograda loggia r.š. 40 cm | C45: m¹ | D45: 50 | F45: =ROUND(D45*E45,2) -> 0
A48: 3. | B48: Vertikalna odvodnja
B49: Dobava, izvedba i montaža oborinskih vertikala za odvodnju vode s krova Ø 100 mm, od plastificiranog aluminijskog lima deb. 0,70 mm. Stavka također uključuje dobavu i montažu novih koljena Ø 100 mm i vodokotlića 33/100 te povezivanje istih sa vertikalnim segmentima oluka i priključak na postojeće odvodne cijevi u podnožju zgrade. Stavka također uključuje dobavu i postavu limenih cijevi za produljenje odvodnje s ravnih krovova i lođa, limenih ogrlica na ulazu u prihvatnu cijev u podnožju te brtvljenje ulaza u prihvatnu cijev bitumenskim brtvilom te posebnog elementa za jednosmjerno račvanje za priključenja s vodolovnim grlima na krovu.
B50: Jedinična cijena uključuje sav potreban pribor za pričvršćenje, dodatak sredstva za brtvljenje i ljepljenje, kuke, okap, mušnu mrežicu i pripadajući opšav, te sav ostali pribor i pomoćni, spojni i pričvrsni materijal, te sva potrebna podešavanja i prilagođavanja potrebanih za potpunu funkcionalnost stavke. Sve točne mjere uzimati na licu mjesta.
B51: Obračun po komadima vertikala u m¹.
B52: preporuča se izmjera prije nuđenja, vertikale Ø 100 mm | C52: m1 | D52: 36 | F52: =ROUND(D52*E52,2) -> 0
B53: vodokotlić 33/100, ugraditi vodonepropusno. | C53: kom | D53: 5 | F53: =ROUND(D53*E53,2) -> 0
A55: 4. | B55: Horizontalna odvodnja
B56: Dobava, izvedba i montaža visećih krovnih žljebova polukružne izvedbe, debljina 0,70 mm, boja standardna, s potrebnim kukama iz alu legure otporne na savijanje i zaokretanje, pričvrstiti na svakoj roženici ili pogodnoj strešnoj dasci, dodatak sredstva za brtvljenje i lijepljenje, te odgovarajućih alu patentnih zakovica (poštivati propise proizvođača!), stručno montirati u padu, uklj. upuštanje žljebnih kuka. RŠ 33.
B57: viseći žljebovi | C57: m1 | D57: 42 | F57: =ROUND(D57*E57,2) -> 0
A58: 5. | B58: Razni opšavi
B59: Izrada raznih opšava od aluminijskog lima, minimalne debljine 1 mm, po potrebi vidljivi dijelovi usklađeni s fasadom, završno obrađeni plastificiranjem u sivom tonu na temelju predloženog uzorka, r.š. do 50 cm iz jednog ili 2 dijela. U cijeni je kompletan rad i potreban osnovni i pomoćni materijal kao: tiplanje vijcima Ø 8 mm te brtvljenje trajnoelastičnim kitom, plosna galvanizirana željeza ili kuke za učvršćenje opšava, podložna hidroizolacija i sl. Izvesti prema glavnom projektu i detalju, te izmjeri na gradilištu.
C60: m' | D60: 66 | F60: =ROUND(D60*E60,2) -> 0
A62: B.I. | B62: LIMARSKI RADOVI UKUPNO: | E62: EUR | F62: =SUM(F35:F60) -> 0

Sheet B.III.brav
A2: TROŠKOVNIK GRAĐEVINSKO OBRTNIČKIH RADOVA
A3: B. OBRTNIČKI RADOVI / B.III. VANJSKA BRAVARIJA
A4: r.b. | B4: opis stavke | C4: jed. | D4: kol. | E4: jed.cijena | F4: ukupno
A7: B.III. | B7: VANJSKA BRAVARIJA
B9: OPĆI UVJETI
B11: Sve radove izvođač mora izvoditi prema troškovniku i izvedbenoj projektnoj dokumentaciji, solidno i stručno, prema pravilima dobrog zanata i mjerama uzetima na licu mjesta, Pravilniku o ocjenjivanju sukladnosti, ispravama o sukladnosti i označavanju građevinskih proizvoda (NN 103/08, 147/09, 87/10, 129/11), Pravilniku o tehničkim mjerama i uvjetima za završne radove u zgradarstvu (Sl.list br. 21/90), Tehničkom propisu o racionalnoj upotrebi energije i toplinskoj zaštiti u zgradama (NN 97/14, 130/14) s pripadajućim normama, Tehničkom propis o građevnim proizvodima (NN 33/10, 87/10, 146/10, 81/11, 100/11, 130/12, 81/13), prema Tehničkim propisima za prozore i vrata (NN 69/06) sa pripadajućim noramama i ostalim normama prema Odluci o popisu normi bitnih za primjenu Tehničkog propisa za prozore i vrata, te svim ostalim tehničkim propisima, priznatim tehničkim pravilima i HR normama, a osobito:
B13: HRN EN 14351-1:2006, prozori i vrata - norma za proizvod, izvedbene značajke HRN EN 12207:2001, prozori i vrata - propusnost zraka HRN EN 12208:2001, prozori i vrata - vodonepropusnost HRN EN 12210:2001+AC:2005, prozori i vrata - otpornost na opterećenje vjetrom HRN EN ISO 140-3, akustika - mjerenje razine zvuka u zgradama i elementima zgrada HRN EN ISO 717-1, akustika - određivanje razine zvuka u zgradama HRN EN 410:1998, staklo u graditeljstvu - određivanje svjetlosnih i sunčanih značajka ostakljenja HRN EN 572-9:2005, staklo u graditeljstvu - proizvodi od osnovnog natrij-kalcij-silikatnog stakla HRN D.E1.012, vanjska stolarija HRN D.E8.193. i 235., vodonepropusnost i hermetičnost
B15: Ukoliko ne postoje adekvatni standardi za materijale koji se ugrađuju, obavezno je pribaviti odgovarajući atest kao dokaz kvalitete.
B17: Prije pristupanju izvođenju radova izvoditelj je dužan izvršiti detaljan pregled svih bravarskih elemenata, prozora i vrata koji se mijenjaju. Bravarski elementi ili njihovi dijelovi, kao i pripadajući okov, koji su oštećeni, moraju se zamijeniti novima. Pri izradi novog elementa, u jediničnu cijenu uračunat je gotov bravarski element sa pripadajućim okovom i ugradnjom na građevinu.
B19: Radovi uključuju izradu, dobavu i montažu do potpune gotovosti al. prozora ili vrata od profila sa ili bez prekinutog termičkog mosta, eloksirani ili termolakirani prema RAL ton karti u boji po odabiru projektanta. Brtvljenje i spajanje prema sistemskim rješenjima propisanim od proizvođača sistema. Sav potreban okov za otvaranje potrebno je da je izrađen od INOX-a ili plastificiran u boji profila (prema rješenju projektanata). Odabrani okov prilagoditi težini i geometriji krila, tako da nesmetano zadovoljava funkciju otvaranja (otklopni, zaokretni ili zaokretno otklopni). U cijenu stavaka uključeno je i staklo.
B21: Sve mjere obavezno je provjeriti na licu mjesta prije izrade bravarije.
B23: Prozori i vrata ugrađuju se u građevinski pripremljeni i obrađeni otvor u AB zidu ili zidu od blok opeka pomoću vijaka primjerenih za ovakvu vrstu montaže. U cijenu je uključen sav potreban rubni opšav (vanjski i unutarnji), vanjska vodonepropusna – paropropusna folija, kamena vuna te sav pričvrsni pribor.
B25: U cijenu također treba biti uključena i izrada vanjske al. klupčice od al. lima deb. 1mm, na potkonstrukciji, završno obrađene eloksažom ili plastifikacijom, prema izboru projektanta, sav ostali pomoćni i spojni materijal i sva potrebna podešavanja i prilagođavanja, osim ako stavkom nije opisano drugačije odnosno ako to nije zasebno opisano u limarskim radovima. U cijenu također treba biti uključena i izrada unutarnje al. klupčice od eloksiranog ili plastificiranog al. lima deb. 1 mm, na potkonstrukciji, završna obrada: u natur boji alu. ili termolakiranje prema RAL ton karti-prema odabiru projektanta, osim ako stavkom nije opisano drugačije odnosno ako to nije zasebno opisano u limarskim radovima. U cijenu također treba biti uključena i izrada unutrašnjih gipskartonskih špaleta, osim ako to nije opisano zasebno.
B27: Zidarska mjera je razmak konstruktivnih elemenata. Modularna mjera je razmak modularnih ravnina koji je manji od zidarske mjere. Stolarska mjera je stvarna vanjska mjera stolarskog elementa koja treba biti manja od modularne mjere. Svjetla stolarska mjera koristi se kod vrata i označava čisti razmak između dovratnika, odnosno poda i nadvratnika. Razlika između zidarske i modularne mjere kod mokre gradnje treba biti 1 – 2 cm, a kod montažne može biti i 0,5. Razlika između modularne i stolarske mjere treba biti od 0,3 do 1 cm. Stvake su opisane zidarskim (građevinskim) mjerama.
B29: Zaokretna vrata ili prozorsko krilo je lijevo ako je okovano s lijeve strane, odnosno ako se otvara u smjeru negativne rotacije (kazaljke na satu). Bravarski elementi se izrađuju prema shemama i detaljima, te u dogovoru s projektantom i nadzornim inženjerom, a označavaju brojem troškovničke stavke.
B31: Svi dijelovi konstrukcije i elementi pojedinih pozicija moraju biti proračunati i dimenzionirani tako da sigurno prihvaćaju opterećenja posebice vjetra (tlak, usis) i drugih atmosferskih utjecaja. Sile koje se javljaju u elementima i fasadi u cjelini moraju se prenijeti na monolitni dio zgrade, dok se deformacije i opterećenja (sile) sa zgrade ne smiju nikako prenositi na fasadu i/ili njene elemente.
... B35: Jedinična cijena uključuje uzimanje mjera na gradilištu i definiranje ugradbenih dimenzija, tehnološku razradu svih detalja, izradu radioničkih nacrta, sav spojni materijal, sidrene ploče, mort za podlijevanje ležaja, zaštitu od korozije, postavu i skidanje radne skele, striktnu primjenu mjera zaštite od požara, sve posredne i neposredne troškove za rad, materijal, alat i građevinske strojeve, sve transporte, čišćenje tokom rada, odvoz i zbrinjavanje smeća, završno čišćenje prije primopredaje radova, nadoknadu eventualne štete nastale iz nepažnje na svojim ili tuđim radovima.
A38: 1. | B38: Izrada čelične balkonske ograde
B39: Izrada nove ograde se vrši zbog nezadovoljavajuće, premale visine postojeće ograde i usklađivanja jednoobraznosti pročelja. Ograda se montira nakon izvedbe ETICS sustava na pročelju zgrade.
B40: Dobava i ugradnja ograde U tlocrtnog oblika koja se sastoji od gornje i donje pojasnice od šupljih čeličnih kvadratnih profila dim. 50/50/5 mm i šest vertikalnih nosača od punih čeličnih šipki ∅25 mm. Ukupna duljina ograde iznosi 650 cm, a visina 100 cm iznad kote gotovog poda balkona. Vertikalni nosači (čelične šipke) preko sidrenih ploča usidreni su u betonsku ogradu balkona s unutrašnje strane. Pojasnice i vertikalni nosači međusobno su spojeni varenjem. Gornja pojasnica sidrena je u nosivi dio zida. Stavka se isporučuje obrađena vrućim cinčanjem, te temeljnom i završnom zaštitnom bojom za metal koje se nanose nakon ugradnje. Sve u crnoj boji, prema shemi bravarske stavke.
B41: U stavku uključeno brtvljenje prodora kroz ETICS sustav trajnoelastičnim PU kitom. Uključen sav transport i zbrinjavanje otpada. Obračun po komadu ugrađene nove bravarske stavke.
B42: Bilokakva ugradnja prije odobrenja uzorka, boje i radioničke dokumentacije, nije dozvoljena.
B43: Prije izrade sve mjere i količine kontolirati u naravi!
B44: Izvesti prema shemi bravarije (st. BR 1)!
B45: BR 1 | C45: kom | D45: 4 | E45: 4500 | F45: =D45*E45 -> 18000
A48: B.III. | B48: VANJSKA BRAVARIJA UKUPNO: | E48: kn | F48: =F45 -> 18000

Sheet B.II.1. brav
A2: TROŠKOVNIK GRAĐEVINSKO OBRTNIČKIH RADOVA I ELEKTRO INSTALACIJE
A3: B. OBRTNIČKI RADOVI / B.II.1. VANJSKA ALU STOLARIJA (ZAJEDNIČKIH PROSTORIJA)
A4: r.b. | B4: opis stavke | C4: jed. | D4: kol. | E4: jed.cijena | F4: ukupno
A7: B.II.1. | B7: VANJSKA BRAVARIJA (ZAJEDNIČKIH PROSTORIJA)
B9: OPĆI UVJETI
B11: Sve radove izvođač mora izvoditi prema troškovniku i izvedbenoj projektnoj dokumentaciji, solidno i stručno, prema pravilima dobrog zanata i mjerama uzetima na licu mjesta, Pravilniku o ocjenjivanju sukladnosti, ispravama o sukladnosti i označavanju građevinskih proizvoda (NN 103/08, 147/09, 87/10, 129/11), Pravilniku o tehničkim mjerama i uvjetima za završne radove u zgradarstvu (Sl.list br. 21/90), Tehničkom propisu o racionalnoj upotrebi energije i toplinskoj zaštiti u zgradama (NN 125/18, 70/18,73/18) sa pripadajućim normama, Tehničkom propis o građevnim proizvodima (NN 35/18), prema Tehničkim propisima za prozore i vrata (NN 69/06) sa pripadajućim normama i ostalim normama prema Odluci o popisu normi bitnih za primjenu Tehničkog propisa za prozore i vrata, te svim ostalim tehničkim propisima, priznatim tehničkim pravilima i HR normama, ili jednakovrijedno __________________, a osobito:
B13: HRN EN 14351-1:2016 ili jednakovrijedno __________________, prozori i vrata - norma za proizvod, izvedbene značajke HRN EN 12207:2017 ili jednakovrijedno __________________, prozori i vrata - propusnost zraka HRN EN 12208:2001 ili jednakovrijedno __________________, prozori i vrata - vodonepropusnost HRN EN 12210:2016 ili jednakovrijedno __________________, prozori i vrata - otpornost na opterećenje vjetrom HRN EN ISO 140-3 ili jednakovrijedno __________________, akustika - mjerenje razine zvuka u zgradama i elementima zgrada HRN EN ISO 717-1 ili jednakovrijedno __________________, akustika - određivanje razine zvuka u zgradama HRN EN 410:1998 ili jednakovrijedno __________________, staklo u graditeljstvu - određivanje svjetlosnih i sunčanih značajka ostakljenja HRN EN 572-9:2005 ili jednakovrijedno __________________, staklo u graditeljstvu - proizvodi od osnovnog natrij-kalcij-silikatnog stakla HRN D.E1.012 ili jednakovrijedno __________________, vanjska stolarija HRN D.E8.193. ili jednakovrijedno __________________ i 235 ili jednakovrijedno __________________, vodonepropusnost i hermetičnost
B14: Ukoliko ne postoje adekvatni standardi za materijale koji se ugrađuju, obavezno je pribaviti odgovarajući atest kao dokaz kvalitete.
B16: Prije pristupanju izvođenju radova izvoditelj je dužan izvršiti detaljan pregled svih stolarskih elemenata, prozora i vrata koji se mijenjaju. Stolarski elementi ili njihovi dijelovi, kao i pripadajući okov, koji su oštećeni, moraju se zamijeniti novima. Pri izradi novog elementa, u jediničnu cijenu uračunat je gotov stolarski element sa pripadajućim okovom i ugradnjom na građevinu.
B18: Radovi uključuju izradu, dobavu i montažu do potpune gotovosti ugrađenih prozora ili vrata. Brtvljenje i spajanje prema sistemskim rješenjima propisanim od proizvođača sistema. Sav potreban okov za otvaranje mora biti izrađen izrađen od INOX-a satinirane završne obrade. Odabrani okov prilagoditi težini i geometriji krila, tako da nesmetano zadovoljava funkciju otvaranja (otklopni, zaokretni ili zaokretno otklopni). U cijenu stavaka uključeno je i staklo.
B20: Sve mjere i količine obavezno provjeriti na licu mjesta prije izrade stolarije.
B22: Prozori i vrata ugrađuju se u građevinski pripremljen i obrađen otvor u AB zidu, zidu od blok opeke ili krovne konstrukcije pomoću vijaka primjerenih za ovakvu vrstu montaže. U cijenu je uključen sav potreban rubni opšav, RAL ugradnja (vanjski i unutarnji), vanjska hidroizolacija – paropropusna folija (obuhvaćena u limarskim radovima - prozorske klupčice), unutarnja - paronepropusna folija (parna brana), toplinska izolacija te sav pričvrsni pribor. Kod ugradnje stolarije potrebno je obraditi i toplinski izolirati špalete otvora sa slojem toplinske izolacije minimalno 2 cm, ako u opisu stavke nije naznačena veća debljina TI. Obaveza je izvođača prilikom montaže onemogućiti bilo kakvu pojavu toplinskog mosta, radove izvoditi prema priloženim detaljima, pričvršćenja u otvor osnovne konstrukcije kao i prethodno opisani način zaštite od prodora vodene pare iz unutrašnjosti u konstrukciju te atmosferskih utjecaja izvana - sve to prema smjernicama i uputama za RAL-ugradnju.
B24: U cijenu također treba biti uključena i izrada unutarnje PVC klupčice, na potkonstrukciji, prema RAL ton karti, osim ako stavkom nije opisano drugačije. U cijenu također treba biti uključena i izrada unutrašnjih gipskartonskih špaleta, osim ako to nije opisano zasebno u gipskartonskim radovima.
B26: Sve stavke opisane su zidarskom mjerom. Prije izvedbe sve mjere kontrolirati u naravi.
B28: Na spoju raznih kvaliteta lima izvesti potrebno galvansko razdvajanje. Izvedba razdvajanja mora biti otporna i postojana na atmosferilije i smrzavanje.
B29: Jedinična cijena uključuje uzimanje mjera na gradilištu i definiranje ugradbenih dimenzija, tehnološku razradu svih detalja, izradu radioničkih nacrta, sav spojni materijal, sidrene ploče, mort za podlijevanje ležaja, zaštitu od korozije, postavu i skidanje radne skele, striktnu primjenu mjera zaštite od požara, sve posredne i neposredne troškove za rad, materijal, alat i građevinske strojeve, sve transporte, čišćenje tokom rada, odvoz i zbrinjavanje smeća na deponiju udaljenom 20 km, završno čišćenje prije primopredaje radova, nadoknadu eventualne štete nastale iz nepažnje na svojim ili tuđim radovima.
A30: 1. | B30: Prozor ZP1
B31: Izrada, doprema i ugradnja trodijelnog aluminijskog prozora koji se sastoji od dva otklopno zaokretna krila i jednog fiksnog krila u građevinskom otvoru 360x96 cm:
A32: a) | B32: Sistemski metalni okov za ručno otvaranje, boja u tamnom tonu,
A33: b) | B33: donji horizontalni slijepi proﬁl 5x3 cm za ispravan spoj vanjske klupčice,
A34: c) | B34: unutarnja klupčica, vanjska opisana u limarskim radovima,
A35: d) | B35: ukupni koeﬁcijent prolaska topline cijelog prozora UW ≤ 1,22 W/m2K,
A36: e) | B36: ostakljenje: dvostruko IZO staklo 4/16Ar/c4, ispuna argonom, s jednim staklom niske emisije, s proračunskim dokazom koef. prolaska topline Ug ≤ 1,10 W/m2K, faktor gꞱ= 0,64,
A37: f) | B37: rubni opšav (vanjski i unutarnji) - RAL ugradnja: vanjska hidroizolacija -paropropusna folija i unutarnja - paronepropusna (parna brana); ili brtvena ekspandirajuća traka.
B38: Stavka uključuje kompletnu funkcionalnu, završno ugrađenu, ostakljenu i obrađenu stavku, sav okov, sva sidra i sidrene detalje, spojna i pričvrsna sredstva. U stavku je uključena obrada spoja na kontaktne plohe zidova kao i sva potrebna prilagođavanja i podešavanja.
B39: U cijenu stavke uračunato je uzimanje mjera na licu mjesta, dobava i ugradnja. Obračun po komadu.
B40: Izvesti prema shemi stolarije | C40: kom | D40: 11 | F40: =ROUND(D40*E40,2) -> 0
A43: 2. | B43: Prozor ZP2
B44: Izrada, doprema i ugradnja trodijelnog aluminijskog prozora koji se sastoji od dva otklopno zaokretna krila i jednog finsknog krila u građevinskom otvoru 300x96 cm:
A45: a) | B45: Sistemski metalni okov za ručno otvaranje, boja u tamnom tonu,
A46: b) | B46: donji horizontalni slijepi proﬁl 5x3 cm za ispravan spoj vanjske klupčice,
A47: c) | B47: unutarnja klupčica, vanjska opisana u limarskim radovima,
A48: d) | B48: ukupni koeﬁcijent prolaska topline cijelog prozora UW ≤ 1,22 W/m2K,
A49: e) | B49: ostakljenje: dvostruko IZO staklo 4/16Ar/c4, ispuna argonom, s jednim staklom niske emisije, s proračunskim dokazom koef. prolaska topline Ug ≤ 1,10 W/m2K, faktor gꞱ= 0,64,
A50: f) | B50: rubni opšav (vanjski i unutarnji) - RAL ugradnja: vanjska hidroizolacija -paropropusna folija i unutarnja - paronepropusna (parna brana); ili brtvena ekspandirajuća traka.
B51: Stavka uključuje kompletnu funkcionalnu, završno ugrađenu, ostakljenu i obrađenu stavku, sav okov, sva sidra i sidrene detalje, spojna i pričvrsna sredstva. U stavku je uključena obrada spoja na kontaktne plohe zidova kao i sva potrebna prilagođavanja i podešavanja.
B52: U cijenu stavke uračunato je uzimanje mjera na licu mjesta, dobava i ugradnja. Obračun po komadu.
B53: Izvesti prema shemi stolarije | C53: kom | D53: 4 | F53: =ROUND(D53*E53,2) -> 0
A56: 3. | B56: Prozor ZP3
B57: Izrada, doprema i ugradnja dvodijelnog dvokrilnog alu prozora koji se sastoji od dva otklopno zaokretna krila u građevinskom otvoru 275x168 cm:
A58: a) | B58: Sistemski metalni okov za ručno otvaranje, boja u tamnom tonu,
A59: b) | B59: donji horizontalni slijepi proﬁl 5x3 cm za ispravan spoj vanjske klupčice,
A60: c) | B60: unutarnja klupčica, vanjska opisana u limarskim radovima,
A61: d) | B61: ukupni koeﬁcijent prolaska topline cijelog prozora UW ≤ 1,22 W/m2K,
A62: e) | B62: ostakljenje: dvostruko IZO staklo 4/16Ar/c4, ispuna argonom, s jednim staklom niske emisije, s proračunskim dokazom koef. prolaska topline Ug ≤ 1,10 W/m2K, faktor gꞱ= 0,64,
A63: f) | B63: rubni opšav (vanjski i unutarnji) - RAL ugradnja: vanjska hidroizolacija -paropropusna folija i unutarnja - paronepropusna (parna brana); ili brtvena ekspandirajuća traka.
A64: g) | B64: vanjska aluminijska eslinger roleta s izoliranom kutijom za rolete i komarnikom U < 0,6 W/m²K
B65: Stavka uključuje kompletnu funkcionalnu, završno ugrađenu, ostakljenu i obrađenu stavku, sav okov, sva sidra i sidrene detalje, spojna i pričvrsna sredstva. U stavku je uključena obrada spoja na kontaktne plohe zidova kao i sva potrebna prilagođavanja i podešavanja.
B66: U cijenu stavke uračunato je uzimanje mjera na licu mjesta, dobava i ugradnja. Obračun po komadu.
B67: Izvesti prema shemi stolarije | C67: kom | D67: 3 | F67: =ROUND(D67*E67,2) -> 0
A70: 4. | B70: Prozor ZP4
B71: Izrada, doprema i ugradnja jednoodijelnog aluminijskog prozora koji se sastoji od jednog otklopno zaokretnog krila u građevinskom otvoru 170x168 cm:
A72: a) | B72: Sistemski metalni okov za ručno otvaranje, boja u tamnom tonu,
A73: b) | B73: donji horizontalni slijepi proﬁl 5x3 cm za ispravan spoj vanjske klupčice,
A74: c) | B74: unutarnja klupčica, vanjska opisana u limarskim radovima,
A75: d) | B75: ukupni koeﬁcijent prolaska topline cijelog prozora UW ≤ 1,22 W/m2K,
A76: e) | B76: ostakljenje: dvostruko IZO staklo 4/16Ar/c4, ispuna argonom, s jednim staklom niske emisije, s proračunskim dokazom koef. prolaska topline Ug ≤ 1,10 W/m2K, faktor gꞱ= 0,64,
A77: f) | B77: rubni opšav (vanjski i unutarnji) - RAL ugradnja: vanjska hidroizolacija -paropropusna folija i unutarnja - paronepropusna (parna brana); ili brtvena ekspandirajuća traka.
A78: g) | B78: vanjska aluminijska eslinger roleta s izoliranom kutijom za rolete i komarnikom U < 0,6 W/m²K
B79: Stavka uključuje kompletnu funkcionalnu, završno ugrađenu, ostakljenu i obrađenu stavku, sav okov, sva sidra i sidrene detalje, spojna i pričvrsna sredstva. U stavku je uključena obrada spoja na kontaktne plohe zidova kao i sva potrebna prilagođavanja i podešavanja.
B80: U cijenu stavke uračunato je uzimanje mjera na licu mjesta, dobava i ugradnja. Obračun po komadu.
B81: Izvesti prema shemi stolarije | C81: kom | D81: 3 | F81: =ROUND(D81*E81,2) -> 0
A84: 5. | B84: Prozor ZP5
B85: Izrada, doprema i ugradnja trodijelnog aluminijskog prozora koji se sastoji od dva polja s fiksnom rešetkom i jednog polja s fiksnim ostaljenjem u građevinskom otvoru 300 x 60 cm:
A86: a) | B86: donji horizontalni slijepi proﬁl 5x3 cm za ispravan spoj vanjske klupčice,
A87: b) | B87: unutarnja klupčica, vanjska opisana u limarskim radovima,
A88: c) | B88: ukupni koeﬁcijent prolaska topline cijelog prozora UW ≤ 1,22 W/m2K,
A89: d) | B89: ostakljenje: dvostruko IZO staklo 4/16Ar/c4, ispuna argonom, s jednim staklom niske emisije, s proračunskim dokazom koef. prolaska topline Ug ≤ 1,10 W/m2K, faktor gꞱ= 0,64,
A90: e) | B90: rubni opšav (vanjski i unutarnji) - RAL ugradnja: vanjska hidroizolacija-paropropusna folija i unutarnja-paronepropusna (parna brana); ili brtvena ekspandirajuća traka.
B91: Stavka uključuje kompletnu funkcionalnu, završno ugrađenu, ostakljenu i obrađenu stavku, sav okov, sva sidra i sidrene detalje, spojna i pričvrsna sredstva. U stavku je uključena obrada spoja na kontaktne plohe zidova kao i sva potrebna prilagođavanja i podešavanja.
B92: U cijenu stavke uračunato je uzimanje mjera na licu mjesta, dobava i ugradnja. Obračun po komadu.
B93: Izvesti prema shemi stolarije | C93: kom | D93: 3 | F93: =ROUND(D93*E93,2) -> 0
A96: 6. | B96: Prozor ZP6
B97: Izrada, doprema i ugradnja jednoodijelnog aluminijskog prozora koji se sastoji od jednog otklopno zaokretnog krila u građevinskom otvoru 100x110 cm:
A98: a) | B98: Sistemski metalni okov za ručno otvaranje, boja u tamnom tonu,
A99: b) | B99: donji horizontalni slijepi proﬁl 5x3 cm za ispravan spoj vanjske klupčice,
A100: c) | B100: unutarnja klupčica, vanjska opisana u limarskim radovima,
A101: d) | B101: ukupni koeﬁcijent prolaska topline cijelog prozora UW ≤ 1,22 W/m2K,
A102: e) | B102: ostakljenje: dvostruko IZO staklo 4/16Ar/c4, ispuna argonom, s jednim staklom niske emisije, s proračunskim dokazom koef. prolaska topline Ug ≤ 1,10 W/m2K, faktor gꞱ= 0,64,
A103: f) | B103: rubni opšav (vanjski i unutarnji) - RAL ugradnja: vanjska hidroizolacija-paropropusna folija i unutarnja-paronepropusna (parna brana); ili brtvena ekspandirajuća traka.
B104: Stavka uključuje kompletnu funkcionalnu, završno ugrađenu, ostakljenu i obrađenu stavku, sav okov, sva sidra i sidrene detalje, spojna i pričvrsna sredstva. U stavku je uključena obrada spoja na kontaktne plohe zidova kao i sva potrebna prilagođavanja i podešavanja.
B105: U cijenu stavke uračunato je uzimanje mjera na licu mjesta, dobava i ugradnja. Obračun po komadu.
B106: Izvesti prema shemi stolarije | C106: kom | D106: 1 | F106: =ROUND(D106*E106,2) -> 0
A109: 7. | B109: Ostakljena ulazna stijena ZV1
B110: Izrada, doprema i ugradnja četverodijelne ostakljene aluminijske stijene koja se sastoji od ostakljenih dvokrilnih zaokretnih vrata i tri fiksna ostakljena polja u građevinskom otvoru 335x250 cm:
A111: a) | B111: Sistemski metalni okov za ručno otvaranje i elektromagnetsko otključavanje brave, boja u tamnom tonu,
A112: b) | B112: komplet okov za dvokrilna vrata, brava za vrata s panik funkcijom, gornji hidraulički zatvarač s polugom, graničnik-fikser, pritisna šipka s unutarnje strane,
A113: c) | B113: ukupni koeﬁcijent prolaska topline cijele stijene UW ≤ 1,22 W/m2K,
A114: d) | B114: ostakljenje: dvostruko laminirano IZO staklo 3+3/16Ar/c4, ispuna argonom, s jednim staklom niske emisije, s proračunskim dokazom koef. prolaska topline Ug ≤ 1,10 W/m2K, faktor gꞱ= 0,65,
A115: e) | B115: rubni opšav (vanjski i unutarnji) - RAL ugradnja: vanjska hidroizolacija-paropropusna folija i unutarnja-paronepropusna (parna brana); ili brtvena ekspandirajuća traka.
B116: Stavka uključuje kompletnu funkcionalnu, završno ugrađenu, ostakljenu i obrađenu stavku, sav okov, sva sidra i sidrene detalje, spojna i pričvrsna sredstva. U stavku je uključena obrada spoja na kontaktne plohe zidova kao i sva potrebna prilagođavanja i podešavanja.
B117: U cijenu stavke uračunato je uzimanje mjera na licu mjesta, dobava i ugradnja. Obračun po komadu.
B118: Izvesti prema shemi stolarije | C118: kom | D118: 2 | F118: =ROUND(D118*E118,2) -> 0
A121: 8. | B121: Sporedna ulazna vrata ZV2
B122: Izrada, doprema i ugradnja dvodijelne ostakljene aluminijske stijene koja se sastoji od ostakljenih dvokrilnih zaokretnih vrata i jednog fiksnog ostakljenog polja u građevinskom otvoru 154x260 cm:
A123: a) | B123: Sistemski metalni okov za ručno otvaranje i elektromagnetsko otključavanje brave, boja u tamnom tonu
A124: b) | B124: komplet okov za dvokrilna vrata, brava za vrata s panik funkcijom, gornji hidraulički zatvarač s polugom, graničnik-fikser, pritisna šipka s unutarnje strane,
A125: c) | B125: ukupni koeﬁcijent prolaska topline cijele stijene UW ≤ 1,22 W/m2K,
A126: d) | B126: ostakljenje: dvostruko laminirano IZO staklo 3+3/16Ar/c4, ispuna argonom, s jednim staklom niske emisije, s proračunskim dokazom koef. prolaska topline Ug ≤ 1,10 W/m2K, faktor gꞱ= 0,65,
A127: e) | B127: rubni opšav (vanjski i unutarnji) - RAL ugradnja: vanjska hidroizolacija-paropropusna folija i unutarnja-paronepropusna (parna brana); ili brtvena ekspandirajuća traka.
...

Sheet B.II.2. sto
A2: TROŠKOVNIK GRAĐEVINSKO OBRTNIČKIH RADOVA I ELEKTRO INSTALACIJE
A3: B. OBRTNIČKI RADOVI / B.II.2. VANJSKA STOLARIJA (STAMBENIH PROSTORIJA)
A4: r.b. | B4: opis stavke | C4: jed. | D4: kol. | E4: jed.cijena | F4: ukupno
A7: B.II.2. | B7: VANJSKA STOLARIJA (STAMBENIH PROSTORIJA)
A10: 1. | B10: Ostakljena stijena - S1
B11: Izrada, doprema i ugradnja peterodijelne ostakljene PVC stijene koja se sastoji od balkonskih vrata s jednim otklopno zaokretnim krilom, jednokrilnog prozora s otklopno zaokretnim krilom i tri fiksna polja u građevinskom otvoru 335x265 cm:
A12: a) | B12: Sistemski metalni okov za ručno otvaranje, boja u tamnom tonu,
A13: b) | B13: ukupni koeﬁcijent prolaska topline cijele stijene UW ≤ 1,20 W/m2K,
A14: c) | B14: ostakljenje: trostruko IZO staklo 4/14Ar/4/14Ar/4, ispuna argonom, s jednim staklom niske emisije, s proračunskim dokazom koef. prolaska topline Ug ≤ 0,70 W/m2K, faktor gꞱ= 0,50,
A15: d) | B15: eslinger roleta s izoliranom kutijom za rolete i komarnikom U < 0,6 W/m²K
A16: e) | B16: rubni opšav (vanjski i unutarnji) - RAL ugradnja: vanjska hidroizolacija-paropropusna folija i unutarnja-paronepropusna (parna brana); ili brtvena ekspandirajuća traka.
B17: Stavka uključuje kompletnu funkcionalnu, završno ugrađenu, ostakljenu i obrađenu stavku, sav okov, sva sidra i sidrene detalje, spojna i pričvrsna sredstva. U stavku je uključena obrada spoja na kontaktne plohe zidova kao i sva potrebna prilagođavanja i podešavanja.
B18: U cijenu stavke uračunato je uzimanje mjera na licu mjesta, dobava i ugradnja. Obračun po komadu.
B19: Izvesti prema shemi stolarije | C19: kom | D19: 21 | F19: =ROUND(D19*E19,2) -> 0
A22: 2. | B22: Ostakljena stijena - S2
B23: Izrada, doprema i ugradnja peterodijelne ostakljene PVC stijene koja se sastoji od balkonskih vrata s jednim otklopno zaokretnim krilom, jednokrilnog prozora s otklopno zaokretnim krilom i tri fiksna polja u građevinskom otvoru 335x265 cm:
A24: a) | B24: Sistemski metalni okov za ručno otvaranje, boja u tamnom tonu,
A25: b) | B25: ukupni koeﬁcijent prolaska topline cijele stijene UW ≤ 1,20 W/m2K,
A26: c) | B26: ostakljenje: trostruko IZO staklo 4/14Ar/4/14Ar/4, ispuna argonom, s jednim staklom niske emisije, s proračunskim dokazom koef. prolaska topline Ug ≤ 0,70 W/m2K, faktor gꞱ= 0,50,
A27: d) | B27: eslinger roleta s izoliranom kutijom za rolete i komarnikom U < 0,6 W/m²K
A28: e) | B28: rubni opšav (vanjski i unutarnji) - RAL ugradnja: vanjska hidroizolacija-paropropusna folija i unutarnja-paronepropusna (parna brana); ili brtvena ekspandirajuća traka.
B29: Stavka uključuje kompletnu funkcionalnu, završno ugrađenu, ostakljenu i obrađenu stavku, sav okov, sva sidra i sidrene detalje, spojna i pričvrsna sredstva. U stavku je uključena obrada spoja na kontaktne plohe zidova kao i sva potrebna prilagođavanja i podešavanja.
B30: U cijenu stavke uračunato je uzimanje mjera na licu mjesta, dobava i ugradnja. Obračun po komadu.
B31: Izvesti prema shemi stolarije | C31: kom | D31: 12 | F31: =ROUND(D31*E31,2) -> 0
A34: 3. | B34: Ostakljena stijena - S3
B35: Izrada, doprema i ugradnja troodijelne ostakljene PVC stijene koja se sastoji od balkonskih vrata s jednim otklopno zaokretnim krilom, jednokrilnog prozora s otklopno zaokretnim krilom i jednog fiksnog polja u građevinskom otvoru 87,5x265 + 260x168 cm:
A36: a) | B36: Sistemski metalni okov za ručno otvaranje, boja u tamnom tonu,
A37: b) | B37: ukupni koeﬁcijent prolaska topline cijele stijene UW ≤ 1,20 W/m2K,
A38: c) | B38: ostakljenje: trostruko IZO staklo 4/14Ar/4/14Ar/4, ispuna argonom, s jednim staklom niske emisije, s proračunskim dokazom koef. prolaska topline Ug ≤ 0,70 W/m2K, faktor gꞱ= 0,50,
A39: d) | B39: eslinger roleta s izoliranom kutijom za rolete i komarnikom U < 0,6 W/m²K
A40: e) | B40: rubni opšav (vanjski i unutarnji) - RAL ugradnja: vanjska hidroizolacija-paropropusna folija i unutarnja-paronepropusna (parna brana); ili brtvena ekspandirajuća traka.
B41: Stavka uključuje kompletnu funkcionalnu, završno ugrađenu, ostakljenu i obrađenu stavku, sav okov, sva sidra i sidrene detalje, spojna i pričvrsna sredstva. U stavku je uključena obrada spoja na kontaktne plohe zidova kao i sva potrebna prilagođavanja i podešavanja.
B42: U cijenu stavke uračunato je uzimanje mjera na licu mjesta, dobava i ugradnja. Obračun po komadu.
B43: Izvesti prema shemi stolarije | C43: kom | D43: 5 | F43: =ROUND(D43*E43,2) -> 0
A46: 4. | B46: Ostakljena stijena - S4
B47: Izrada, doprema i ugradnja dvodijelne ostakljene PVC stijene koja se sastoji od balkonskih vrata s jednim otklopno zaokretnim krilom i fiksnog ostakljenja u građevinskom otvoru 150x265 cm:
A48: a) | B48: Sistemski metalni okov za ručno otvaranje, boja u tamnom tonu,
A49: b) | B49: ukupni koeﬁcijent prolaska topline cijele stijene UW ≤ 1,20 W/m2K,
A50: c) | B50: ostakljenje: trostruko IZO staklo 4/14Ar/4/14Ar/4, ispuna argonom, s jednim staklom niske emisije, s proračunskim dokazom koef. prolaska topline Ug ≤ 0,70 W/m2K, faktor gꞱ= 0,50,
A51: d) | B51: eslinger roleta s izoliranom kutijom za rolete i komarnikom U < 0,6 W/m²K
A52: e) | B52: rubni opšav (vanjski i unutarnji) - RAL ugradnja: vanjska hidroizolacija-paropropusna folija i unutarnja-paronepropusna (parna brana); ili brtvena ekspandirajuća traka.
B53: Stavka uključuje kompletnu funkcionalnu, završno ugrađenu, ostakljenu i obrađenu stavku, sav okov, sva sidra i sidrene detalje, spojna i pričvrsna sredstva. U stavku je uključena obrada spoja na kontaktne plohe zidova kao i sva potrebna prilagođavanja i podešavanja.
B54: U cijenu stavke uračunato je uzimanje mjera na licu mjesta, dobava i ugradnja. Obračun po komadu.
B55: Izvesti prema shemi stolarije | C55: kom | D55: 23 | F55: =ROUND(D55*E55,2) -> 0
A58: 5. | B58: Ostakljena stijena - S5
B59: Izrada, doprema i ugradnja dvodijelne ostakljene PVC stijene koja se sastoji od balkonskih vrata s jednim otklopno zaokretnim krilom i fiksnog ostakljenja u građevinskom otvoru 140x265 cm:
A60: a) | B60: Sistemski metalni okov za ručno otvaranje, boja u tamnom tonu,
A61: b) | B61: ukupni koeﬁcijent prolaska topline cijele stijene UW ≤ 1,20 W/m2K,
A62: c) | B62: ostakljenje: trostruko IZO staklo 4/14Ar/4/14Ar/4, ispuna argonom, s jednim staklom niske emisije, s proračunskim dokazom koef. prolaska topline Ug ≤ 0,70 W/m2K, faktor gꞱ= 0,50,
A63: d) | B63: eslinger roleta s izoliranom kutijom za rolete i komarnikom U < 0,6 W/m²K
A64: e) | B64: rubni opšav (vanjski i unutarnji) - RAL ugradnja: vanjska hidroizolacija-paropropusna folija i unutarnja-paronepropusna (parna brana); ili brtvena ekspandirajuća traka.
B65: Izvesti prema shemi stolarije | C65: kom | D65: 4 | F65: =ROUND(D65*E65,2) -> 0
A68: 6. | B68: Prozor P1
B69: Izrada, doprema i ugradnja trodijelnog PVC prozora koji se sastoje od dva otklopno zaokretna prozora i dvokrilnog zaokretnog u građevinskom otvoru 360 x 168 cm:
A70: a) | B70: Sistemski metalni okov za ručno otvaranje, boja u tamnom tonu,
A71: b) | B71: donji horizontalni slijepi proﬁl 5x3 cm za ispravan spoj vanjske klupčice,
A72: c) | B72: unutarnja klupčica, vanjska opisana u limarskim radovima,
A73: d) | B73: ukupni koeﬁcijent prolaska topline cijelog prozora UW ≤ 1,20 W/m2K,
A74: e) | B74: ostakljenje: trostruko IZO staklo 4/14Ar/4/14Ar/4, ispuna argonom, s jednim staklom niske emisije, s proračunskim dokazom koef. prolaska topline Ug ≤ 0,70 W/m2K, faktor gꞱ= 0,50,
A75: f) | B75: eslinger roleta s izoliranom kutijom za rolete i komarnikom U < 0,6 W/m²K
A76: g) | B76: rubni opšav (vanjski i unutarnji) - RAL ugradnja: vanjska hidroizolacija-paropropusna folija i unutarnja-paronepropusna (parna brana); ili brtvena ekspandirajuća traka.
B77: Stavka uključuje kompletnu funkcionalnu, završno ugrađenu, ostakljenu i obrađenu stavku, sav okov, sva sidra i sidrene detalje, spojna i pričvrsna sredstva. U stavku je uključena obrada spoja na kontaktne plohe zidova kao i sva potrebna prilagođavanja i podešavanja.
B78: U cijenu stavke uračunato je uzimanje mjera na licu mjesta, dobava i ugradnja. Obračun po komadu.
B79: Izvesti prema shemi stolarije | C79: kom | D79: 17 | F79: =ROUND(D79*E79,2) -> 0
A82: 7. | B82: Prozor P2
B83: Izrada, doprema i ugradnja trodijelnog PVC prozora koji se sastoje od dva otklopno zaokretna prozora i dvokrilnog zaokretnog u građevinskom otvoru 347,5 x 168 cm:
A84: a) | B84: Sistemski metalni okov za ručno otvaranje, boja u tamnom tonu,
A85: b) | B85: donji horizontalni slijepi proﬁl 5x3 cm za ispravan spoj vanjske klupčice,
A86: c) | B86: unutarnja klupčica, vanjska opisana u limarskim radovima,
A87: d) | B87: ukupni koeﬁcijent prolaska topline cijelog prozora UW ≤ 1,20 W/m2K,
A88: e) | B88: ostakljenje: trostruko IZO staklo 4/14Ar/4/14Ar/4, ispuna argonom, s jednim staklom niske emisije, s proračunskim dokazom koef. prolaska topline Ug ≤ 0,70 W/m2K, faktor gꞱ= 0,50,
A89: f) | B89: eslinger roleta s izoliranom kutijom za rolete i komarnikom U < 0,6 W/m²K
A90: g) | B90: rubni opšav (vanjski i unutarnji) - RAL ugradnja: vanjska hidroizolacija-paropropusna folija i unutarnja-paronepropusna (parna brana); ili brtvena ekspandirajuća traka.
B91: Stavka uključuje kompletnu funkcionalnu, završno ugrađenu, ostakljenu i obrađenu stavku, sav okov, sva sidra i sidrene detalje, spojna i pričvrsna sredstva. U stavku je uključena obrada spoja na kontaktne plohe zidova kao i sva potrebna prilagođavanja i podešavanja.
B92: U cijenu stavke uračunato je uzimanje mjera na licu mjesta, dobava i ugradnja. Obračun po komadu.
B93: Izvesti prema shemi stolarije | C93: kom | D93: 7 | F93: =ROUND(D93*E93,2) -> 0
A96: 8. | B96: Prozor P3
B97: Izrada, doprema i ugradnja trodijelnog PVC prozora koji se sastoji od tri otklopno zaokretna prozora u građevinskom otvoru 287,5x168 cm:
A98: a) | B98: Sistemski metalni okov za ručno otvaranje, boja u tamnom tonu,
A99: b) | B99: donji horizontalni slijepi proﬁl 5x3 cm za ispravan spoj vanjske klupčice,
A100: c) | B100: unutarnja klupčica, vanjska opisana u limarskim radovima,
A101: d) | B101: ukupni koeﬁcijent prolaska topline cijelog prozora UW ≤ 1,20 W/m2K,
A102: e) | B102: ostakljenje: trostruko IZO staklo 4/14Ar/4/14Ar/4, ispuna argonom, s jednim staklom niske emisije, s proračunskim dokazom koef. prolaska topline Ug ≤ 0,70 W/m2K, faktor gꞱ= 0,50,
A103: f) | B103: eslinger roleta s izoliranom kutijom za rolete i komarnikom U < 0,6 W/m²K
A104: g) | B104: rubni opšav (vanjski i unutarnji) - RAL ugradnja: vanjska hidroizolacija-paropropusna folija i unutarnja-paronepropusna (parna brana); ili brtvena ekspandirajuća traka.
B105: Stavka uključuje kompletnu funkcionalnu, završno ugrađenu, ostakljenu i obrađenu stavku, sav okov, sva sidra i sidrene detalje, spojna i pričvrsna sredstva. U stavku je uključena obrada spoja na kontaktne plohe zidova kao i sva potrebna prilagođavanja i podešavanja.
B106: U cijenu stavke uračunato je uzimanje mjera na licu mjesta, dobava i ugradnja. Obračun po komadu.
B107: Izvesti prema shemi stolarije | C107: kom | D107: 5 | F107: =ROUND(D107*E107,2) -> 0
A110: 9. | B110: Prozor P3a
B111: Izrada, doprema i ugradnja jednodijelnog dvokrilnog zaokretno otklopnog PVC prozora u građevinskom otvoru 200x168 cm:
A112: a) | B112: Sistemski metalni okov za ručno otvaranje, boja u tamnom tonu,
A113: b) | B113: donji horizontalni slijepi proﬁl 5x3 cm za ispravan spoj vanjske klupčice,
A114: c) | B114: unutarnja klupčica, vanjska opisana u limarskim radovima,
A115: d) | B115: ukupni koeﬁcijent prolaska topline cijelog prozora UW ≤ 1,20 W/m2K,
A116: e) | B116: ostakljenje: trostruko IZO staklo 4/14Ar/4/14Ar/4, ispuna argonom, s jednim staklom niske emisije, s proračunskim dokazom koef. prolaska topline Ug ≤ 0,70 W/m2K, faktor gꞱ= 0,50,
A117: f) | B117: eslinger roleta s izoliranom kutijom za rolete i komarnikom U < 0,6 W/m²K
A118: g) | B118: rubni opšav (vanjski i unutarnji) - RAL ugradnja: vanjska hidroizolacija-paropropusna folija i unutarnja-paronepropusna (parna brana); ili brtvena ekspandirajuća traka.
B119: Stavka uključuje kompletnu funkcionalnu, završno ugrađenu, ostakljenu i obrađenu stavku, sav okov, sva sidra i sidrene detalje, spojna i pričvrsna sredstva. U stavku je uključena obrada spoja na kontaktne plohe zidova kao i sva potrebna prilagođavanja i podešavanja.
B120: U cijenu stavke uračunato je uzimanje mjera na licu mjesta, dobava i ugradnja. Obračun po komadu.
B121: Izvesti prema shemi stolarije | C121: kom | D121: 1 | F121: =ROUND(D121*E121,2) -> 0
...

Sheet B.III.zz
A2: TROŠKOVNIK GRAĐEVINSKO OBRTNIČKIH RADOVA I ELEKTRO INSTALACIJE
A3: B. OBRTNIČKI RADOVI / B.III. ZAVRŠNI ZIDARSKO - FASADERSKI RADOVI
A4: r.b. | B4: opis stavke | C4: jed. | D4: kol. | E4: jed.cijena | F4: ukupno
A7: B.III. | B7: ZAVRŠNI ZIDARSKO - FASADERSKI RADOVI
A9: OPĆI UVJETI
A11: Sve radove izvođač mora izvoditi prema troškovniku i izvedbenoj projektnoj dokumentaciji, solidno i stručno, prema pravilima dobrog zanata, Zakonu o građevni proizvodima (NN 76/13,30/14, 130/17), Tehničkim propisima za građevinske konstrukcije (NN 17/17), Pravilniku o ocjenjivanju sukladnosti, ispravama o sukladnosti i označavanju građevinskih proizvoda (NN 103/08, 147/09, 87/10, 129/11), Pravilniku o tehničkim mjerama i uvjetima za završne radove u zgradarstvu (Sl.list br. 21/90), Tehničkom propisu o racionalnoj upotrebi energije i toplinskoj zaštiti u zgradama (NN 128/15, 70/18, 73/18-ispravak, 86/18-ispravak) s pripadajućim normama, Tehničkom propis o građevnim proizvodima (NN 35/18), te svim ostalim hrvatskim i europskim tehničkim propisima i normama i priznatim tehničkim pravilima, ili jednakovrijedno __________________, a osobito :
A13: HRN EN 13162:2015 ili jednakovrijedno __________________, tvornički izrađeni proizvodi od mineralne vune (MW) HRN EN 13163:2016 ili jednakovrijedno __________________, tvornički izrađeni proizvodi od ekspandiranog polistirena (EPS) HRN EN 13164:2015 ili jednakovrijedno __________________, tvornički izrađeni proizvodi od ekstrudirane polistirenske pjene (XPS) HRN EN 13165:2016 ili jednakovrijedno __________________, tvornički izrađeni proizvodi od tvrde poliuretanske pjene (PUR) HRN EN 13166:2016 ili jednakovrijedno __________________, tvornički izrađeni proizvodi od fenolne pjene (PF) HRN EN 13167:2015 ili jednakovrijedno __________________, tvornički izrađeni proizvodi od ćelijastog (pjenastog) stakla (CG) HRN EN 13168:2015 ili jednakovrijedno __________________, tvornički izrađeni proizvodi od drvene vune (WW) HRN EN 13169:2015 ili jednakovrijedno __________________, tvornički izrađeni proizvodi od ekspandiranog perlita (EPB) HRN EN 13170:2015 ili jednakovrijedno __________________, tvornički izrađeni proizvodi od ekspandiranog pluta (ICB) HRN EN 13171:2015 ili jednakovrijedno __________________, tvornički izrađeni proizvodi od drvenih vlakana (WF) ETAG 004, 03/00, 06/08 ili jednakovrijedno __________________, EXTERNAL THERMAL INSULATION COMPOSITE SYSTEMS WITH RENDERING HRN EN 13499:2004 ili jednakovrijedno __________________, povezani sustavi za vanjsku toplinsku izolaciju (ETICS) na osnovi EPS HRN EN 13500:2004 ili jednakovrijedno __________________, povezani sustavi za vanjsku toplinsku izolaciju (ETICS) na osnovi MW HRN EN 29052-1 (ISO 9052-1 ili jednakovrijedno __________________; EN 29052-1 ili jednakovrijedno __________________) ili jednakovrijedno __________________, materijali koji se upotrebljavaju u stanovima ispod plivajućih podova HRN EN 13172:2012 ili jednakovrijedno __________________, toplinsko - izoalcijski proizvodi, vrednovanje sukladnosti
A14: HRN EN 13495 ili jednakovrijedno __________________, toplinsko-izolacijski proizvodi za primjenu u zgradarstvu - određivanje otpornosti na čupanje povezanih sustava za vanjsku toplinsku izolaciju (ETICS) HRN EN 13501-1 ili jednakovrijedno __________________, razredba građevnih proizvoda i građevnih elemenata prema ponašanju u požaru HRN DIN 18 516 ili jednakovrijedno __________________, ventilirane fasade HRN EN 998-1 ili jednakovrijedno __________________, specifikacija morta za ziđe HRN EN 15824 ili jednakovrijedno __________________, specifikacije za vanjske i unutarnje žbuke na osnovi organskih veziva HRN EN 1991-1-4: Eurocod 1 - Djelovanja na konstrukcije - Dio 1-4: Opća djelovanja - Djelovanja vjetra - nacionalni dodatak ili jednakovrijedno __________________
A16: HRN EN 14063-1:2008 ili jednakovrijedno __________________, na mjestu primjene oblikovani proizvodi od lakoagregatne ekspandirane gline HRN EN 14064-1:2012 ili jednakovrijedno __________________, nevezani proizvodi od mineralne vune (MW) oblikovani na mjestu primjene HRN EN 14064-2:2010 ili jednakovrijedno __________________, nevezani proizvodi od mineralne vune (MW) oblikovani na mjestu primjene HRN EN 14316-1:2008 ili jednakovrijedno __________________, oblikovanje toplinske izolacije na mjestu primjene od proizvoda na bazi eksp. perlita (EP)
A18: HRN B.C1.030 ili jednakovrijedno __________________, B.C8.030 ili jednakovrijedno __________________, građevinski gips HRN B.C1.020 ili jednakovrijedno __________________, B.C8.030 ili jednakovrijedno __________________, građevinsko vapno HRN B.C8.015,022 – 026 ili jednakovrijedno __________________, cement HRN B.C8.011 ili jednakovrijedno __________________, portland cement HRN B.C8.030 ili jednakovrijedno __________________, pijesak HRN U.M2.010 ili jednakovrijedno __________________, U.M2.012 ili jednakovrijedno __________________, mortovi HRN U.F2.010 ili jednakovrijedno __________________, tehički normativi za izvođenje fasaderskih radova
A20: Ukoliko ne postoje adekvatni standardi za materijale koji se ugrađuju, obavezno je pribaviti odgovarajući atest kao dokaz kvalitete.
A22: Izvoditelj je dužan osigurati i zaštititi sve dijelove građevine na kojima se izvode radovi, radi sprečavanja oštećenja tijekom izvedbe. Pojava svih oštećenja na dijelovima na kojima se ne izvode radovi ili koji su nastupili nepažnjom izvoditelja isti je dužan otkloniti o vlastitom trošku. Naročitu pažnju treba posvetiti zaštiti stolarije koju treba zaštititi PVC građevinskom folijom. Ta zaštita ulazi u jediničnu cijenu izvedbe pročelja zgrade.
A24: Sav rad, sve komunikacije i sav transport vrši se isključivo s vanjske strane građevine, tj. preko skele. Zidarsko-fasaderski radovi se izvode na dobro očišćenoj i otprašenoj površini zida te ih treba izvoditi samo u povoljnim vremenskim uvjetima, uz odgovarajuće osiguranje i zaštitu svježe ožbukanih površina od štetnog utjecaja djelovanja sunca i oborina. Sve detalje izvedbe na pročelju potrebno je dogovoriti i na njih ishoditi suglasnost nadzornog inženjera, a prije pristupanja izvedbi radova. Obračun svih radova vršit će se kako je to naznačeno u opisu stavke.
A26: Žbukati tek kada se zidovi osuše. Ne smije se žbukati kad postoji opasnost od smrzavanja ili ekstremno visokih temperatura 30° ili više. Zidovi moraju biti prije žbukanja čisti, a fuge udubljene da se žbuka može dobro primiti. Prije žbukanja zidove navlažiti, a osobito kod cementne žbuke/ morta. Ukoliko na zidovima izbija salitra – treba ih četkom očistiti i oprati rastvorom solne kiseline u vodi (omjer 1:10) o trošku izvođača i dodavati sredstvo protiv izbijanja salitre u mort. Prva faza žbukanja je bacanje grubog šprica (oštri pijesak, cement, voda) i to zidarskom žlicom, a ne tavom. Na grubi špric bacati grubu žbuku kojom se definira ravnina žbukane plohe. Fina žbuka služi samo za zaglađivanje površina. Treba je izraditi tako da površine budu posve ravne i glatke, a uglovi i bridovi, te spojevi zida i stropa izvedeni oštro ukoliko u troškovniku nije drugačije označeno. Rabiciranje žbuke izvodi se pomoću tekstilno staklene mrežice otporne na alkalije ili sitno pletene mreže od nehrđajućeg čelika. Točno izvedena žbuka je ona koja po horizontali i vertikali nema odstupanja veća od 1‰ u bilo kojem smjeru, za jednu etažu. Troškovi sanacije dijelova izvedenih van ovih kriterija padaju na teret izvođača radova.
A28: Mort za žbukanja mora odgovarati HRN U.M2.012 ili jednakovrijedno _____________________. Prije žbukanja sve zidne površine potrebno je očistiti i pošpricati rijetkim cementnim mortom u omjeru 1:1. Završne plohe zida moraju biti ravne, fine i jednolično zaglađene. Mort treba biti miješan u omjerima materijala kako je određeno projektom morta, a koji je dužan dostaviti izvođač. Navedenim projektom se mora postići projektirana marka morta. Sav pribor koji se koristi pri mješanju i transportu se treba održavati čistim. Nakon što se mort izvadi iz mješalice ne smije mu se dodavati nikakav materijal. Mort mora biti upotrebljen prije nego počne vezivanje. Mort mora imati plastičnu konzistenciju određenu normama za mort. Unaprijed pripremljeni mort treba rabiti u skladu s uputama proizvođača i prije kraja roka uporabe deklariranog od proizvođača.
A30: ETICS (the external thermal insulation composite system), odnosno povezani sustav za vanjsku toplinsku izolaciju sastoji se od ljepila, toplinske izolacije (EPS, mineralna vuna), polimercementne armirane žbuke, impregnacijskog premaza i završne žbuke u odabranoj boji i teksturi (silikatna, akrilna, silikonska). ETICS sustav treba izvoditi komponentama jednog, odabranog sustava. Kod ugradnje svih komponenti pridržavati se uputa proizvođača (način ugradnje, sušenje). Pri izvedbi ETICS-a, odnosno povezanog sustava za vanjsku toplinsku izolaciju potrebno je pridržavati se Smjernica za izradu ETICS sustava (HUPFAS). Izbor pričvrsnica mora odgovarati kategoriji opterećenja za postojeću podlogu u skladu sa smjernicom ETAG 014 ili jednakovrijedno __________________. Svaka pričvrsnica koja se koristi treba imati dokaz uporabljivosti u skladu s europskom smjernicom ETAG 014 ili jednakovrijedno __________________ prema kojoj treba biti izdana tehnička ocjena. Ako podloga ne odgovara nit jednoj kategoriji prema ETAG 014 ili jednakovrijedno, potrebno je izvesti ispitivanje nosivosti pričvrsnice na gradilištu (pull-off) test. Tip i broj pričvrsnica po m² određuje se na temelju proračuna negativnih tlakova u skladu s važećom hrvatskom normom HRN EN 1991-1-4:2012/NA: 2012: Eurokod 1- Djelovanja na konstrukcije – dio 1-4: Opća djelovanja – Djelovanja vjetra – nacionalni dodatak i nosivosti pričvrsnice na postojećoj podlozi ili jednakovrijedno __________________. Norma vrijedi za zgrade visine do 22 m, omjera visine i manje strane objekta h/d≤2, nadmorske visine do 500 mnm, te nazivne brzine vjetra do vref,0 35 m/s. Za sve ostale slučajeve obavezno je izraditi proračun broja pričvrsnica u skladu s važećim hrvatskim tehničkim propisima. Duljinu pričvrsnica je potrebno odrediti na način da se osigura, od proizvođača propisana, dubina sidrenja. Pričvrsnice ne smiju biti sidrene u žbuku, već isključivo u nosivu podlogu (beton, opeka). Lijepljenje toplinske izolacije na podlogu treba vršiti na način kako je to opisano u nacionalnim Smjernicama z aizradu ETICS sustava (HUPFAS-a). Pričvrsnica može efikasno pružiti negativno opterećenje vjetrom jedino ako se ispod nje nalazi sloj ljepila. Temeljem važeće hrvatske i europske građevne regulative svi su ponuđači sustava dužni nuditi kompletni toplinsko - izolacijski sustav za koji je proveden postupak ocijenjivanja sukladnosti i izdane isprave o sukladnosti u skladu s odredbama Pravilnika za ocijenjivanje sukladnosti, isprave o skuladnosti i označavanje građevnih proizvoda (NN 103/08, 147/09, 87/10, 129/11). Izvođači su dužni iste ugraditi prema tehničkoj uputi proizvođača i smjernicama HUPFAS-a te kontrolirati jesu li proizvodi koji su isporučeni na gradilište dio sustava. Izvođač sustava i nadzorni inženjner na gradilištu obavezni su kontrolirati jesu li isporučeni elementi odgovarajućeg sustava za koji je proveden postupak ocijenja sukladnosti u skladu s važećim zakonima i propisima, te na gradilištu imati svu pripadajuću dokumentaciju (tehničke upute, potvrde, izjave o sukladnosti i dr.).
... A64: Toplinska izolacija obračunava se po stvarnoj površini, s odbijanjem svih otvora. Radovi završnog žbukanja (armirana vapnena i polimercementna žbuka, impregnacijski premaz i završna žbuka) zidova određeni su prema normativima (GN 421 ili jednakovrijedno __________________) i standardima u građevinarstvu, a obračunavaju se na sljedeći način: 1. Otvori veličine do 3,0 m² ne odbijaju se, a njihove špalete se posebno ne obračunavaju. 2. Kod otvora veličine 3,0 do 5,0 m² odbija se površina preko 3,0 m², a špalete se posebno ne obračunavaju. 3. Kod otvora preko 5,0 m² odbija se površina preko 3,0 m², a špalete oko otvora se obračunavaju posebno. Ako su špalete veće od 20 cm, tada se višak preko 20 cm obračunava posebno po m².
A66: 1. | B66: Vanjski zidovi i stropovi, MV d = 18, 14, 8, 4 i 2 cm (vanjski zidovi nadzemnih etaža, zidovi kod terasa uključujući parapeti, zidovi, stupovi, greda i podgledi terasa, vanjski zid stubišta).
B67: Izvedba certificiranog ETICS sustava toplinske izolacije vanjskih zidova (prema normi HRN EN 13500:2004 ili jednakovrijedno __________________), klasificiranje otpornosti na požar (prema normi HRN EN 13501-1), ili jednakovrijedno __________________, sa svim potrebnim predradnjama i pripremom podloge opisana i obračunata u pripremnim radovima A.I. Toplinska izolacija se izvodi mineralnom (kamenom) vunom (λ≤0,036 W/mK, A2-d1), različitih debljina (od 2 do 18 cm), s tankoslojnim polimer cementnim mortom debljine min 0,5 cm nanesenim u dva sloja i armiranim staklenom alkalnootpornom mrežicom između slojeva.
B68: Završni dekorativni sloj izvesti od tankoslojne silikatne žbuke debljine 3,0 mm s dodatkom fungicida na prethodno impregniranu podlogu prema odabranom proizvođaču i tipu završnog sloja. Izbor završne žbuke, boja, granulacija i tekstura žbuke u dogovoru s projektantom u zemljanim tonovima - nikakva dodatna obrada ploha nije potrebna. Ploče mineralne (kamene) vune su lijepljene i mehanički učvršćene plastičnim pričvrsnicama sa širokim glavama, sve prema preporuci proizvođača. Minimalni broj pričvrsnica je 6, a maksimalni 12 kom/m². Izbor pričvrsnica i potrebni broj kom po m² je opisan u općim uvjetima. Zaštita horizontalne plohe fasade na istaknutiom dijelovima zida se izvodi armirano cementnom HI prema detalju, obračun po m'.
B69: U cijenu su uključeni svi potrebni profili za žbukanje i profili za pročelje, alu i/ili PVC kutnici (sa mrežicom), sokl profili, okapni profili na nadvojima otvora, ojačanja za rubove, otvore, uglove i dr., te brtvljenje spojeva pročelja i vanjske stolarije i bravarije brtvom Sd=0,50.
B70: Sve radove treba izvesti isključivo po uputama, koristeći materijale, alate i način izvođenja po tehnologiji proizvođača slojeva pročelja, prema gl. arhitektonskom projektu i detaljima, te projektu racionalne uporabe energije i toplinske zaštite.
B71: Obračun toplinske izolacije i završne žbuke (armirana polimercementna žbuka, impregnacijski premaz i završna žbuka) je po m² izvedene površine, na sljedeći način: Kod obračuna TI otvori se odbijaju u čitavoj površini. Toplinska izolacija špaleta debljine 4 cm obračunava se zasebno u m². Obračun završne žbuke (armirana polimercementna žbuka, impregnacijski premaz i završna žbuka) određen je prema građevinskoj normi i opisan je u općim uvjetima. U cijenu je uključeno isprobavanje uzorka boje žbuke prije odabira boje pročelja.
A73: 1.1. | B73: Vanjski zidovi, parapeti i stropovi
B74: toplinska izolacija zidova i stropova pročelja (MV) d=18 cm | C74: m² | D74: 33 | F74: =ROUND(D74*E74,2) -> 0
B75: toplinska izolacija zidova i stropova pročelja (MV) d=14 cm | C75: m² | D75: 2880 | F75: =ROUND(D75*E75,2) -> 0
B76: MV = 8 cm | C76: m² | D76: 830 | F76: =ROUND(D76*E76,2) -> 0
B77: MV = 4 cm | C77: m² | D77: 1150 | F77: =ROUND(D77*E77,2) -> 0
B78: MV = 4 - 14 cm - čelo zida | C78: m² | D78: 350 | F78: =ROUND(D78*E78,2) -> 0
B81: Završna žbuka
B82: završna žbuka | C82: m² | D82: 4500 | F82: =ROUND(D82*E82,2) -> 0
B83: završna žbuka dimnjaci | C83: m² | D83: 500 | F83: =ROUND(D83*E83,2) -> 0
B84: špalete | C84: m' | D84: 2500 | F84: =ROUND(D84*E84,2) -> 0
B85: Polimer-cementna HI gornje plohe ETICS sustava na zidovima od porobetona - istake zidova | C85: m' | D85: 250 | F85: =ROUND(D85*E85,2) -> 0
A88: 2. | B88: Izvedba ETICS-a na vanjskim zidovima u podnožju zgrade, XPS 4, 8 i 14 cm.
A89: 2.1 | B89: Izvedba certificiranog ETICS-a (prema ETAG 004 ili jednakovrijedno __________________) sustava toplinske izolacije vanjskih zidova, klasificiranje otpornosti na požar minimalnog razreda reakcije na požar D-d1 (prema normi HRN EN 13501-1, 5) ili jednakovrijedno __________________, sa svim potrebnim predradnjama i pripremom podloge. Izvedba izolacije podnožja zgrade visine cca. 30-60 cm, postavom ploča od ekstrudiranog polistirena (XPS) λ≤0,035 W/mK, debljine 16 cm, s tankoslojnom polimer cementnom žbukom debljine 0,5 cm armiranom staklenom alkalnootpornom mrežicom, te završnim vodoodbojnim slojem završne dekorativne žbuke za podnožje s dodatkom fungicida na prethodno impregniranu podlogu, sve iz sustava istog proizvođača. Vrsta impregnacije prema vrsti završnog sloja. Odabri boje, granulacije i teksture žbuke u dogovoru s projektantom u zemljanim tonovima. U stavku je uključena izvedba probnih uzoraka boje na pročelju zgrade prije odabira konačne nijanse boje.
B90: U cijenu su uključeni svi potrebni profili i okapi, te brtvene fleksibilne polimerbitumenske trake na spoju dijela zida izoliranog XPS-om i dijela zida izoliranog mineralnom (kamenom) vunom. Izvesti prema projektu i detalju. U stavku je uključena izvedba probnih uzoraka boje na pročelju zgrade prije odabira završne nijanse boje. Ploče XPS-a su lijepljene na podlogu i mehanički učvršćene plastičnim pričvrsnicama sa širokim glavama, sve prema preporuci proizvođača. Minimalni broj pričvrsnica je 6, a maksimalni 12 kom/m². Izbor pričvrsnica i potrebni broj kom po m² je opisan u općim uvjetima.
B91: U cijenu su uključeni svi potrebni profili za žbukanje i profili za pročelje, alu i/ili PVC kutnici sa mrežicom, sokl profili, okapni profili na nadvojima otvora, ojačanja za rubove, otvore, uglove i dr., te priključni profil sa samoljepljivom brtvenom trakom i mrežicom na sudaru špaleta sa stolarskim stavkama. Sve izvesti prema priloženim detaljima.
B92: Sve radove treba izvesti isključivo po uputama, koristeći materijale, alate i način izvođenja po tehnologiji proizvođača slojeva pročelja, prema gl. arhitektonskom projektu i detaljima, te projektu racionalne uporabe energije i toplinske zaštite.
B93: - XPS debljine 14 cm | C93: m² | D93: 110 | F93: =ROUND(D93*E93,2) -> 0
B94: - XPS debljine 4 cm | C94: m² | D94: 270 | F94: =ROUND(D94*E94,2) -> 0
B95: - XPS debljine 8 cm | C95: m² | D95: 1.5 | F95: =ROUND(D95*E95,2) -> 0
B96: Završna dekorativna žbuka za podnožje | C96: m² | D96: =SUM(D93:D95) -> 381.5 | F96: =ROUND(D96*E96,2) -> 0
A99: 3. | B99: Završno čišćenje
B100: Završno fino čišćenje zgrade nakon dovršetka svih građevinsko-obrtničkih radova. Prilikom čišćenja paziti da se završna obrada ne ošteti.
B101: Napomena: višekratna čišćenja u tijeku gradnje ulaze u jedinične cijene svih sudionika na gradnji, ne ulaze u ovu stavku i ne obračunavaju se posebno.
C102: komplet | D102: 1 | F102: =ROUND(D102*E102,2) -> 0
A104: 4. | B104: Odvoz smeća
B105: Utovar i odvoz otpadnog materijala, ambalaže i sl. na deponij udaljenoj 20 km.
B106: Uključivo svi troškovi prijevoza i komunalne naknade deponija. Izvodi se po nalogu i odobrenju nadzornog inženjera.
B107: Napomena: višekratni odvozi smeća u tijeku gradnje ulaze u jedinične cijene svih sudionika na gradnji, ne ulaze u ovu stavku i ne obračunavaju se posebno.
C108: komplet | D108: 1 | F108: =ROUND(D108*E108,2) -> 0
A110: B.III. | B110: ZAVRŠNI ZIDARSKO - FASADERSKI RADOVI UKUPNO: | E110: EUR | F110: =SUM(F74:F108) -> 0

Sheet B.IV.brav 
A2: TROŠKOVNIK GRAĐEVINSKO OBRTNIČKIH RADOVA I ELEKTRO INSTALACIJE
A3: B. OBRTNIČKI RADOVI / B.IV. VANJSKA BRAVARIJA
A4: r.b. | B4: opis stavke | C4: jed. | D4: kol. | E4: jed.cijena | F4: ukupno
A7: B.IV. | B7: VANJSKA BRAVARIJA
B9: OPĆI UVJETI
B11: Sve radove izvođač mora izvoditi prema troškovniku i izvedbenoj projektnoj dokumentaciji, solidno i stručno, prema pravilima dobrog zanata i mjerama uzetima na licu mjesta, Pravilniku o ocjenjivanju sukladnosti, ispravama o sukladnosti i označavanju građevinskih proizvoda (NN 103/08, 147/09, 87/10, 129/11), Pravilniku o tehničkim mjerama i uvjetima za završne radove u zgradarstvu (Sl.list br. 21/90), Tehničkom propisu o racionalnoj upotrebi energije i toplinskoj zaštiti u zgradama (NN 97/14, 130/14) s pripadajućim normama, Tehničkom propis o građevnim proizvodima (NN 33/10, 87/10, 146/10, 81/11, 100/11, 130/12, 81/13), prema Tehničkim propisima za prozore i vrata (NN 69/06) sa pripadajućim noramama i ostalim normama prema Odluci o popisu normi bitnih za primjenu Tehničkog propisa za prozore i vrata, te svim ostalim tehničkim propisima, priznatim tehničkim pravilima i HR normama, ili jednakovrijedno __________________,a osobito:
B13: HRN EN 14351-1:2006 ili jednakovrijedno __________________, prozori i vrata - norma za proizvod, izvedbene značajke HRN EN 12207:2001 ili jednakovrijedno __________________, prozori i vrata - propusnost zraka HRN EN 12208:2001 ili jednakovrijedno __________________, prozori i vrata - vodonepropusnost HRN EN 12210:2001+AC:2005 ili jednakovrijedno __________________, prozori i vrata - otpornost na opterećenje vjetrom HRN EN ISO 140-3 ili jednakovrijedno __________________, akustika - mjerenje razine zvuka u zgradama i elementima zgrada HRN EN ISO 717-1 ili jednakovrijedno __________________, akustika - određivanje razine zvuka u zgradama HRN EN 410:1998 ili jednakovrijedno __________________, staklo u graditeljstvu - određivanje svjetlosnih i sunčanih značajka ostakljenja HRN EN 572-9:2005 ili jednakovrijedno __________________, staklo u graditeljstvu - proizvodi od osnovnog natrij-kalcij-silikatnog stakla HRN D.E1.012 ili jednakovrijedno __________________, vanjska stolarija HRN D.E8.193. ili jednakovrijedno __________________ i 235. ili jednakovrijedno __________________, vodonepropusnost i hermetičnost
B14: Ukoliko ne postoje adekvatni standardi za materijale koji se ugrađuju, obavezno je pribaviti odgovarajući atest kao dokaz kvalitete.
B16: Prije pristupanju izvođenju radova izvoditelj je dužan izvršiti detaljan pregled svih bravarskih elemenata, prozora i vrata koji se mijenjaju. Bravarski elementi ili njihovi dijelovi, kao i pripadajući okov, koji su oštećeni, moraju se zamijeniti novima. Pri izradi novog elementa, u jediničnu cijenu uračunat je gotov bravarski element sa pripadajućim okovom i ugradnjom na građevinu.
B18: Radovi uključuju izradu, dobavu i montažu do potpune gotovosti al. prozora ili vrata od profila sa ili bez prekinutog termičkog mosta, eloksirani ili termolakirani prema RAL ton karti. Brtvljenje i spajanje prema sistemskim rješenjima propisanim od proizvođača sistema. Sav potreban okov za otvaranje potrebno je da je izrađen od INOX-a ili plastificiran u boji profila (prema rješenju projektanata). Odabrani okov prilagoditi težini i geometriji krila, tako da nesmetano zadovoljava funkciju otvaranja (otklopni, zaokretni ili zaokretno otklopni). U cijenu stavaka uključeno je i staklo.
B20: Sve mjere obavezno je provjeriti na licu mjesta prije izrade bravarije.
B22: Prozori i vrata ugrađuju se u građevinski pripremljeni i obrađeni otvor u AB zidu ili zidu od blok opeka pomoću vijaka primjerenih za ovakvu vrstu montaže. U cijenu je uključen sav potreban rubni opšav (vanjski i unutarnji), vanjska vodonepropusna – paropropusna folija, kamena vuna te sav pričvrsni pribor.
B24: U cijenu također treba biti uključena i izrada vanjske al. klupčice od al. lima deb. 1mm, na potkonstrukciji, završno obrađene eloksažom ili plastifikacijom, sav ostali pomoćni i spojni materijal i sva potrebna podešavanja i prilagođavanja, osim ako stavkom nije opisano drugačije odnosno ako to nije zasebno opisano u limarskim radovima. U cijenu također treba biti uključena i izrada unutarnje al. klupčice od eloksiranog ili plastificiranog al. lima deb. 1 mm, na potkonstrukciji, završna obrada: u natur boji alu. ili termolakiranje prema RAL ton karti, osim ako stavkom nije opisano drugačije odnosno ako to nije zasebno opisano u limarskim radovima. U cijenu također treba biti uključena i izrada unutrašnjih gipskartonskih špaleta, osim ako to nije opisano zasebno.
B26: Zidarska mjera je razmak konstruktivnih elemenata. Modularna mjera je razmak modularnih ravnina koji je manji od zidarske mjere. Stolarska mjera je stvarna vanjska mjera stolarskog elementa koja treba biti manja od modularne mjere. Svjetla stolarska mjera koristi se kod vrata i označava čisti razmak između dovratnika, odnosno poda i nadvratnika. Razlika između zidarske i modularne mjere kod mokre gradnje treba biti 1 – 2 cm, a kod montažne može biti i 0,5. Razlika između modularne i stolarske mjere treba biti od 0,3 do 1 cm. Stvake su opisane zidarskim (građevinskim) mjerama.
B27: Zaokretna vrata ili prozorsko krilo je lijevo ako je okovano s lijeve strane, odnosno ako se otvara u smjeru negativne rotacije (kazaljke na satu). Bravarski elementi se izrađuju prema shemama i detaljima, te u dogovoru s projektantom i nadzornim inženjerom, a označavaju brojem troškovničke stavke.
B29: Svi dijelovi konstrukcije i elementi pojedinih pozicija moraju biti proračunati i dimenzionirani tako da sigurno prihvaćaju opterećenja posebice vjetra (tlak, usis) i drugih atmosferskih utjecaja. Sile koje se javljaju u elementima i fasadi u cjelini moraju se prenijeti na monolitni dio zgrade, dok se deformacije i opterećenja (sile) sa zgrade ne smiju nikako prenositi na fasadu i/ili njene elemente.
... B33: Jedinična cijena uključuje uzimanje mjera na gradilištu i definiranje ugradbenih dimenzija, tehnološku razradu svih detalja, izradu radioničkih nacrta, sav spojni materijal, sidrene ploče, mort za podlijevanje ležaja, zaštitu od korozije, postavu i skidanje radne skele, striktnu primjenu mjera zaštite od požara, sve posredne i neposredne troškove za rad, materijal, alat i građevinske strojeve, sve transporte, čišćenje tokom rada, odvoz i zbrinjavanje smeća na deponij udaljen 20 km, završno čišćenje prije primopredaje radova, nadoknadu eventualne štete nastale iz nepažnje na svojim ili tuđim radovima.
A35: 1. | B35: Pripasivanje i dorada bravarskih ograda francuskih prozora
B36: Pripasivanje postojeće čelične ograde francuskih prozora dimenzije 150/100 cm koja se sastoji od pravokutnog okvira 40x40 mm, s vertikalnim šipkama d=12 mm na razmacima 130 mm, usidrenog u zid na četiri točke. Ograda se skraćuje za 100 mm, s izbacivanjem jedne vertikalne šipke, te s produžavanjem sidrenih oslonaca na potrebnu duljinu za fiksiranje na postojeće sidrene točke. Svi dijelovi ograde moraju po pripasivanju biti antikorozivno zaštićeni. Obračun po kom ograde.
C37: kom | D37: 54 | F37: =ROUND(D37*E37,2) -> 0
A39: 2. | B39: Pripasivanje i dorada bravarskih ograda loggia
B40: Pripasivanje postojeće čelične ograde loggia koja se sastoji od čeličnih stupova 40x40 mm na razmaku cca 100 cm, rukohvata 40x60 mm i panela ispune od žičanog stakla u okviru od L 40x60 mm. Fiksiranje ograde na konstrukciju zgrade je sidrenim pločicama stupova i bočno sidrenjem okvira u a.b. koknstrukciju. Ograda se pripasuje skraćivanjem okvira ostakljenog panela s obje bočne strane za 100 mm, te bočnim fiksiranjem okvira i rukohvata u a.b. konstrukciju sidrenim pločicama i vijcima. Stup najbliži zidu se premješta na novu poziciju, 40 mm odmaknuto od vanjske linije TI fasade. a) konstrukcija ograde se sastoji od čeličnih cijevi 40x40 mm, rukohvata 40x60 mm i okvira za ostakljenje od L 40x60 i cijevi za montažu 30x30 mm b) ispuna ograde je žičano staklo, debljina stakla 4 mm, zamjena stakla obuhvaćena u cijeni c) svi spojevi pregrade su vareni, d) ograda je pričvrščena na bočni AB zid točkasto na 2 mjesta, te na AB konstrukciju loggie preko sidrenih pločica 80x80 mm. e) svi čelični dijelovi i spojni elementi moraju biti antikorozivno obrađeni. Stavka uključuje sav potrebni rad, varove, rezanja, brušenja, sidrenje u zid te sav pomoćni i osnovni materijal, transport, brtve i mjestimična krpanja. Projektantu obavezno donijeti na uvid i ovjeru relevantne radioničke nacrte iz kojih je razvidno kako se vrši montaža. Obračun po komadu ograda.
C41: kom | D41: 64 | F41: =ROUND(D41*E41,2) -> 0
A42: 3. | B42: Montaža zaštitnih mreža protiv ptica
B43: Dobava i montaža mreže protiv ptica na loggiama stubišta. Montažu i spajanje mreže vrši stručna osoba. Stavka predviđa postavu spojnih elemenata od nehrđajućeg čelika ili aluminija. U stavci je uračunat sav potreban rad za montažu, svi spojni i pričvrsni materijali, kao i odvoz i zbrinavanje otpadnog materijala. Obračun po ukupnoj površini mreže za zaštitu.
C44: m2 | D44: =3.22*16 -> 51.52 | F44: =ROUND(D44*E44,2) -> 0
A46: 4. | B46: Ugradnja stalaka za bicikle
B47: Dobava i ugradnja stakla za bicikle od pocinčanih čeličnih cijevi, dim 70x70 cm.
B48: Ugradnja u prostorije prizemlja zgrade naznačene u tlocrtu prizemlja novog stanja.
C49: kom | D49: 17 | F49: =ROUND(D49*E49,2) -> 0
A52: B.IV. | B52: VANJSKA BRAVARIJA UKUPNO: | E52: EUR | F52: =F41+F37+F44+F49 -> 0

Sheet B.V.1.lič
A2: TROŠKOVNIK GRAĐEVINSKO OBRTNIČKIH RADOVA I ELEKTRO INSTALACIJE
A3: B. OBRTNIČKI RADOVI / B.V.1. SOBOSLIKARSKO-LIČILAČKI RADOVI
A4: r.b. | B4: opis stavke | C4: jed. | D4: kol. | E4: jed.cijena | F4: ukupno
A7: B.V.1. | B7: SOBOSLIKARSKO-LIČILAČKI RADOVI (ZAJEDNIČKIH PROSTORIJA) UKUPNO:
A9: OPĆI UVJETI
A11: Materijal koji će se upotrijebiti, pomoćni materijal, rad i pomoćni rad mora u svemu odgovarati standardima, propisima, Pravilniku o tehničkim mjerama i uvjetima za završne radove u građevinarstvu (Sl. list SFRJ 21/90) i Tehničkim uvjetima za izvođenje ličilačkih radova HRN U.F2.O12/78 ili jednakovrijedno __________________. Sav vezivni materijal, ljepila, materijal za brtvljenje i pomoćna sredstva prema HRN U.F1.011, ili jednakovrijedno __________________.
A13: Prije početka izvedbe radova izvoditelj je dužan projektantu predočiti uzorke boja odgovarajuće za određen tip obrade i izvesti probna bojanja s uzorcima na plohama koje se obrađuju, i to u više nijansi boja. Gore navedeno neće se posebno platiti već predstavlja trošak i obvezu izvoditelja i ulazi u jediničnu cijenu izvedbe radova.
A15: Sva bojanja i ličenja treba izvesti samo na suhim, čistim, ravnim ili ravnomjerno zakrivljenim (po projektu) i odmašćenim plohama. Podlogu treba prije početka radova pregledati i kod većih oštećenja ili zaprljanja i zamašćenja na isto upozoriti nadzornog inženjera i radove prekinuti dok se podloga odgovarajuće ne pripremi. Kod manjih oštećenja treba izvoditelj podlogu dovesti u potrebno stanje za kvalitetan rad brušenjem manjih neravnina, kitanjem i zapunjavanjem pukotina i manjih udubina kitom za zapunjavanje i izravnanje. Nakon toga treba obavezno izvesti gletanje odgovarajućom glet masom za određeni tip podloge do potrebne glatkoće, ako nije u stavci troškovnik drugačije navedeno. Sve gore navedeno treba uračunati u jediničnu cijenu.
A17: Pri radu treba se strogo pridržavati pravila zaštite na radu, uz primjenu odgovarajućih zaštitnih sredstava. Sve prostorije po završetku radova treba dobro prozračiti ili ventilirati. Prilikom izvođenja radova izvoditelj treba zaštititi sve susjedne plohe i dijelove konstrukcije na takav način da ne dođe do njihovog prljanja i oštećenja i isto uračunati u cijeni. Ukoliko do prljanja i oštećenja ipak dođe, isto će izvoditelj očistiti i popraviti na svoj trošak.
A19: Tijekom izvođenja radova treba obratiti pažnju na atmosferske prilike. Vanjski radovi se ne smiju izvoditi u slučaju oborina, magle, zraka prezasićenog vlagom, te jakog vjetra i temperature ispod +5°C.
A21: Premazi i boje moraju biti postojani na svjetlo i otporni na pranje vodom, a na vanjskim plohama otporni na atmosferilije. Svi soboslikarski radovi moraju se izvesti prema izabranim uzorcima.
A23: Izvođač može započeti radove tek kad su iz prostorije odstranjeni svi otpaci i drugo što bi moglo smetati izvedbi. Za sve vrste soboslikarsko-ličilačkih radova podloge moraju biti čiste od prašine i druge prljavštine kao što su: smole, ulja, masti, čađa, gar, bitumen, cement, mort i dr. Bojati ili ličiti dopušteno je samo na suhu i pripremljenu podlogu. Vanjski ličilački radovi ne smiju se izvoditi po lošem vremenu, koje bi moglo štetiti kvaliteti radova (npr. hladnoća, oborine, magla, jak vjetar i sl.).
A25: Zabranjeno je bacati u kanalizaciju i sanitarne uređaje ostatke boje, vapna, gipsa, kita i drugog materijala.
A27: ZIDOVI
A28: Unutrašnji zidovi prostorija prvo se izravnavaju, gletaju specijalnim postavama koje moraju dobro prilijegati na podlogu i nakon sušenja činiti vrlo čvrstu podlogu za bojanje disperzivnim bojama. U obračunu su posebno iskazane žbukane / betonske površine od gipskartonskih površina. Grundiranje površine izvodi se i obračunava za cijelu površinu podloga od gipskartonskih ploča. Kvaliteta kitanja i ličenja kontrolira se noću ili u zamračenoj prostoriji reflektorom prislonjenim uz plohu zida odnosno stropa.
A30: Vrste boja za unutarnje / vanjske prostora: - vapno – zastarjela tehnologija koja se danas uglavnom više ne primjenjuje - uljena boja – zastarjela tehnologija koja se danas uglavnom više ne primjenjuje - disperzivne - disperzije bazirane na polimernim vezivima, kao npr. akrilna smola, silikatne, silikonske... - disperzivne latex -disperzije na bazi vinilacetatnog polimera, izuzetno čvrste i otporne na pranje / ribanje - dekorativne stucco boje - na bazi gašenog vapna i finih zrnaca mramornog praha sa specijalnim aditivima
... A66: Jedinična cijena treba obuhvatiti: - bojanje u više boja - sav materijal, dobavu, izradu I dopremu alata, mehanizaciju i uskladištenje - troškove radne snage za kompletan rad opisan u troškovniku - sve horizontalne i vertikalne transporte do mjesta montaže - potrebnu radnu skelu (izuzima se fasadna skela) - čišćenje nakon završetka radova - svu štetu kao i troškove popravka kao posljedica nepažnje u toku izvedbe - troškove zaštite na radu - troškove atesta - zaštitu okolnih konstrukcija od prljanja - čišćenje po završenom radu uključivo odvoz viška materijala na gradski deponij udaljen 20 km
A68: 1. | B68: Popravak boje - ličenje unutarnjih ožbukanih zidova, stropova, špaleta, greda, parapeta nakon ugradnje stolarije
B69: Popravak boje i ličenje izvesti poludisperzivnom bojom za žbukane podloge u minimalno 2 sloja u širini do 50 cm. Priprema postojećih i novo ožbukanih površina zidova, stropova, špaleta, greda i parapeta za bojanje i ličenje. Priprema se sastoji od impregnacije, kitanja i zatvaranja pojedinačnih rupa, gletanja u dva sloja s bandažiranjem svih pukotina i spojeva raznih materijala, brušenja i otprašivanja. Pripremljena površina mora biti glatka i ravna, bez neravnina. Obračun po komadu ugrađenog prozora i vrata.
B70: ZP1 - prozor 360/96 cm | C70: kom | D70: 11 | F70: =ROUND(D70*E70,2) -> 0
B71: ZP2 - prozor 300/96 cm | C71: kom | D71: 4 | F71: =ROUND(D71*E71,2) -> 0
B72: ZP3 - prozor 275/168 cm | C72: kom | D72: 3 | F72: =ROUND(D72*E72,2) -> 0
B73: ZP4 - prozor 170/168 cm | C73: kom | D73: 3 | F73: =ROUND(D73*E73,2) -> 0
B74: ZP5 - prozor 300/60 cm | C74: kom | D74: 3 | F74: =ROUND(D74*E74,2) -> 0
B75: ZP6 - prozor 100/110 cm | C75: kom | D75: 1 | F75: =ROUND(D75*E75,2) -> 0
B76: ZV1 - ulazna ostakljena stijena 335/250 cm | C76: kom | D76: 2 | F76: =ROUND(D76*E76,2) -> 0
B77: ZV2 - ulazna ostakljena stijena 153,5/260 cm | C77: kom | D77: 3 | F77: =ROUND(D77*E77,2) -> 0
B78: ZV3 - ulazna stijena 271/205 cm s prozorom 271/105 cm | C78: kom | D78: 3 | F78: =ROUND(D78*E78,2) -> 0
B79: ZV4 - ostakljena vrata s nadsvjetlom 135,5/260 cm | C79: kom | D79: 35 | F79: =ROUND(D79*E79,2) -> 0
B80: ZV5 - puna vrata 100/260 cm | C80: kom | D80: 5 | F80: =ROUND(D80*E80,2) -> 0
B81: ZV6 - puna vratašca 100/140 cm | C81: kom | D81: 1 | F81: =ROUND(D81*E81,2) -> 0
F82: =SUM(F70:F81) -> 0
A84: 2. | B84: Ličenje kaširane toplinske izolacije stropa podruma
B85: Ličenje unutarnjih novoizvedenih obloga stropova kaširanim pločama MV. Popravak boje i ličenje izvesti poludisperzivnom bojom u minimalno 2 sloja. Priprema površina stropova za bojanje i ličenje. Pripremljena površina mora biti glatka i ravna, bez neravnina.
C86: m2 | D86: 450 | F86: =ROUND(D86*E86,2) -> 0
A88: 3. | B88: Ličenje bravarskih ograda francuskih prozora
B89: Ličenje čeličnih ograda francuskih prozora sastavljenih od čeličnog okvira 40 x 40 mm, s vertikalnim šipkama d=12 mm na razmaku 130 mm, dimenzije panela 140/100 cm. Ličenje u dva sloja bojom za metal, u sivom tonu.
C90: m2 | D90: 180 | F90: =ROUND(D90*E90,2) -> 0
A92: 4. | B92: Ličenje bravarskih ograda loggia
B93: Ličenje čeličnih ograda loggia sastavljenih od čeličnih stupova 40x40 mm, rukohvata 40x60 mm i okvira od L 40 x 60 mm, ustakljenih žičanim staklom 4 mm, dimenzije panela 140/100 cm. Ličenje u dva sloja bojom za metal, u sivom tonu.
C94: m2 | D94: 580 | F94: =ROUND(D94*E94,2) -> 0
A96: B.V.1. | B96: SOBOSLIKARSKO-LIČILAČKI RADOVI (ZAJEDNIČKIH PROSTORIJA) UKUPNO: | E96: EUR | F96: =SUM(F82+F86+F90+F94) -> 0

Sheet B.V.2.lič
A2: TROŠKOVNIK GRAĐEVINSKO OBRTNIČKIH RADOVA I ELEKTRO INSTALACIJE
A3: B. OBRTNIČKI RADOVI / B.V.2. SOBOSLIKARSKO-LIČILAČKI RADOVI
A4: r.b. | B4: opis stavke | C4: jed. | D4: kol. | E4: jed.cijena | F4: ukupno
A7: B.V.2. | B7: SOBOSLIKARSKO-LIČILAČKI RADOVI (STAMBENIH PROSTORIJA) UKUPNO:
A9: 1. | B9: Popravak boje - ličenje unutarnjih ožbukanih zidova, stropova, špaleta, greda, parapeta nakon ugradnje stolarije
B10: Popravak boje i ličenje izvesti poludisperzivnom bojom za žbukane podloge u minimalno 2 sloja u širini do 50cm. Priprema postojećih i novo ožbukanih površina zidova, stropova, špaleta, greda i parapeta za bojanje i ličenje. Priprema se sastoji od impregnacije, kitanja i zatvaranja pojedinačnih rupa, gletanja u dva sloja s bandažiranjem svih pukotina i spojeva raznih materijala, brušenja i otprašivanja. Pripremljena površina mora biti glatka i ravna, bez neravnina. Obračun po komadu ugrađenog prozora i vrata.
B11: P1 - prozor 360/168 cm | C11: kom | D11: 17 | F11: =ROUND(D11*E11,2) -> 0
B12: P2 - prozor 347,5/168 cm | C12: kom | D12: 7 | F12: =ROUND(D12*E12,2) -> 0
B13: P3 - prozor 287,5/168 cm | C13: kom | D13: 5 | F13: =ROUND(D13*E13,2) -> 0
B14: P3a - prozor 200/168 cm | C14: kom | D14: 1 | F14: =ROUND(D14*E14,2) -> 0
B15: P3b - prozor 275/168 cm | C15: kom | D15: 1 | F15: =ROUND(D15*E15,2) -> 0
B16: P4 - prozor 275/168 cm | C16: kom | D16: 8 | F16: =ROUND(D16*E16,2) -> 0
B17: P5 - prozor 120/168 cm u zidu 33 cm | C17: kom | D17: 5 | F17: =ROUND(D17*E17,2) -> 0
B18: P5 - prozor 120/168 cm | C18: kom | D18: 16 | F18: =ROUND(D18*E18,2) -> 0
B19: P5A - prozor 140/168 cm | C19: kom | D19: 2 | F19: =ROUND(D19*E19,2) -> 0
B20: P6 - prozor 60/168 cm | C20: kom | D20: 8 | F20: =ROUND(D20*E20,2) -> 0
B21: P7 - prozor 60/168 cm | C21: kom | D21: 9 | F21: =ROUND(D21*E21,2) -> 0
B22: P8 - prozor 50/168 cm | C22: kom | D22: 5 | F22: =ROUND(D22*E22,2) -> 0
... B29: V1 - garažna vrata 260/205 cm + prozor 260/105 cm | C29: kom | D29: 2 | F29: =ROUND(D29*E29,2) -> 0
A32: B.V. | B32: SOBOSLIKARSKO-LIČILAČKI RADOVI (STAMBENIH PROSTORIJA) UKUPNO: | E32: EUR | F32: =SUM(F11:F31) -> 0

Sheet C.I.1 
A2: TROŠKOVNIK GRAĐEVINSKO OBRTNIČKIH RADOVA I ELEKTRO INSTALACIJE
A3: C. ELEKTRO INSTALACIJE / C.I.1. FOTONAPONSKA ELEKTRANA
A4: r.b. | B4: opis stavke | C4: jed. | D4: kol. | E4: jed.cijena | F4: ukupno
A7: C.I.1. | B7: FOTONAPONSKA ELEKTRANA
A9: OPĆI UVJETI
A11: U jediničnim cijenama za sve stavke troškovnika, ponuda mora sadržavati ukupne troškove materijala i rada do potpunog dovršenja cjelokupnog posla, uključujući:
A12: * nabavu i transport na gradilište, utovare, istovare, skladištenje i čuvanje,
A13: * sav rad, glavni i pomoćni, uporabu lakih pokretnih skela, sva potrebna podupiranja, sav unutrašnji transport i potrebnu zaštitu izvedenih radova,
A14: * spajanje i montažu, uključujući sav potreban spojni, montažni, pričvrsni i ostali materijal potreban za potpuno funkcioniranje,
A15: * po potrebi uzemljenje,
A16: * izradu utora po zidovima i prodora kroz zidove i podove (stropove) kompletno sa zbinjavanjem istih,
A17: * sva prateća čišćenja tijekom izvođenja radova,
A18: * troškove zbrinjavanja otpada,
A19: * izradu prateće radioničke dokumentacije za sve razvodne ormare, izradu natpisnih pločica, oznaka kabela i rednih stezaljki,
A20: * nabavu i transport na radilište, utovare, istovare, skladištenje i čuvanje,
A21: * građevinsku pripomoć u vidu izrada niša, ugradbom i obzidavanjem razvodnih polja te sve ostale građevinske radove koji se odnose na elektroinstalaterske radove,
... A32: Gore navedene napomene su obvezatne i biti će sastavni dio ugovorne dokumentacije!
B36: Podkonstrukcija fotonaponskih panela
A37: 1. | B37: Dobava, montaža i spajanje potkonstrukcije sa svim spojnim priborom za montažu 11 kom panela na ravni krov pokriven krovnom folijom. Stavkom obuhvatiti balaste (betonske blokove) na koje se montira podkonstrukcija, nosače panela (šine), spojnice, gumene podloge, vijke, matice, podloške i sav potrebni sitni i spojni materijal potreban do pune funkcionalnosti stavke. | C37: kpl. | D37: 1 | F37: =ROUND(D37*E37,2) -> 0
B39: Električna oprema
A40: 2. | B40: Dobava, montaža i spajanje fotonaponskog modula PERC Mono minimalno 415 Wp, broj ćelija 108 , dimenzije (VxŠxD) 1722x1134x28 mm (± 10%), težina 19 kg (± 10%), minimalna učinkovitost modula 21,25% | C40: kom | D40: 11 | F40: =ROUND(D40*E40,2) -> 0
A42: 2.1. | B42: Dobava, montaža i spajanje optimizatora snage sljedećih karakteristika: Najveća učinkovitost (minimalo 99,5%), Izlazni konektor: MC4 utikač, Ulaz (istosmjerno): maksimalno 440W, Najveći istosmjerni napon: maksimalno 60V, Max. raspon za pretvranje energije (MPPT): 8 - 60V, Najveća jakost struje kratkog spoja po MPPT uređaju: maksimalno 14.5A, Najveća izlazna snaga, izmjenično: maksimalno 60V, Najveća jakost izlazne struje: maksimalno 15A, Učinkovitost: minimalno 98.6%, Najveća učinkovitost: maksimalno 99.5%, Dimenzije(DxŠxV): 129 x 155 x 30 mm (± 10%), Masa: 655g (± 10%), Raspon radne temperature: od -40°C do +85˚C, Klasa zaštite IP: IP68 / NEMA6P | C42: kom | D42: 11 | F42: =ROUND(D42*E42,2) -> 0
A44: 3. | B44: Dobava, montaža i spajanje invertera izlazne snage AC 4.000 W (± 10%), maksimalni ulazni napon 1.100 Vdc (± 10%), nazivni napon mreže 3 ~ N-PE 400 Vac (± 10%), maksimalna izlazna struja 6,8 Aac (± 10%), frekvencija 50 Hz, 60 Hz / - 5Hz … +5 Hz, faktor distirzije THD < 3% (± 10%), efikasnosti 98,0% (± 10%), stupanj mehaničke zaštite IP65 | C44: kom | D44: 1 | F44: =ROUND(D44*E44,2) -> 0
A46: 4. | B46: Dobava, montaža i spajanje konektora za solarne module, set muški + ženski, 4mm2 / 6mm2 | C46: kom | D46: 4 | F46: =ROUND(D46*E46,2) -> 0
B48: Razdjelnici
A49: 5. | B49: Dobava, montaža i spajanje razvodnog ormara elektrane "RO-AC (AC BOX)" koji se sastoji od slijedeće ugrađene opreme:
A50: 5.1. | B50: Nadžbukni razdjelnik, 2x12 modula, sa bravicom, IP65 | C50: kom | D50: 1 | F50: =ROUND(D50*E50,2) -> 0
A51: 5.2. | B51: Džep za dokumentaciju A5 | C51: kom | D51: 1 | F51: =ROUND(D51*E51,2) -> 0
A52: 5.3. | B52: FID sklopka 25A, 4 polna, 300 mA, 6kA | C52: kom | D52: 1 | F52: =ROUND(D52*E52,2) -> 0
A53: 5.4. | B53: Naponski okidač za FID sklopku 230 VAC | C53: kom | D53: 1 | F53: =ROUND(D53*E53,2) -> 0
A54: 5.5. | B54: Tropolna rastavna osiguračka sklopka veličine 14x51 mm, nazivni napon 500VAC | C54: kom | D54: 2 | F54: =ROUND(D54*E54,2) -> 0
A55: 5.6. | B55: Izolirani rastalni ulošci veličine 14x51 mm gG sa indikatorom - udaračem, nazivna struja 20 A, nazivni naponi 500VAC | C55: kom | D55: 3 | F55: =ROUND(D55*E55,2) -> 0
A56: 5.7. | B56: Izolirani rastalni ulošci veličine 14x51 mm gG sa indikatorom - udaračem, nazivna struja 16 A, nazivni naponi 500VAC | C56: kom | D56: 3 | F56: =ROUND(D56*E56,2) -> 0
A57: 5.8. | B57: Odvodnik prenapona klasa B+C, 4P, 25kA | C57: kom | D57: 1 | F57: =ROUND(D57*E57,2) -> 0
A58: 5.9. | B58: Automatski osigurač B6, 1 polni, 6 kA | C58: kom | D58: 1 | F58: =ROUND(D58*E58,2) -> 0
A59: 5.10. | B59: Kontrolno brojilo 3F 1T 80A, za montažu na šinu | C59: kom | D59: 1 | F59: =ROUND(D59*E59,2) -> 0
A60: 5.11. | B60: Ispitni list razvodnog ormara elektrane "RO-AC" | C60: kom | D60: 1 | F60: =ROUND(D60*E60,2) -> 0
A61: 5.12. | B61: Izjava o sukladnosti i oznaka o sukladnosti u ormaru za razvodni ormar elektrane "RO-AC" | C61: kom | D61: 1 | F61: =ROUND(D61*E61,2) -> 0
A62: 5.13. | B62: Ostali sitni nespecificirani materijal (L, N i PE sabirnice, nosači, kanalice, stopice, vijci i sl.). Cjena komplet izvedenog ormara sa montažom i spajanjem na objektu, te isporukom sheme spajanja stvarno izvedenog stanja | C62: kom | D62: 1 | F62: =ROUND(D62*E62,2) -> 0
A64: 6. | B64: Dobava, montaža i spajanje razvodnog ormara elektrane "RO-DC (DC BOX)" koji se sastoji od slijedeće ugrađene opreme:
A65: 6.1. | B65: Nadžbukni razdjelnik, 2x12 modula, sa bravicom, IP65 | C65: kom | D65: 1 | F65: =ROUND(D65*E65,2) -> 0
A66: 6.2. | B66: Džep za dokumentaciju A5 | C66: kom | D66: 1 | F66: =ROUND(D66*E66,2) -> 0
A67: 6.3. | B67: Dvopolna rastavna osiguračka sklopka veličine 10x38 mm, nazivni napon 1000VDC | C67: kom | D67: 1 | F67: =ROUND(D67*E67,2) -> 0
A68: 6.4. | B68: Izolirani rastalni ulošci veličine 10x38 mm gG sa indikatorom - udaračem, nazivna struja 16 A, nazivni naponi 1000VDC | C68: kom | D68: 2 | F68: =ROUND(D68*E68,2) -> 0
A69: 6.5. | B69: Odvodnik prenapona, fiksne izvedbe, 2P, klasa C, 30KA/1000VDC | C69: kom | D69: 1 | F69: =ROUND(D69*E69,2) -> 0
A70: 6.6. | B70: Ispitni list razvodnog ormara elektrane "RO-DC" | C70: kom | D70: 1 | F70: =ROUND(D70*E70,2) -> 0
A71: 6.7. | B71: Izjava o sukladnosti i oznaka o sukladnosti u ormaru za razvodni ormar elektrane "RO-DC" | C71: kom | D71: 1 | F71: =ROUND(D71*E71,2) -> 0
A72: 6.8. | B72: Ostali sitni nespecificirani materijal (PE sabirnica, nosači, kanalice, stopice, vijci i sl.). Cjena komplet izvedenog ormara sa montažom i spajanjem na objektu, te isporukom sheme spajanja stvarno izvedenog stanja | C72: kom | D72: 1 | F72: =ROUND(D72*E72,2) -> 0
A74: 7. | B74: Nadopuna postojećeg razvodnog ormara objekta "RZP" sa slijedećom ugrađenom opremom za priključak fotonaponske elektrane uključivo:
A75: 7.1. | B75: Automatski osigurač C20, 4 polni, 6 kA | C75: kom | D75: 1 | F75: =ROUND(D75*E75,2) -> 0
A76: 7.2. | B76: Ostali sitni nespecificirani materijal dodati paušalno. Cjena komplet izvedene nadopune razdjelnika sa montažom i spajanjem na objektu, te isporukom sheme spajanja stvarno izvedenog stanja | C76: kpl. | D76: 1 | F76: =ROUND(D76*E76,2) -> 0
B78: NAPOMENA:
B79: Izmjene u sklopu postojećeg etažnog mjernog ormara EMO izvdi HEP ODS.
B81: Električna instalacija (kabeli)
A82: 8. | B82: Dobava, polaganje i spajanje fotonaponskog kabela od stringova fotonaponskih panela na krovu objekta do razvodnog ormara elektrane "RO-DC (DC BOX)", kabel se polaže u mrežne police, uključivo:
A83: 8.1. | B83: Fotonaponski kabel PV1-F 1x6 mm2 - crni | C83: m | D83: 25 | F83: =ROUND(D83*E83,2) -> 0
A84: 8.2. | B84: Fotonaponski kabel PV1-F 1x6 mm2 - crveni | C84: m | D84: 25 | F84: =ROUND(D84*E84,2) -> 0
A86: 9. | B86: Dobava, polaganje i spajanje fotonaponskog kabela od razvodnog ormara elektrane "RO-DC (DC BOX)" do invertera, kabel se polaže u mrežne police, uključivo:
A87: 9.1. | B87: Fotonaponski kabel PV1-F 1x6 mm2 - crni | C87: m | D87: 5 | F87: =ROUND(D87*E87,2) -> 0
A88: 9.2. | B88: Fotonaponski kabel PV1-F 1x6 mm2 - crveni | C88: m | D88: 5 | F88: =ROUND(D88*E88,2) -> 0
A90: 10. | B90: Dobava, polaganje i spajanje napojnog kabela od invertera do razvodnog ormara elektrane "RO-AC (AC BOX)", kabel se polaže u mrežne police, uključivo:
B91: Kabel NYY 5x4 mm2 | C91: m | D91: 5 | F91: =ROUND(D91*E91,2) -> 0
A93: 11. | B93: Dobava, polaganje i spajanje napojnog kabela od razvodnog ormara elektrane "RO-AC (AC BOX)" do postojećeg razvodnog ormara objekta "RZP", kabel se polaže u kabelske kanalice i PVC kanalice uključivo:
A94: 11.1. | B94: Kabel NYY 5x4 mm2 | C94: m | D94: 40 | F94: =ROUND(D94*E94,2) -> 0
A95: 11.2. | B95: PVC kanalica 25x25 mm kompletno sa svim spojnim i montažnim priborom i materijalom | C95: m | D95: 35 | F95: =ROUND(D95*E95,2) -> 0
A97: 12. | B97: Dobava, polaganje i spajanje napojnog kabela od razvodnog ormara elektrane "RO-AC (AC BOX)" do JPR tipkala, kabel se polaže u kabelske kanalice i PVC kanalice uključivo:
A98: 12.1. | B98: NHXH E90 3x1,5mm2 | C98: m | D98: 45 | F98: =ROUND(D98*E98,2) -> 0
A99: 12.2. | B99: PVC kanalica 15x15 mm kompletno sa svim spojnim i montažnim priborom i materijalom | C99: m | D99: 40 | F99: =ROUND(D99*E99,2) -> 0
A101: 13. | B101: Dobava i ugradnja 4G sticka za etherneth vezu invertera. Kompletno sa instalacijom i podešavanjem invertora za udaljeni nadzor i upravljanje. | C101: kpl. | D101: 1 | F101: =ROUND(D101*E101,2) -> 0
B103: Instalacija sklopki i ostali materijal
A104: 14. | B104: Dobava, montaža i spajanje protupožarnog tipkala žute boje za isključivanje napajanja fotonaponske elektrane, za vanjsku montažu IP55 | C104: kom | D104: 1 | F104: =ROUND(D104*E104,2) -> 0
A106: 15. | B106: Dobava i montaža plastificirane table dimenzija 25x25 cm, oznaka objekta sa PV (solarnim) modulima | C106: kom | D106: 2 | F106: =ROUND(D106*E106,2) -> 0
B108: Instalacija mrežnih polica
A109: 16. | B109: Dobava i montaža na krovu objekta kabelskih mrežnih polica dimenzija 50x55 mm s poklopcom | C109: m | D109: 16 | F109: =ROUND(D109*E109,2) -> 0
A111: 17. | B111: Dobava i montaža na krovu objekta nosača betonske kocke za kabelsku mrežnu policu dimenzija 50x55 mm | C111: kom | D111: 12 | F111: =ROUND(D111*E111,2) -> 0
B113: Izjednačenje potencijala
A114: 18. | B114: Dobava, polaganje i spajanje kabela za izjednačenje potencijala od postojećeg razvodnog ormara objekta "RZP" do metale mase podkonstrukcije fotonaponskih panela, kabel se polaže u kabelske kanalice i PVC kanalice uključivo:
A115: 18.1. | B115: Vodič H07V-K 1G 16 mm2 (ž/z) | C115: m | D115: 80 | F115: =ROUND(D115*E115,2) -> 0
A116: 18.2. | B116: PVC kanalica 15x15 mm kompletno sa svim spojnim i montažnim priborom i materijalom | C116: m | D116: 40 | F116: =ROUND(D116*E116,2) -> 0
A117: 18.3. | B117: Izrada spoja na metalnu masu kompletno sa svim spojnim i montažnim priborom i materijalom | C117: kom | D117: 4 | F117: =ROUND(D117*E117,2) -> 0
A119: 19. | B119: Dobava, polaganje i spajanje kabela za izjednačenje potencijala razvodnog ormara elektrane "RO-AC (AC BOX)", kabel se polaže u kabelske kanalice i PVC kanalice uključivo:
B120: Vodič H07V-K 1G 16 mm2 (ž/z) | C120: m | D120: 5 | F120: =ROUND(D120*E120,2) -> 0
A122: 20. | B122: Dobava, polaganje i spajanje kabela za izjednačenje potencijala razvodnog ormara elektrane "RO-DC (DC BOX)", kabel se polaže u kabelske kanalice i PVC kanalice uključivo:
B123: Vodič H07V-K 1G 16 mm2 (ž/z) | C123: m | D123: 5 | F123: =ROUND(D123*E123,2) -> 0
B125: Proboji i brtvljenja
A126: 21. | B126: Izrada proboja na prolaz kabela na sljedećim pozicijama:
A127: 21.1. | B127: Izrada proboja krovne obloge | C127: kom | D127: 1 | F127: =ROUND(D127*E127,2) -> 0
A128: 21.2. | B128: Izrada proboja zida ili stropa | C128: kom | D128: 6 | F128: =ROUND(D128*E128,2) -> 0
A130: 22. | B130: Brtvljenje kabelskih prodora na sljedećim pozicijama:
A131: 22.1. | B131: Vodonepropusno brtvljenje i obrada prodora krovne obloge kompletno sa svim potrebnim radovima i materijalom | C131: kom | D131: 1 | F131: =ROUND(D131*E131,2) -> 0
A132: 22.2. | B132: Protupožarno brtvljene prodora kroz zid ili strop protupožarnom smjesom vatrootpornosti EI90 | C132: kom | D132: 6 | F132: =ROUND(D132*E132,2) -> 0
A134: C.I.1. | B134: FOTONAPONSKA ELEKTRANA UKUPNO: | E134: EUR | F134: =SUM(F37:F133) -> 0

Sheet C.I.2.
A2: TROŠKOVNIK GRAĐEVINSKO OBRTNIČKIH RADOVA I ELEKTRO INSTALACIJE
A3: C. ELEKTRO INSTALACIJE / C.I.2. MJERENJE, ISPITIVANJE, PODEŠAVANJE I PUŠTANJE U POGON
A4: r.b. | B4: opis stavke | C4: jed. | D4: kol. | E4: jed.cijena | F4: ukupno
A7: C.I.2 | B7: MJERENJE, ISPITIVANJE, PODEŠAVANJE I PUŠTANJE U POGON
A9: 1. | B9: Kontrola montaže, spajanja i napona DC krugova do pretvarača | C9: kom | D9: 1 | F9: =ROUND(D9*E9,2) -> 0
A11: 2. | B11: Postavljanje parametara pretvarača | C11: kom | D11: 1 | F11: =ROUND(D11*E11,2) -> 0
A13: 3. | B13: Ispitivanje kvalitete električne energije po normi HR EN 50160 (ili "jednakovrijedno"), te izrada elaborata | C13: kom | D13: 1 | F13: =ROUND(D13*E13,2) -> 0
A15: 4. | B15: Izrada eleaborata EUEM – Elaborat utjecaja elektrane na mrežu | C15: kom | D15: 1 | F15: =ROUND(D15*E15,2) -> 0
A17: 5. | B17: Izrada elaborata EPZ - Elaborat podešenja zaštite | C17: kom | D17: 1 | F17: =ROUND(D17*E17,2) -> 0
A19: 6. | B19: Provedba kontrola, mjerenja i ispitivanja električne instalacije prema planu kontrole iz projekta prije priključenja na NN razvod. Za sva ispitivanja priložiti ispitne izvještaje, zapisnik i izjave. | C19: kom | D19: 1 | F19: =ROUND(D19*E19,2) -> 0
A22: C.I.2 | B22: MJERENJE, ISPITIVANJE, PODEŠAVANJE I PUŠTANJE U POGON UKUPNO: | E22: EUR | F22: =SUM(F9:F21) -> 0
