Workbook

Sheet BOQ
I1: =SUBTOTAL(9,I3:I17137) -> 0
A2: Package | B2: Objekt | C2: Vrsta radova | D2: Poz | E2: Opis | F2: Jedinica | G2: Količina | H2: Jedinična cijena | I2: Ukupno
A3: Package 1 | B3: Sports Area | C3: 02.00 Preparatory work | E3: SPORTSKI TERENI | I3: =IF(AND(G3<>"",H3<>""),G3*H3,"")
A4: Package 1 | B4: Sports Area | C4: 02.00 Preparatory work | E4: PRETHODNI RADOVI OBUHVAT | I4: =IF(AND(G4<>"",H4<>""),G4*H4,"")
A5: Package 1 | B5: Sports Area | C5: 02.00 Preparatory work | E5: Napomena: Sastavni dio opisa i jednične ugovorene cijene svih stavaka troškovnika su svi opći uvjeti dati na posebnom (prvom) listu ovog excel dokumenta. | I5: =IF(AND(G5<>"",H5<>""),G5*H5,"")
A6: Package 1 | B6: Sports Area | C6: 02.00 Preparatory work | E6: PRETHODNI RADOVI | I6: =IF(AND(G6<>"",H6<>""),G6*H6,"")
A7: Package 1 | B7: Sports Area | C7: 02.00 Preparatory work | D7: 02.00.11.1 | E7: UREĐENJE GRADILIŠTA | I7: =IF(AND(G7<>"",H7<>""),G7*H7,"")
A8: Package 1 | B8: Sports Area | C8: 02.00 Preparatory work | E8: Uspostavljanje funkcionalnog stanja | I8: =IF(AND(G8<>"",H8<>""),G8*H8,"")
A9: Package 1 | B9: Sports Area | C9: 02.00 Preparatory work | D9: 02.00.11.1.A | E9: Obračun po kompletu | F9: pa | G9: 1 | I9: =IF(AND(G9<>"",H9<>""),G9*H9,"")
A10: Package 1 | B10: Sports Area | C10: 02.00 Preparatory work | E10: Čiščenje gradilišta | I10: =IF(AND(G10<>"",H10<>""),G10*H10,"")
A11: Package 1 | B11: Sports Area | C11: 02.00 Preparatory work | D11: 02.00.11.2 | E11: Rastavljanje i odvoženje | I11: =IF(AND(G11<>"",H11<>""),G11*H11,"")
A12: Package 1 | B12: Sports Area | C12: 02.00 Preparatory work | E12: Čišćenje prostora u tijeku radova te odvoz šute i viška materijala s gradilišta. Izvođač je dužan gradilište sa svim prostorijama i cijelim inventarom nakon izvedbe svih radova generalano očistiti, uključujući pranje, čišćenje svih podova, opločenja, bravarije, sa čišćenjem okova, ostakljenja, pregrada i bazena. Uključivo sa odnosom i odvozom smeća. | I12: =IF(AND(G12<>"",H12<>""),G12*H12,"")
A13: Package 1 | B13: Sports Area | C13: 02.00 Preparatory work | D13: 02.00.11.2.A | E13: Obračun po kompletu | F13: pa | G13: 1 | I13: =IF(AND(G13<>"",H13<>""),G13*H13,"")
A14: Package 1 | B14: Sports Area | C14: 02.00 Preparatory work | E14: VREMENSKI UVJETOVANI PROSJEČNI PAUŠALNI TROŠKOVNI GRADILIŠTA | I14: =IF(AND(G14<>"",H14<>""),G14*H14,"")
A15: Package 1 | B15: Sports Area | C15: 02.00 Preparatory work | D15: 02.00.11.3 | E15: Paušalni troškovi za vlastite građevinske radove | I15: =IF(AND(G15<>"",H15<>""),G15*H15,"")
A16: Package 1 | B16: Sports Area | C16: 02.00 Preparatory work | E16: Uređenja za vlastite potrebe s iznimkom korištenja utvrđenog u Planu za sigurnost i zaštitu zdravlja tijekom vremena građenja. | I16: =IF(AND(G16<>"",H16<>""),G16*H16,"")
A17: Package 1 | B17: Sports Area | C17: 02.00 Preparatory work | D17: 02.00.11.3.A | E17: Obračun po | F17: pa | G17: 1 | I17: =IF(AND(G17<>"",H17<>""),G17*H17,"")
A18: Package 1 | B18: Sports Area | C18: 02.00 Preparatory work | D18: 02.00.11.4 | E18: Paušalni troškovi vlastitog prekida rada | I18: =IF(AND(G18<>"",H18<>""),G18*H18,"")
A19: Package 1 | B19: Sports Area | C19: 02.00 Preparatory work | E19: Uređenje za vlastite potrebe s iznimkom korištenja utvrđenog u Planu za sigurnost i zaštitu zdravlja tijekom prekida rada. | F19: pa | G19: 1 | I19: =IF(AND(G19<>"",H19<>""),G19*H19,"")
A20: Package 1 | B20: Sports Area | C20: 02.00 Preparatory work | D20: 02.00.11.5 | E20: Paušalni troškovi građenja | I20: =IF(AND(G20<>"",H20<>""),G20*H20,"")
A21: Package 1 | B21: Sports Area | C21: 02.00 Preparatory work | D21: 02.00.11.5.A | E21: Mjere prema Planu za sigurnost i zaštitu zdravlja, paušalni troškovi tijekom vremena građenja. | F21: pa | G21: 1 | I21: =IF(AND(G21<>"",H21<>""),G21*H21,"")
A22: Package 1 | B22: Sports Area | C22: 02.00 Preparatory work | D22: 02.00.11.6 | E22: Troškovni prekida rada | I22: =IF(AND(G22<>"",H22<>""),G22*H22,"")
A23: Package 1 | B23: Sports Area | C23: 02.00 Preparatory work | D23: 02.00.11.6.A | E23: Paušalni troškovi prekida rada prema Planu za sigurnost i zaštitu zdravlja, Mjere prema Planu za sigurnost i zaštitu zdravlja, korištenje tijekom prekida rada. | F23: pa | G23: 1 | I23: =IF(AND(G23<>"",H23<>""),G23*H23,"")
A24: Package 1 | B24: Sports Area | C24: 02.00 Preparatory work | D24: 02.00.11.7 | E24: ČUVANJE GRADILIŠTA | I24: =IF(AND(G24<>"",H24<>""),G24*H24,"")
A25: Package 1 | B25: Sports Area | C25: 02.00 Preparatory work | E25: Čuvanje gradilišta tijekom radnog vremena stalno. | I25: =IF(AND(G25<>"",H25<>""),G25*H25,"")
A26: Package 1 | B26: Sports Area | C26: 02.00 Preparatory work | D26: 02.00.11.8 | E26: Unutar uobičajenog radnog vremena stalno prisutno čuvanje. | I26: =IF(AND(G26<>"",H26<>""),G26*H26,"")
A27: Package 1 | B27: Sports Area | C27: 02.00 Preparatory work | D27: 02.00.11.8.A | E27: Obračun po mjesecu | F27: pa | G27: 1 | I27: =IF(AND(G27<>"",H27<>""),G27*H27,"")
A28: Package 1 | B28: Sports Area | C28: 02.00 Preparatory work | D28: 02.00.11.9 | E28: Čuvanje gradilišta nakon radnog vremena stalno. | I28: =IF(AND(G28<>"",H28<>""),G28*H28,"")
A29: Package 1 | B29: Sports Area | C29: 02.00 Preparatory work | D29: 02.00.11.10 | E29: Izvan uobičajenog radnog vremena stalno prisutno čuvanje. | I29: =IF(AND(G29<>"",H29<>""),G29*H29,"")
A30: Package 1 | B30: Sports Area | C30: 02.00 Preparatory work | D30: 02.00.11.10.A | E30: Obračun po mjesecu | F30: pa | G30: 1 | I30: =IF(AND(G30<>"",H30<>""),G30*H30,"")
A31: Package 1 | B31: Sports Area | C31: 02.00 Preparatory work | E31: ŠIROKOKUTNI OUTDOOR-WEBCAM UREĐAJ | I31: =IF(AND(G31<>"",H31<>""),G31*H31,"")
A32: Package 1 | B32: Sports Area | C32: 02.00 Preparatory work | D32: 02.00.11.11 | E32: Outdoor-Webcam | I32: =IF(AND(G32<>"",H32<>""),G32*H32,"")
A33: Package 1 | B33: Sports Area | C33: 02.00 Preparatory work | E33: Širokokutni Outdoor-Webcam-uredaj, montiran i uperen na stupu visokom 15 m.Položaj se mora utvrditi u suglasnosti s Nalogodavcem, no, ulaz mora biti vidljiv.Korištenje Webcama mora se omogućiti pomoću slobodnog pristupa putem Explorer Internet- Browsera. Uređaj mora u razmacima od maks. 5-15 minuta automatski aktualizirati sliku i prikazati minimalnu rezoluciju od 800x600 piksela.Moraju se napraviti filmovi s 5-10 minuta ukupnog trajanja. Svi pohranjeni podaci moraju se na završetku gradilišta predati Investitoru na prikladnom podatkovnom mediju. Radi osiguranja funkcije kamera se mora opremiti uređajem s neprekidnom opskrbom struje (USV). | I33: =IF(AND(G33<>"",H33<>""),G33*H33,"")
A34: Package 1 | B34: Sports Area | C34: 02.00 Preparatory work | E34: Montiranje i korištenje Outdoor Webcama stavljene na raspolaganje od strane Nalogodavca, uključujuci stup visok 7-8 m za pričvršćenje, dovoljno stabilno podzidan na mjestu dogovorenom s Investitorom, a nakon završetka građenja ukloniti i preostali materijal zbrinuti. Stavka obuhvaća kompletnu izradu potrebnih priključnih vodova, službena odobrenja, zemljane radove i radove temeljenja, troškove pružatelja internetskih usluga (Provider). | I34: =IF(AND(G34<>"",H34<>""),G34*H34,"")
A35: Package 1 | B35: Sports Area | C35: 02.00 Preparatory work | D35: 02.00.11.11.A | E35: Outdoor-Webcam, obračun po kompletu. | F35: pa | G35: 1 | I35: =IF(AND(G35<>"",H35<>""),G35*H35,"")
A36: Package 1 | B36: Sports Area | C36: 02.00 Preparatory work | E36: Pribrajanje na stavku A.01.05.01. Ograda gradilišta, za ponovno premještanje Webcama tijekom građenja, uključujući stup za pričvršćenje Webcama na novi položaj, sa svim zemljanim radovima i radovima temeljenja i prikljucnim vodovima | I36: =IF(AND(G36<>"",H36<>""),G36*H36,"")
A37: Package 1 | B37: Sports Area | C37: 02.00 Preparatory work | D37: 02.00.11.11.B | E37: Premještanje Outdoor-Webcam, obračun po kompletu. | F37: pa | G37: 1 | I37: =IF(AND(G37<>"",H37<>""),G37*H37,"")
A38: Package 1 | B38: Sports Area | C38: 02.00 Preparatory work | E38: OPERATIVNI TROŠKOVNI GRADILIŠTA U POJEDINOSTIMA | I38: =IF(AND(G38<>"",H38<>""),G38*H38,"")
A39: Package 1 | B39: Sports Area | C39: 02.00 Preparatory work | E39: Prethodne napomene: Izrada, uređivanje: Ako nije drukčije navedeno, usluga Izrada, doprema, postavljanje i/ili montiranje ili drugo uspostavljanje stanja spremnog za uporabu kao i demontiranje ili uklanjanje i odvoženje s gradilišta nakon završetka vremena korištenja. Ako nije drukčije dogovoreno, procjenjuje se djelomična usluga uspostavljanja stanja spremnog za uporabu s 60%, djelomična usluga čišćenja s 40% ukupne usluge. Korištenje: Ako nije drukčije navedeno, korištenje obuhvaća i sve provjere, mjere uzdržavanja. Mozebitni potrošni materijal i potrebno čišćenje. | I39: =IF(AND(G39<>"",H39<>""),G39*H39,"")
A40: Package 1 | B40: Sports Area | C40: 02.00 Preparatory work | E40: Ograda gradilišta prema podatku Nalogodavca za dodatne usluge koje se ne ukalkuliraju u stavku 01.02.00Z (zaštitne mjere prema Planu za sigurnost i zaštitu zdravlja). Ograda visine od 1,5 do 2,5 m iznad zemljista Izvedba po izboru Izvođača, bez razlike, da li na pričvršćenoj i/ili nepričvršćenoj podlozi. Vrata i vanjska ulazna vrata se posebno ne obračunavaju. Obračunava se dužina ograde. | I40: =IF(AND(G40<>"",H40<>""),G40*H40,"")
A41: Package 1 | B41: Sports Area | C41: 02.00 Preparatory work | D41: 02.00.11.12 | E41: Ograda gradilišta | I41: =IF(AND(G41<>"",H41<>""),G41*H41,"")
A42: Package 1 | B42: Sports Area | C42: 02.00 Preparatory work | E42: Ograda gradilišta po izboru Izvođača izr.+post. Nepomična ograda gradilišta po izboru Izvođača, Ograda visine 1,5 do 2,5 m iznad zemljista. Ponudeni sustav: Dopremanje, postavljanje, uzdržavanje, premještanje prema napredovanju gradnje u području gradilišta, demontiranje i odvoženje s gradilišta nakon zavšetka vremena korištenja. Obračunato prema ogradi koja je istovremeno upotrijebljena na gradilištu. | I42: =IF(AND(G42<>"",H42<>""),G42*H42,"")
A43: Package 1 | B43: Sports Area | C43: 02.00 Preparatory work | D43: 02.00.11.12.A | E43: Obračun po m' ograde gradilišta | F43: m | G43: 1 | I43: =IF(AND(G43<>"",H43<>""),G43*H43,"")
A44: Package 1 | B44: Sports Area | C44: 02.00 Preparatory work | E44: Privremeno mjesto uzimanja električne energije ili mogućnosti priključivanja | I44: =IF(AND(G44<>"",H44<>""),G44*H44,"")
A45: Package 1 | B45: Sports Area | C45: 02.00 Preparatory work | E45: Za cijelo vrijeme gradilišta, uključujući priključne i opskrbne vodove do predviđenog mjesta uzimanja, i s ormarom strujnog razdjelnika gradilišta za priključenje rasvjete i društvenih prostorija itd. Ako je za provedbu usluge potrebno korištenje javnog dobra, Izvođač mora ishoditi, bez posebnog plaćanja, potrebna službena odobrenja (primjerice uporabnu dozvolu) i plaćanje odgovarajućih davanja (jednokratno ili redovito). Izvođač stavlja besplatno na raspolaganje drugim izvođačima mogućnosti uzimanja, koje je izradio za svoje vlastite usluge, priključke i tome slično. Za raspodjelu na gradilištu Izvođač se mora brinuti bez posebnog plaćanja. Montaža je ukalkulirana u operativnim troškovima gradilišta. Instalacijski materijal ostaje vlasništvo Izvođača. Utvrđena potrošnja drugih izvođača obračunava se dalje na temelju tarife opskrbljivača električnom energijom bez nadoplate, ako u ugovoru o djelu nije drukčije regulirano. Izvođac mora ugovore o opskrbi usuglasiti s Nalogodavcem prije zaključenja. Dodatni troškovi za preuzimanje električne energije, koji su prouzročeni od strane Izvođača zbog neobavljenog ili zakašnjelog usuglašavanja s Nalogodavcem, idu na teret Izvođača. | I45: =IF(AND(G45<>"",H45<>""),G45*H45,"")
A46: Package 1 | B46: Sports Area | C46: 02.00 Preparatory work | D46: 02.00.11.13 | E46: Priključak struje | I46: =IF(AND(G46<>"",H46<>""),G46*H46,"")
A47: Package 1 | B47: Sports Area | C47: 02.00 Preparatory work | E47: Izvođač mora na vlastiti trošak izraditi priključak struje za cijelo vrijeme gradilišta uključujuci ormar strujnog razdjelnika gradilišta, eventualne podrazdiobe i potrebne sigurnosne mjere, u cijenu su uračunati mozebitni građevinski prethodni radovi na mjestu postavljanja i ugradnja otporna na vremenske uvjete. Za snagu od (kVA): ......................... Napon: ......................... | I47: =IF(AND(G47<>"",H47<>""),G47*H47,"")
A48: Package 1 | B48: Sports Area | C48: 02.00 Preparatory work | D48: 02.00.11.13.A | F48: pa | G48: 1 | I48: =IF(AND(G48<>"",H48<>""),G48*H48,"")
A49: Package 1 | B49: Sports Area | C49: 02.00 Preparatory work | D49: 02.00.11.14 | E49: Strujni razdjelnik gradilišta za druge izvođače u kutiji koja se može zaključati, s pločom brojila i s min. 1 kom. univerzalnog osiguraca 35 A, fi-sklopka četveropolna 40/0, 1 A, 2 kom. utičnice peteropolne 16 A i 2 kom. utičnica sa zaštitnim kontaktom 16 A, postavljeno i priključeno na mjestu koje je naveo Nalogodavac. | I49: =IF(AND(G49<>"",H49<>""),G49*H49,"")
A50: Package 1 | B50: Sports Area | C50: 02.00 Preparatory work | D50: 02.00.11.14.A | E50: Strujni razdjelnik gradilista izr.+post. | F50: Stk | G50: 20 | I50: =IF(AND(G50<>"",H50<>""),G50*H50,"")
A51: Package 1 | B51: Sports Area | C51: 02.00 Preparatory work | E51: PROSTORIJA ZA SASTANKE I MONTAŽNI URED ZA LOKALNI GRAĐEVINSKI NADZOR NALOGODAVCA | I51: =IF(AND(G51<>"",H51<>""),G51*H51,"")
A52: Package 1 | B52: Sports Area | C52: 02.00 Preparatory work | D52: 02.00.11.15 | E52: Prostorija za sastanke | I52: =IF(AND(G52<>"",H52<>""),G52*H52,"")
A53: Package 1 | B53: Sports Area | C53: 02.00 Preparatory work | E53: Izraditi, urediti prostoriju za sastanke, korištenje (bez obzira, da li tijekom vremena građenja ili prekida rada), uzdržavanje, odvoženje i čišćenje nakon završetka vremena korištenja, uključujući tjedno čišćenje. Ako nije drukčije dogovoreno, korištenje obuhvaća i potrebno održavanje, troškove za potrošnju električne energije i vode, te troškove grijanja itd. Prostorija za sastanke od više kontejnera sastavljena kao cjeloviti objekt s dovoljno osvjetljenja, električno grijanje, s podnom konstrukcijom koja se lako čisti, izolirana toplinski i od vlage, s toplinski izoliranim krovom i zidovima pripremljenima za vješanje nacrta. Izvedba po izboru Izvođača, sastoji se od: - 1 prostorija za sastanke s 30 m2 tlocrtne površine - 1 klima-uređaj za klimatizaciju kontejnera - 1 veliki konferencijski stol sa 14 stolica - 1 fotokopirni uređaj A3, proizvod Canon PC-7 ili barem istovjetan - 1 faks-uređaj s priključkom - 1 manji hladnjak s bezalkoholnim pićima za tjedne razgovore o gradnji - 2 kontinuirane magnetne trake na +2,30 odnosno na +1,40m, uklj. magnete - 1 aparat za kavu, primjerice, tipa Nespresso ili sl. uklj. materijal - 1 internetski priključak WLAN uklj. - 1 odvojena WC-kabina - i telefonski uređaj s tri sporedna telefona - pristojbe za priključak i tekući troškovi - Odvojena WC kabina za voditelja gradilišta u blizini sobe za sastanke. Kompletno sa umivaonikom, s priključkom za pitku vodu i svom potrebnom sanitarnom galanterijom kao što su (dozator sapuna, četka za WC, dozator papirnatih ručnika, kanta za otpatke, itd.) 2 uticnice, po prostoriji se mora instalirati jedan dovod (16 A). Ako se upotrebljavaju kontejneri, Izvođač mora paziti da i po najnižim vanjskim temperaturama temperatura u prostoriji mora iznositi od 20 celzijevih stupnjeva do maks. 28 celzijevih stupnjeva, ne smije biti niti ispod niti iznad navedenog. | I53: =IF(AND(G53<>"",H53<>""),G53*H53,"")
A54: Package 1 | B54: Sports Area | C54: 02.00 Preparatory work | D54: 02.00.11.15.A | E54: Obračun po kompletu. | F54: pa | G54: 1 | I54: =IF(AND(G54<>"",H54<>""),G54*H54,"")
A55: Package 1 | B55: Sports Area | C55: 02.00 Preparatory work | D55: 02.00.11.16 | E55: Dupli kontejner za nadzorne inženjere | I55: =IF(AND(G55<>"",H55<>""),G55*H55,"")
A56: Package 1 | B56: Sports Area | C56: 02.00 Preparatory work | E56: Nabava, doprema i postava duplog kontejnera za nadzorne inženjere. Ako nije drukčije dogovoreno, korištenje obuhvaća i potrebno održavanje, troškove za potrošnju električne energije i vode, te troškove grijanja itd. Prostorija za nadzorne inženjere sastavljena od od više kontejnera, sastavljena kao cjeloviti objekt s dovoljno osvjetljenja, električno grijanje, s podnom konstrukcijom koja se lako čisti, izolirana toplinski i od vlage, s toplinski izoliranim krovom i zidovima pripremljenima za vješanje nacrta. Izvedba po izboru Izvođača, sastoji se od: - 1 prostorija od 30m2 - 1 klima-uređaj za klimatizaciju kontejnera - 4 radna stola, 4 polica ili ormara, 4 koša za smeće, 2 vješalice za kapute | I56: =IF(AND(G56<>"",H56<>""),G56*H56,"")
A57: Package 1 | B57: Sports Area | C57: 02.00 Preparatory work | D57: 02.00.11.16.A | E57: Obračun po kompletu. | F57: pa | G57: 1 | I57: =IF(AND(G57<>"",H57<>""),G57*H57,"")
A58: Package 1 | B58: Sports Area | C58: 02.00 Preparatory work | D58: 02.00.11.17 | E58: PLOČA KOJOM SE OZNAČAVA GRADILIŠTE | I58: =IF(AND(G58<>"",H58<>""),G58*H58,"")
A59: Package 1 | B59: Sports Area | C59: 02.00 Preparatory work | E59: Ploča kojom se označava gradilište do ca. 48 m2 | I59: =IF(AND(G59<>"",H59<>""),G59*H59,"")
A60: Package 1 | B60: Sports Area | C60: 02.00 Preparatory work | E60: Konstrukcija ploče s nazivom tvrtke po izboru Izvođača. Izraditi konstrukciju ploče s nazivom tvrtke i ploču kojom se označava gradilište prema statičkom zahtjevu, dopremiti stabilno postaviti i/ili montirati prema uputi Nalogodavca na dobro vidljivom mjestu s potpornjim stupovima ca. 4,0 m visine iznad zemljišta, uzdržavati, čistiti kao i demontirati i/ili ukloniti, odvesti i zbrinuti s gradilišta nakon završetka vremena korištenja. Površina ploče kojom se označava gradilište do ca. 48,0 m2 dimenzije ploče kojom se označava gradilište ca. 8,0 x 6,0 m. Konstrukcija ploče s nazivom tvrtke prema uputi Nalogodavca od materijala otpornog na vremenske uvjete, s obje strane obložena platnicama i uspravljena s odgovarajućim ukrućenjima prema statičkom zahtjevu za postavljanje ploča Nalogodavca kojima se označava gradilište. Uključujući sve prethodne i dodatne radove (primjerice zemljani radovi, mjere temeljenja i tome slično), temeljni premaz otporan na vremenske uvjete, odgovarajuće osvjetljenje (osvjetljavanje reflektorima), izrada potrebnih priključaka za struju itd. kao i eventualno potrebno prema napredovanju građenja premještanje ploče kojom se označava gradilište u području gradilišta. | I60: =IF(AND(G60<>"",H60<>""),G60*H60,"")
A61: Package 1 | B61: Sports Area | C61: 02.00 Preparatory work | D61: 02.00.11.17.A | E61: Obračun po kompletu. | F61: pa | G61: 1 | I61: =IF(AND(G61<>"",H61<>""),G61*H61,"")
A62: Package 1 | B62: Sports Area | C62: 02.00 Preparatory work | D62: 02.00.11.18 | E62: Gradilišna ploča Nalogodavca | I62: =IF(AND(G62<>"",H62<>""),G62*H62,"")
A63: Package 1 | B63: Sports Area | C63: 02.00 Preparatory work | E63: 2 kom. gradilišnih ploča (dostavlja Nalogodavac) montirati da budu otporni na vremenske uvjete i demontirati prema uputi Nalogodavca. | I63: =IF(AND(G63<>"",H63<>""),G63*H63,"")
A64: Package 1 | B64: Sports Area | C64: 02.00 Preparatory work | D64: 02.00.11.18.A | E64: Obračun po kompletu | F64: pa | G64: 1 | I64: =IF(AND(G64<>"",H64<>""),G64*H64,"")
A65: Package 1 | B65: Sports Area | C65: 02.00 Preparatory work | E65: Dodatne prethodne napomene | I65: =IF(AND(G65<>"",H65<>""),G65*H65,"")
A66: Package 1 | B66: Sports Area | C66: 02.00 Preparatory work | D66: 02.00.11.19 | E66: Prethodne napomene: Usluge koje se moraju ukalkuliratI: - Probijanje makadamskih poljskih putova, neobradenih bankina, neasfaltiranih kolnika i putova zasutih kamenim drobljencem. - Održavanje čistoce javnih prometnih površina i svih priprema za to, čišćenje onečišćenih cesta i nogostupa zbog građenja usprkos prethodnoj brizi, kao i mjere za održavanje istih bez prašine. - Privremeno osiguranje otvora okna. - Držati pristupačnost hidrantima, zasunima, oknima, opskrbnim vodovima i tome slično. - Iskop bez obzira na nagib dna. - Oblikovanje kosina se posebno ne plaća. Pristojbe za odlagalište: Kod svih stavki otkopa i iskopa moraju se u jedinične cijene uračunati pristojbe za odlagalište za ukupne sadržaj štetnih tvari u eluatu do graničnih vrijednosti za odlagalista iskopa tla, ako izričito iz teksta stavke ne proizlazi drugačija obveza (primjerice bituminozni odlom). Dodatne prethodne napomene U jedinične cijene zemljanih radova mora se ukalkulirati: Međuprijevozi se ne plaćaju posebno. Izvođač mora sam koordinirati termine odvoza. Ako nije drukčije navedeno, onda vrijede usluge bez obzira na nagib zemljišta. Mora se uzeti u obzir, da se radna područja nalaze djelomice na teško pristupačnom zemljištu. Zbog toga se u dotične stavke mora ukalkulirati međuprijevoz s gradilišta s malim uređajima. Sve cijene vrijede, ako nije drukčije navedeno, bez obzira, izvode li se usluge strojno ili ručno, izvan ili unutar objekata ili dijelova objekata. | I66: =IF(AND(G66<>"",H66<>""),G66*H66,"")
A67: Package 1 | B67: Sports Area | C67: 02.00 Preparatory work | E67: Poteškoce zbog skučenog prostora, zbog osiguranja ugradnji, zbog mjera za stvaranje nosivog palnuma za strojeve i vozila, zbog ispumpavanja površinske vode i/ili preostale vode u slučaju zadržavanja vode. Ako nije drukčije navedeno, iskop tla se obračunava uvijek u čvrstom, ne omekšanom stanju (količina iskopanog materijala). Sve poteškoće za zapreke svih vrsta (zide, beton, armirani beton, ugradnje, kanali i cjevovodi, plinski vodovi i vodovodni cjevovodi, kamene gromade, stijene itd.) u tijeku iskopa moraju se ukalkulirati u odgovarajuće stavke iskopa, ako za to nisu predviđene vlastite stavke u troškovniku. | I67: =IF(AND(G67<>"",H67<>""),G67*H67,"")
A68: Package 1 | B68: Sports Area | C68: 02.00 Preparatory work | E68: Sve potrebne mjere održavanja vode, kao pumpanje ili nepropusno čepljenje s brtvljenjem i za kasnije radove, primjerice, armiranje, postavljanje oplate, betoniranje i tome slično moraju se ukalkulirati u stavke zemljanih radova. Povećana uporaba pumpi prilikom radova u području voda odnosno pri jakom nadiranju podzemne vode ispod dna građevne jame mora se ukalkulirati u stavke iskopa i ne plaća se posebno. Upozorava se, da se prema Uredbi Saveznog ministarstva za ekonomske poslove prilikom radova u i na vodama upotrebljeni uređaji i strojevi smiju pogoniti samo s bioloski razgradivim sredstvima za podmazivanje i pogonskim gorivima. | I68: =IF(AND(G68<>"",H68<>""),G68*H68,"")
A69: Package 1 | B69: Sports Area | C69: 02.00 Preparatory work | E69: Sve potrebne sigurnosne mjere ( podupiranja, ukrućenja, sidrenja kao i eventualne potrebne sigurnosne mjere na postojećim objektima itd.) kod svih zemljanih radova moraju se ukalkulirati u odgovarajuće stavke iskopa. | I69: =IF(AND(G69<>"",H69<>""),G69*H69,"")
A70: Package 1 | B70: Sports Area | C70: 02.00 Preparatory work | E70: Uklanjanje i zbrinjavanje gornjeg sloja tla | I70: =IF(AND(G70<>"",H70<>""),G70*H70,"")
A71: Package 1 | B71: Sports Area | C71: 02.00 Preparatory work | E71: Uklanjanje i zbrinjavanje gornjeg sloja tla, skidanje humusa u sloju prosječne debljine 20 cm | I71: =IF(AND(G71<>"",H71<>""),G71*H71,"")
A72: Package 1 | B72: Sports Area | C72: 02.00 Preparatory work | D72: 02.00.11.19.A | E72: Obračun po m3 | F72: m3 | G72: 1 | I72: =IF(AND(G72<>"",H72<>""),G72*H72,"")
A73: Package 1 | B73: Sports Area | C73: 02.00 Preparatory work | D73: 02.00.11.20 | E73: Gornji sloj bočno skladištiti | I73: =IF(AND(G73<>"",H73<>""),G73*H73,"")
A74: Package 1 | B74: Sports Area | C74: 02.00 Preparatory work | E74: S ili bez tratina ukloniti ili odgurnuti te bočno međjuskladištiti u području gradilišta do 50,0 m. Obračunava se uklonjena prostorna mjera. Debljina sloja u sredini: 20 cm | I74: =IF(AND(G74<>"",H74<>""),G74*H74,"")
A75: Package 1 | B75: Sports Area | C75: 02.00 Preparatory work | D75: 02.00.11.20.A | E75: Obračun po m3 | F75: m3 | G75: 1 | I75: =IF(AND(G75<>"",H75<>""),G75*H75,"")
A76: Package 1 | B76: Sports Area | C76: 02.00 Preparatory work | E76: GRAĐEVINSKI RADOVI OBUHVAT | I76: =IF(AND(G76<>"",H76<>""),G76*H76,"")
A77: Package 1 | B77: Sports Area | C77: 02.00 Preparatory work | E77: PRIPREMNI RADOVI | I77: =IF(AND(G77<>"",H77<>""),G77*H77,"")
A78: Package 1 | B78: Sports Area | C78: 02.00 Preparatory work | D78: 02.00.11.21 | E78: Geodetsko iskolčavanje Utvrđivanje i iskolčavanje, horizontalno i vertikalno, građevine, određivanje visinskih kota terena, izbacivanjem pomoćnih točaka izvan područja iskopa, osiguravanjem istih i obilježavanjem visina, te kontrolom tijekom gradnje, u svemu prema skicama i uputama ovlaštenog predstavnika naručioca. Na osnovu podataka iz projekta treba iskolčiti tako da se iskolči položaj, kao i ispravne visinske kote. Uz iskolčenje treba izvesti i osiguranja točaka. Uz kontrolu istih u toku gradnje odnosno za iskolčenje po potrebi radova i prije zatrpavanja pojedinih instalacija, te izrada elaborata iskolčenja, kao i snimka izvedenog stanja sa elaboratom. Cijena stavke uključuje sve neophodne terenske i uredske poslove za kompletnu provedbu radova, uključujući izlaske na teren u više navrata po pozivu investitora. Zona obuhvata ima m2. Obračun komplet | I78: =IF(AND(G78<>"",H78<>""),G78*H78,"")
A79: Package 1 | B79: Sports Area | C79: 02.00 Preparatory work | D79: 02.00.11.21.A | E79: - geodetsko iskolčenje- prije i u toku radova | F79: pa | G79: 1 | I79: =IF(AND(G79<>"",H79<>""),G79*H79,"")
A80: Package 1 | B80: Sports Area | C80: 02.00 Preparatory work | D80: 02.00.11.21.B | E80: - elaborat iskolčenja | F80: pa | G80: 1 | I80: =IF(AND(G80<>"",H80<>""),G80*H80,"")
A81: Package 1 | B81: Sports Area | C81: 02.00 Preparatory work | D81: 02.00.11.21.C | E81: - elaborat izvedenog stanja | F81: pa | G81: 1 | I81: =IF(AND(G81<>"",H81<>""),G81*H81,"")
A82: Package 1 | B82: Sports Area | C82: 02.01 Demolition and dismantling | E82: DEMONTAŽA I RUŠENJE RADOVI | I82: =IF(AND(G82<>"",H82<>""),G82*H82,"")
A83: Package 1 | B83: Sports Area | C83: 02.01 Demolition and dismantling | E83: "Općenito: U jediničnu cijenu svih radova na rušenju i demontaži potrebno je uključiti otklanjanje otpadaka, šute te njihov odvoz na gradski deponij, bez obzira da li je to u pojedinoj stavci posebno navedeno ili ne. Izvođač je nakon bilo kakvog rada dužan očistiti nastali otpad. " "Kod utovara i prijevoza materijala na deponiju rastresitost materijala obračunata je u jediničnoj cijeni, a ne u količini materijala. Kod nuđenja jediničnih cijena za sve radove ponuđač je dužan pregledati postojeći objekt i projektnu dokumentaciju, te po potrebi zatražiti objašnjenje od projektanta." Svi razgrađeni materijali, šuta ili bilo koji drugi dijelovi građevine koji su produkt rušenja i razgradnji, odvoze se na gradsku deponiju što mora biti sadržano u svakoj stavci rušenja i razgradnji. U svakoj stavci rušenja i razgradnji, također je uključena i pristojba za korištenje odlagališta pri odlaganju otpadnog (razgrađenog) materijala. Sve stavke radova demontaže/rušenja i pripremnih radova sadrže odvoz rušenog/demontiranog materijala na gradsku deponiju. Ukoliko investitor odluči zadržati pojedine demontirane elemente, po nalogu investitora izvođač je dužan iste uredno deponirati na lokaciji koju odredi investitor. Isto je sadržano u jediničnoj cijeni demontaže/rušenja. Prije demontaže/rušenja investitor će odrediti koje od demontiranih elemenata zadržava i poziciju za odlaganje. Radove na razgrađivanju rušenju potrebno je izvoditi uz maksimalnu opreznost i primjenu svih zaštitnih mjera. Niti jedan rad na rušenju konstruktivnih dijelova objekta ne može se izvoditi bez suglasnosti statičara. Sve količine računaju se u sraslom stanju te takve se uzimaju u obzir pri obračunu ukalkulirati sve predradnje, radnje i zbrinjavanje. Prilikom demontaže i ponovne montaže kućica kao i prilikom radova na sanaciji platoa, dodavanje tucanika ili bilo kojeg drugog rada koji podrazumijeva prolaz preko platoa mora se kvalitetno zaštititi sva postojeća instalacija. Ukoliko je dio instalacije na plitkim kotama ili na sumnjivim pozicijama potrebno je odraditi sve potrebne zaštitne mjere kako ne bi došlo do oštećenja iste. Ukoliko dođe do oštećenja ista biti će na teret glavnom izvođaču. Napomena: prije davanja ponude, ponuditelj je obvezan pregledati gradilište, odnosno sve stavke koje se ruše u svrhu formiranja cijene demontaže/rušenja. Rušenja /demontaže vršiti prema planu rušenja u sklopu grafičkog dijela projekta, uz konzultaciju sa projektantom konstrukcije. | I83: =IF(AND(G83<>"",H83<>""),G83*H83,"")
A84: Package 1 | B84: Sports Area | C84: 02.01 Demolition and dismantling | D84: 02.01.11.1 | E84: Demontaža ograde zahvata Stavka uključuje demontažu postojeće ograde , te odvoz materijala na gradsku deponiju. Demontažu vršiti prema pozicijama iz projektne dokumentacije-plan rušenja. | I84: =IF(AND(G84<>"",H84<>""),G84*H84,"")
A85: Package 1 | B85: Sports Area | C85: 02.01 Demolition and dismantling | D85: 02.01.11.1.A | F85: m | G85: 215 | I85: =IF(AND(G85<>"",H85<>""),G85*H85,"")
A86: Package 1 | B86: Sports Area | C86: 02.01 Demolition and dismantling | D86: 02.01.11.2 | E86: Demontaža betafence ograde Stavka uključuje demontažu dijela postojeće betafence ograde koja odvaja nogostup od gospodarskog dvorišta, te skladištenje demontirane ograde za ponovnu upotrebu. Demontažu vršiti prema pozicijama iz projektne dokumentacije-plan rušenja. | I86: =IF(AND(G86<>"",H86<>""),G86*H86,"")
A87: Package 1 | B87: Sports Area | C87: 02.01 Demolition and dismantling | D87: 02.01.11.2.A | F87: m | G87: 12 | I87: =IF(AND(G87<>"",H87<>""),G87*H87,"")
A88: Package 1 | B88: Sports Area | C88: 02.01 Demolition and dismantling | D88: 02.01.11.3 | E88: Demontaža pergole Stavka uključuje demontažu postojećih konstrukcija pergola u okolišu, te odvoz materijala na gradsku deponiju. Demontažu vršiti prema pozicijama iz projektne dokumentacije-plan rušenja. Obračun paušal | I88: =IF(AND(G88<>"",H88<>""),G88*H88,"")
A89: Package 1 | B89: Sports Area | C89: 02.01 Demolition and dismantling | D89: 02.01.11.3.A | F89: pa | G89: 1 | I89: =IF(AND(G89<>"",H89<>""),G89*H89,"")
A90: Package 1 | B90: Sports Area | C90: 02.01 Demolition and dismantling | D90: 02.01.11.4 | E90: Demontaža ograde - ulaz u parking Stavka uključuje rezanj i demontažu dijela postojeće zelene ograde koja odvaja nogostup od sportske zone za stvaranje ulaza u parking , te odvoz materijala na gradsku deponiju. Demontažu vršiti prema pozicijama iz projektne dokumentacije-plan rušenja. | I90: =IF(AND(G90<>"",H90<>""),G90*H90,"")
A91: Package 1 | B91: Sports Area | C91: 02.01 Demolition and dismantling | D91: 02.01.11.4.A | F91: m | G91: 12 | I91: =IF(AND(G91<>"",H91<>""),G91*H91,"")
A92: Package 1 | B92: Sports Area | C92: 02.02. Earthworks | E92: ZEMLJANI RADOVI | I92: =IF(AND(G92<>"",H92<>""),G92*H92,"")
A93: Package 1 | B93: Sports Area | C93: 02.02. Earthworks | E93: Obračun iskopa i nasipa se radi prema stvarno izvedenim radovima. Iskop se izvodi u tlu bez obzira na kategoriju tla. Tlo se obračunava u zbijenom stanju prije iskopa. Viškovi iskopa zbog nepravilno izvedenih radova neće se priznavati. Prilikom iskopa izbjegavati mrežu korijenja stabala koja se zadržavaju. Prije davanja ponude, izvođač je dužan pregledati lokaciju na kojoj se izvode radovi. | I93: =IF(AND(G93<>"",H93<>""),G93*H93,"")
A94: Package 1 | B94: Sports Area | C94: 02.02. Earthworks | D94: 02.02.11.1 | E94: Iskop temelja - trakasti temelji za nadstrešnice sa fotonaponskim modulima "U cijenu je uključeno planiranje i valjanje tla (posteljice) nakon iskopa na točnost +/-2cm na način da se na niveleti posteljice dobije potrebna zbijenost. Materijal odložiti na gradilištu za korištenje u nasipavanju terena, sa svim potrebnim utovarima i istovarima sa razastiranjem na gradilišnoj deponiji uključeno je u jediničnu cijenu ove stavke. Prijevoz i iskrcaj iskopanog materijala na privremenu gradilišnu deponiju, bez obzira na vrstu vozila i kategoriju materijala. Deponiju osigurava izvođač radova. Iskope izvoditi prema projektiranim visinama/širinama, višak iskopa neće se priznavati." Obračun po m3 u zbijenom stanju. | I94: =IF(AND(G94<>"",H94<>""),G94*H94,"")
A95: Package 1 | B95: Sports Area | C95: 02.02. Earthworks | D95: 02.02.11.1.A | F95: m3 | G95: 42 | I95: =IF(AND(G95<>"",H95<>""),G95*H95,"")
A96: Package 1 | B96: Sports Area | C96: 02.02. Earthworks | D96: 02.02.11.2 | E96: Zatrpavanja temelja i nasipavanje materijalom iz iskopa trakaste temelje parkinga Zatrpavanje iskopa uz izvedene armiranobetonske radove, nasip uz novo izvedene potporne zidove te nasipavanje terena prema projektiranim niveletama materijalom iz iskopa. U cijeni stavke sav potreban transport unutar gradilišta, nasipavanje, razastiranje i nabijanje materijala u slojevima od max. 30cm. Sve do gotovosti, računato u zbijenom stanju. Obračun po m3 zatrpavanje i nasipavanje materijalom iskopa | I96: =IF(AND(G96<>"",H96<>""),G96*H96,"")
A97: Package 1 | B97: Sports Area | C97: 02.02. Earthworks | D97: 02.02.11.2.A | F97: m3 | G97: 12.5 | I97: =IF(AND(G97<>"",H97<>""),G97*H97,"")
A98: Package 1 | B98: Sports Area | C98: 02.02. Earthworks | D98: 02.02.11.3 | E98: Iskop temelja - trakasti temelji za potporne zidove parkirališta, zidovi gospodarskog dvorišta "U cijenu je uključeno planiranje i valjanje tla (posteljice) nakon iskopa na točnost +/-2cm na način da se na niveleti posteljice dobije potrebna zbijenost. Materijal odložiti na gradilištu za korištenje u nasipavanju terena, sa svim potrebnim utovarima i istovarima sa razastiranjem na gradilišnoj deponiji uključeno je u jediničnu cijenu ove stavke. Prijevoz i iskrcaj iskopanog materijala na privremenu gradilišnu deponiju, bez obzira na vrstu vozila i kategoriju materijala. Deponiju osigurava izvođač radova. Iskope izvoditi prema projektiranim visinama/širinama, višak iskopa neće se priznavati." Obračun po m3 u zbijenom stanju. | I98: =IF(AND(G98<>"",H98<>""),G98*H98,"")
A99: Package 1 | B99: Sports Area | C99: 02.02. Earthworks | D99: 02.02.11.3.A | F99: m3 | G99: 102.5 | I99: =IF(AND(G99<>"",H99<>""),G99*H99,"")
A100: Package 1 | B100: Sports Area | C100: 02.02. Earthworks | D100: 02.02.11.4 | E100: Zatrpavanja temelja i nasipavanje materijalom iz iskopa trakaste temelje potporni Zatrpavanje iskopa uz izvedene armiranobetonske radove, nasip uz novo izvedene potporne zidove te nasipavanje terena prema projektiranim niveletama materijalom iz iskopa. U cijeni stavke sav potreban transport unutar gradilišta, nasipavanje, razastiranje i nabijanje materijala u slojevima od max. 30cm. Sve do gotovosti, računato u zbijenom stanju. Obračun po m3 zatrpavanje i nasipavanje materijalom iskopa | I100: =IF(AND(G100<>"",H100<>""),G100*H100,"")
...

Sheet RECAP
A2: Aktivni paket | B2: Rekapitulacija - sveukupno | C2: Ukupno
A3: =IF(LEFT(B3,7)="Package",B3,A2) -> Package 1 | B3: Package 1 | C3: =IF(B3="","",IF(LEFT(B3,7)="Package",SUMIFS(BOQ!$I:$I,BOQ!$A:$A,B3),SUMIFS(BOQ!$I:$I,BOQ!$A:$A,$A3,BOQ!$B:$B,B3))) -> 0
A4: =IF(LEFT(B4,7)="Package",B4,A3) -> Package 1 | B4: Camp_Falky Land | C4: =IF(B4="","",IF(LEFT(B4,7)="Package",SUMIFS(BOQ!$I:$I,BOQ!$A:$A,B4),SUMIFS(BOQ!$I:$I,BOQ!$A:$A,$A4,BOQ!$B:$B,B4))) -> 0
A5: =IF(LEFT(B5,7)="Package",B5,A4) -> Package 1 | C5: =IF(B5="","",IF(LEFT(B5,7)="Package",SUMIFS(BOQ!$I:$I,BOQ!$A:$A,B5),SUMIFS(BOQ!$I:$I,BOQ!$A:$A,$A5,BOQ!$B:$B,B5)))
A6: =IF(LEFT(B6,7)="Package",B6,A5) -> Package 1 | B6: Camp_Infra | C6: =IF(B6="","",IF(LEFT(B6,7)="Package",SUMIFS(BOQ!$I:$I,BOQ!$A:$A,B6),SUMIFS(BOQ!$I:$I,BOQ!$A:$A,$A6,BOQ!$B:$B,B6))) -> 0
A7: =IF(LEFT(B7,7)="Package",B7,A6) -> Package 1 | C7: =IF(B7="","",IF(LEFT(B7,7)="Package",SUMIFS(BOQ!$I:$I,BOQ!$A:$A,B7),SUMIFS(BOQ!$I:$I,BOQ!$A:$A,$A7,BOQ!$B:$B,B7)))
A8: =IF(LEFT(B8,7)="Package",B8,A7) -> Package 1 | B8: Camp_Kids Bar | C8: =IF(B8="","",IF(LEFT(B8,7)="Package",SUMIFS(BOQ!$I:$I,BOQ!$A:$A,B8),SUMIFS(BOQ!$I:$I,BOQ!$A:$A,$A8,BOQ!$B:$B,B8))) -> 0
A9: =IF(LEFT(B9,7)="Package",B9,A8) -> Package 1 | C9: =IF(B9="","",IF(LEFT(B9,7)="Package",SUMIFS(BOQ!$I:$I,BOQ!$A:$A,B9),SUMIFS(BOQ!$I:$I,BOQ!$A:$A,$A9,BOQ!$B:$B,B9)))
A10: =IF(LEFT(B10,7)="Package",B10,A9) -> Package 1 | B10: Camp_Kitchen | C10: =IF(B10="","",IF(LEFT(B10,7)="Package",SUMIFS(BOQ!$I:$I,BOQ!$A:$A,B10),SUMIFS(BOQ!$I:$I,BOQ!$A:$A,$A10,BOQ!$B:$B,B10))) -> 0
A11: =IF(LEFT(B11,7)="Package",B11,A10) -> Package 1 | C11: =IF(B11="","",IF(LEFT(B11,7)="Package",SUMIFS(BOQ!$I:$I,BOQ!$A:$A,B11),SUMIFS(BOQ!$I:$I,BOQ!$A:$A,$A11,BOQ!$B:$B,B11)))
A12: =IF(LEFT(B12,7)="Package",B12,A11) -> Package 1 | B12: Camp_MH / GH | C12: =IF(B12="","",IF(LEFT(B12,7)="Package",SUMIFS(BOQ!$I:$I,BOQ!$A:$A,B12),SUMIFS(BOQ!$I:$I,BOQ!$A:$A,$A12,BOQ!$B:$B,B12))) -> 0
A13: =IF(LEFT(B13,7)="Package",B13,A12) -> Package 1 | C13: =IF(B13="","",IF(LEFT(B13,7)="Package",SUMIFS(BOQ!$I:$I,BOQ!$A:$A,B13),SUMIFS(BOQ!$I:$I,BOQ!$A:$A,$A13,BOQ!$B:$B,B13)))
A14: =IF(LEFT(B14,7)="Package",B14,A13) -> Package 1 | B14: Camp_Pool Area | C14: =IF(B14="","",IF(LEFT(B14,7)="Package",SUMIFS(BOQ!$I:$I,BOQ!$A:$A,B14),SUMIFS(BOQ!$I:$I,BOQ!$A:$A,$A14,BOQ!$B:$B,B14))) -> 0
A15: =IF(LEFT(B15,7)="Package",B15,A14) -> Package 1 | C15: =IF(B15="","",IF(LEFT(B15,7)="Package",SUMIFS(BOQ!$I:$I,BOQ!$A:$A,B15),SUMIFS(BOQ!$I:$I,BOQ!$A:$A,$A15,BOQ!$B:$B,B15)))
A16: =IF(LEFT(B16,7)="Package",B16,A15) -> Package 1 | B16: Camp_Rezeption | C16: =IF(B16="","",IF(LEFT(B16,7)="Package",SUMIFS(BOQ!$I:$I,BOQ!$A:$A,B16),SUMIFS(BOQ!$I:$I,BOQ!$A:$A,$A16,BOQ!$B:$B,B16))) -> 0
A17: =IF(LEFT(B17,7)="Package",B17,A16) -> Package 1 | C17: =IF(B17="","",IF(LEFT(B17,7)="Package",SUMIFS(BOQ!$I:$I,BOQ!$A:$A,B17),SUMIFS(BOQ!$I:$I,BOQ!$A:$A,$A17,BOQ!$B:$B,B17)))
A18: =IF(LEFT(B18,7)="Package",B18,A17) -> Package 1 | B18: Camp_Sanitary 1 | C18: =IF(B18="","",IF(LEFT(B18,7)="Package",SUMIFS(BOQ!$I:$I,BOQ!$A:$A,B18),SUMIFS(BOQ!$I:$I,BOQ!$A:$A,$A18,BOQ!$B:$B,B18))) -> 0
A19: =IF(LEFT(B19,7)="Package",B19,A18) -> Package 1 | C19: =IF(B19="","",IF(LEFT(B19,7)="Package",SUMIFS(BOQ!$I:$I,BOQ!$A:$A,B19),SUMIFS(BOQ!$I:$I,BOQ!$A:$A,$A19,BOQ!$B:$B,B19)))
A20: =IF(LEFT(B20,7)="Package",B20,A19) -> Package 1 | B20: Camp_Sanitary 2 | C20: =IF(B20="","",IF(LEFT(B20,7)="Package",SUMIFS(BOQ!$I:$I,BOQ!$A:$A,B20),SUMIFS(BOQ!$I:$I,BOQ!$A:$A,$A20,BOQ!$B:$B,B20))) -> 0
A21: =IF(LEFT(B21,7)="Package",B21,A20) -> Package 1 | C21: =IF(B21="","",IF(LEFT(B21,7)="Package",SUMIFS(BOQ!$I:$I,BOQ!$A:$A,B21),SUMIFS(BOQ!$I:$I,BOQ!$A:$A,$A21,BOQ!$B:$B,B21)))
A22: =IF(LEFT(B22,7)="Package",B22,A21) -> Package 1 | B22: Camp_Sanitary 3 | C22: =IF(B22="","",IF(LEFT(B22,7)="Package",SUMIFS(BOQ!$I:$I,BOQ!$A:$A,B22),SUMIFS(BOQ!$I:$I,BOQ!$A:$A,$A22,BOQ!$B:$B,B22))) -> 0
A23: =IF(LEFT(B23,7)="Package",B23,A22) -> Package 1 | C23: =IF(B23="","",IF(LEFT(B23,7)="Package",SUMIFS(BOQ!$I:$I,BOQ!$A:$A,B23),SUMIFS(BOQ!$I:$I,BOQ!$A:$A,$A23,BOQ!$B:$B,B23)))
A24: =IF(LEFT(B24,7)="Package",B24,A23) -> Package 1 | B24: Sports Area | C24: =IF(B24="","",IF(LEFT(B24,7)="Package",SUMIFS(BOQ!$I:$I,BOQ!$A:$A,B24),SUMIFS(BOQ!$I:$I,BOQ!$A:$A,$A24,BOQ!$B:$B,B24))) -> 0
A25: =IF(LEFT(B25,7)="Package",B25,A24) -> Package 1 | C25: =IF(B25="","",IF(LEFT(B25,7)="Package",SUMIFS(BOQ!$I:$I,BOQ!$A:$A,B25),SUMIFS(BOQ!$I:$I,BOQ!$A:$A,$A25,BOQ!$B:$B,B25)))
A26: =IF(LEFT(B26,7)="Package",B26,A25) -> Package 1 | B26: (prazno) | C26: =IF(B26="","",IF(LEFT(B26,7)="Package",SUMIFS(BOQ!$I:$I,BOQ!$A:$A,B26),SUMIFS(BOQ!$I:$I,BOQ!$A:$A,$A26,BOQ!$B:$B,B26))) -> 0
A27: =IF(LEFT(B27,7)="Package",B27,A26) -> Package 1 | C27: =IF(B27="","",IF(LEFT(B27,7)="Package",SUMIFS(BOQ!$I:$I,BOQ!$A:$A,B27),SUMIFS(BOQ!$I:$I,BOQ!$A:$A,$A27,BOQ!$B:$B,B27)))
A28: =IF(LEFT(B28,7)="Package",B28,A27) -> Package 2 | B28: Package 2 | C28: =IF(B28="","",IF(LEFT(B28,7)="Package",SUMIFS(BOQ!$I:$I,BOQ!$A:$A,B28),SUMIFS(BOQ!$I:$I,BOQ!$A:$A,$A28,BOQ!$B:$B,B28))) -> 0
A29: =IF(LEFT(B29,7)="Package",B29,A28) -> Package 2 | B29: Camp Pila | C29: =IF(B29="","",IF(LEFT(B29,7)="Package",SUMIFS(BOQ!$I:$I,BOQ!$A:$A,B29),SUMIFS(BOQ!$I:$I,BOQ!$A:$A,$A29,BOQ!$B:$B,B29))) -> 0
A30: =IF(LEFT(B30,7)="Package",B30,A29) -> Package 2 | C30: =IF(B30="","",IF(LEFT(B30,7)="Package",SUMIFS(BOQ!$I:$I,BOQ!$A:$A,B30),SUMIFS(BOQ!$I:$I,BOQ!$A:$A,$A30,BOQ!$B:$B,B30)))
A31: =IF(LEFT(B31,7)="Package",B31,A30) -> Package 2 | B31: Camp_Falky Land | C31: =IF(B31="","",IF(LEFT(B31,7)="Package",SUMIFS(BOQ!$I:$I,BOQ!$A:$A,B31),SUMIFS(BOQ!$I:$I,BOQ!$A:$A,$A31,BOQ!$B:$B,B31))) -> 0
A32: =IF(LEFT(B32,7)="Package",B32,A31) -> Package 2 | C32: =IF(B32="","",IF(LEFT(B32,7)="Package",SUMIFS(BOQ!$I:$I,BOQ!$A:$A,B32),SUMIFS(BOQ!$I:$I,BOQ!$A:$A,$A32,BOQ!$B:$B,B32)))
A33: =IF(LEFT(B33,7)="Package",B33,A32) -> Package 2 | B33: Camp_Infra | C33: =IF(B33="","",IF(LEFT(B33,7)="Package",SUMIFS(BOQ!$I:$I,BOQ!$A:$A,B33),SUMIFS(BOQ!$I:$I,BOQ!$A:$A,$A33,BOQ!$B:$B,B33))) -> 0
A34: =IF(LEFT(B34,7)="Package",B34,A33) -> Package 2 | C34: =IF(B34="","",IF(LEFT(B34,7)="Package",SUMIFS(BOQ!$I:$I,BOQ!$A:$A,B34),SUMIFS(BOQ!$I:$I,BOQ!$A:$A,$A34,BOQ!$B:$B,B34)))
A35: =IF(LEFT(B35,7)="Package",B35,A34) -> Package 2 | B35: Camp_Kids Bar | C35: =IF(B35="","",IF(LEFT(B35,7)="Package",SUMIFS(BOQ!$I:$I,BOQ!$A:$A,B35),SUMIFS(BOQ!$I:$I,BOQ!$A:$A,$A35,BOQ!$B:$B,B35))) -> 0
A36: =IF(LEFT(B36,7)="Package",B36,A35) -> Package 2 | C36: =IF(B36="","",IF(LEFT(B36,7)="Package",SUMIFS(BOQ!$I:$I,BOQ!$A:$A,B36),SUMIFS(BOQ!$I:$I,BOQ!$A:$A,$A36,BOQ!$B:$B,B36)))
A37: =IF(LEFT(B37,7)="Package",B37,A36) -> Package 2 | B37: Camp_Kitchen | C37: =IF(B37="","",IF(LEFT(B37,7)="Package",SUMIFS(BOQ!$I:$I,BOQ!$A:$A,B37),SUMIFS(BOQ!$I:$I,BOQ!$A:$A,$A37,BOQ!$B:$B,B37))) -> 0
A38: =IF(LEFT(B38,7)="Package",B38,A37) -> Package 2 | C38: =IF(B38="","",IF(LEFT(B38,7)="Package",SUMIFS(BOQ!$I:$I,BOQ!$A:$A,B38),SUMIFS(BOQ!$I:$I,BOQ!$A:$A,$A38,BOQ!$B:$B,B38)))
A39: =IF(LEFT(B39,7)="Package",B39,A38) -> Package 2 | B39: (prazno) | C39: =IF(B39="","",IF(LEFT(B39,7)="Package",SUMIFS(BOQ!$I:$I,BOQ!$A:$A,B39),SUMIFS(BOQ!$I:$I,BOQ!$A:$A,$A39,BOQ!$B:$B,B39))) -> 0
A40: =IF(LEFT(B40,7)="Package",B40,A39) -> Package 2 | B40: Camp_MH / GH | C40: =IF(B40="","",IF(LEFT(B40,7)="Package",SUMIFS(BOQ!$I:$I,BOQ!$A:$A,B40),SUMIFS(BOQ!$I:$I,BOQ!$A:$A,$A40,BOQ!$B:$B,B40))) -> 0
A41: =IF(LEFT(B41,7)="Package",B41,A40) -> Package 2 | C41: =IF(B41="","",IF(LEFT(B41,7)="Package",SUMIFS(BOQ!$I:$I,BOQ!$A:$A,B41),SUMIFS(BOQ!$I:$I,BOQ!$A:$A,$A41,BOQ!$B:$B,B41)))
A42: =IF(LEFT(B42,7)="Package",B42,A41) -> Package 2 | B42: Camp_Pool Area | C42: =IF(B42="","",IF(LEFT(B42,7)="Package",SUMIFS(BOQ!$I:$I,BOQ!$A:$A,B42),SUMIFS(BOQ!$I:$I,BOQ!$A:$A,$A42,BOQ!$B:$B,B42))) -> 0
A43: =IF(LEFT(B43,7)="Package",B43,A42) -> Package 2 | C43: =IF(B43="","",IF(LEFT(B43,7)="Package",SUMIFS(BOQ!$I:$I,BOQ!$A:$A,B43),SUMIFS(BOQ!$I:$I,BOQ!$A:$A,$A43,BOQ!$B:$B,B43)))
A44: =IF(LEFT(B44,7)="Package",B44,A43) -> Package 2 | B44: Camp_Rezeption | C44: =IF(B44="","",IF(LEFT(B44,7)="Package",SUMIFS(BOQ!$I:$I,BOQ!$A:$A,B44),SUMIFS(BOQ!$I:$I,BOQ!$A:$A,$A44,BOQ!$B:$B,B44))) -> 0
A45: =IF(LEFT(B45,7)="Package",B45,A44) -> Package 2 | C45: =IF(B45="","",IF(LEFT(B45,7)="Package",SUMIFS(BOQ!$I:$I,BOQ!$A:$A,B45),SUMIFS(BOQ!$I:$I,BOQ!$A:$A,$A45,BOQ!$B:$B,B45)))
A46: =IF(LEFT(B46,7)="Package",B46,A45) -> Package 2 | B46: Camp_Sanitary 1 | C46: =IF(B46="","",IF(LEFT(B46,7)="Package",SUMIFS(BOQ!$I:$I,BOQ!$A:$A,B46),SUMIFS(BOQ!$I:$I,BOQ!$A:$A,$A46,BOQ!$B:$B,B46))) -> 0
A47: =IF(LEFT(B47,7)="Package",B47,A46) -> Package 2 | C47: =IF(B47="","",IF(LEFT(B47,7)="Package",SUMIFS(BOQ!$I:$I,BOQ!$A:$A,B47),SUMIFS(BOQ!$I:$I,BOQ!$A:$A,$A47,BOQ!$B:$B,B47)))
A48: =IF(LEFT(B48,7)="Package",B48,A47) -> Package 2 | B48: Camp_Sanitary 2 | C48: =IF(B48="","",IF(LEFT(B48,7)="Package",SUMIFS(BOQ!$I:$I,BOQ!$A:$A,B48),SUMIFS(BOQ!$I:$I,BOQ!$A:$A,$A48,BOQ!$B:$B,B48))) -> 0
A49: =IF(LEFT(B49,7)="Package",B49,A48) -> Package 2 | C49: =IF(B49="","",IF(LEFT(B49,7)="Package",SUMIFS(BOQ!$I:$I,BOQ!$A:$A,B49),SUMIFS(BOQ!$I:$I,BOQ!$A:$A,$A49,BOQ!$B:$B,B49)))
A50: =IF(LEFT(B50,7)="Package",B50,A49) -> Package 2 | B50: Camp_Sanitary 3 | C50: =IF(B50="","",IF(LEFT(B50,7)="Package",SUMIFS(BOQ!$I:$I,BOQ!$A:$A,B50),SUMIFS(BOQ!$I:$I,BOQ!$A:$A,$A50,BOQ!$B:$B,B50))) -> 0
A51: =IF(LEFT(B51,7)="Package",B51,A50) -> Package 2 | C51: =IF(B51="","",IF(LEFT(B51,7)="Package",SUMIFS(BOQ!$I:$I,BOQ!$A:$A,B51),SUMIFS(BOQ!$I:$I,BOQ!$A:$A,$A51,BOQ!$B:$B,B51)))
A52: =IF(LEFT(B52,7)="Package",B52,A51) -> Package 2 | B52: Sports Area | C52: =IF(B52="","",IF(LEFT(B52,7)="Package",SUMIFS(BOQ!$I:$I,BOQ!$A:$A,B52),SUMIFS(BOQ!$I:$I,BOQ!$A:$A,$A52,BOQ!$B:$B,B52))) -> 0
A53: =IF(LEFT(B53,7)="Package",B53,A52) -> Package 2 | C53: =IF(B53="","",IF(LEFT(B53,7)="Package",SUMIFS(BOQ!$I:$I,BOQ!$A:$A,B53),SUMIFS(BOQ!$I:$I,BOQ!$A:$A,$A53,BOQ!$B:$B,B53)))
A54: =IF(LEFT(B54,7)="Package",B54,A53) -> Package 2 | B54: (prazno) | C54: =IF(B54="","",IF(LEFT(B54,7)="Package",SUMIFS(BOQ!$I:$I,BOQ!$A:$A,B54),SUMIFS(BOQ!$I:$I,BOQ!$A:$A,$A54,BOQ!$B:$B,B54))) -> 0
A55: =IF(LEFT(B55,7)="Package",B55,A54) -> Package 2 | B55: (prazno) | C55: =IF(B55="","",IF(LEFT(B55,7)="Package",SUMIFS(BOQ!$I:$I,BOQ!$A:$A,B55),SUMIFS(BOQ!$I:$I,BOQ!$A:$A,$A55,BOQ!$B:$B,B55))) -> 0
A56: =IF(LEFT(B56,7)="Package",B56,A55) -> Package 2 | C56: =IF(B56="","",IF(LEFT(B56,7)="Package",SUMIFS(BOQ!$I:$I,BOQ!$A:$A,B56),SUMIFS(BOQ!$I:$I,BOQ!$A:$A,$A56,BOQ!$B:$B,B56)))
A57: =IF(LEFT(B57,7)="Package",B57,A56) -> Package 2a | B57: Package 2a | C57: =IF(B57="","",IF(LEFT(B57,7)="Package",SUMIFS(BOQ!$I:$I,BOQ!$A:$A,B57),SUMIFS(BOQ!$I:$I,BOQ!$A:$A,$A57,BOQ!$B:$B,B57))) -> 0
A58: =IF(LEFT(B58,7)="Package",B58,A57) -> Package 2a | B58: Camp_Pool Area | C58: =IF(B58="","",IF(LEFT(B58,7)="Package",SUMIFS(BOQ!$I:$I,BOQ!$A:$A,B58),SUMIFS(BOQ!$I:$I,BOQ!$A:$A,$A58,BOQ!$B:$B,B58))) -> 0
A59: =IF(LEFT(B59,7)="Package",B59,A58) -> Package 2a | C59: =IF(B59="","",IF(LEFT(B59,7)="Package",SUMIFS(BOQ!$I:$I,BOQ!$A:$A,B59),SUMIFS(BOQ!$I:$I,BOQ!$A:$A,$A59,BOQ!$B:$B,B59)))
A60: =IF(LEFT(B60,7)="Package",B60,A59) -> Package 3 | B60: Package 3 | C60: =IF(B60="","",IF(LEFT(B60,7)="Package",SUMIFS(BOQ!$I:$I,BOQ!$A:$A,B60),SUMIFS(BOQ!$I:$I,BOQ!$A:$A,$A60,BOQ!$B:$B,B60))) -> 0
A61: =IF(LEFT(B61,7)="Package",B61,A60) -> Package 3 | B61: Camp_Falky Land | C61: =IF(B61="","",IF(LEFT(B61,7)="Package",SUMIFS(BOQ!$I:$I,BOQ!$A:$A,B61),SUMIFS(BOQ!$I:$I,BOQ!$A:$A,$A61,BOQ!$B:$B,B61))) -> 0
A62: =IF(LEFT(B62,7)="Package",B62,A61) -> Package 3 | C62: =IF(B62="","",IF(LEFT(B62,7)="Package",SUMIFS(BOQ!$I:$I,BOQ!$A:$A,B62),SUMIFS(BOQ!$I:$I,BOQ!$A:$A,$A62,BOQ!$B:$B,B62)))
A63: =IF(LEFT(B63,7)="Package",B63,A62) -> Package 3 | B63: Camp_Infra | C63: =IF(B63="","",IF(LEFT(B63,7)="Package",SUMIFS(BOQ!$I:$I,BOQ!$A:$A,B63),SUMIFS(BOQ!$I:$I,BOQ!$A:$A,$A63,BOQ!$B:$B,B63))) -> 0
A64: =IF(LEFT(B64,7)="Package",B64,A63) -> Package 3 | C64: =IF(B64="","",IF(LEFT(B64,7)="Package",SUMIFS(BOQ!$I:$I,BOQ!$A:$A,B64),SUMIFS(BOQ!$I:$I,BOQ!$A:$A,$A64,BOQ!$B:$B,B64)))
A65: =IF(LEFT(B65,7)="Package",B65,A64) -> Package 3 | B65: Camp_Kids Bar | C65: =IF(B65="","",IF(LEFT(B65,7)="Package",SUMIFS(BOQ!$I:$I,BOQ!$A:$A,B65),SUMIFS(BOQ!$I:$I,BOQ!$A:$A,$A65,BOQ!$B:$B,B65))) -> 0
A66: =IF(LEFT(B66,7)="Package",B66,A65) -> Package 3 | C66: =IF(B66="","",IF(LEFT(B66,7)="Package",SUMIFS(BOQ!$I:$I,BOQ!$A:$A,B66),SUMIFS(BOQ!$I:$I,BOQ!$A:$A,$A66,BOQ!$B:$B,B66)))
A67: =IF(LEFT(B67,7)="Package",B67,A66) -> Package 3 | B67: Camp_Kitchen | C67: =IF(B67="","",IF(LEFT(B67,7)="Package",SUMIFS(BOQ!$I:$I,BOQ!$A:$A,B67),SUMIFS(BOQ!$I:$I,BOQ!$A:$A,$A67,BOQ!$B:$B,B67))) -> 0
A68: =IF(LEFT(B68,7)="Package",B68,A67) -> Package 3 | C68: =IF(B68="","",IF(LEFT(B68,7)="Package",SUMIFS(BOQ!$I:$I,BOQ!$A:$A,B68),SUMIFS(BOQ!$I:$I,BOQ!$A:$A,$A68,BOQ!$B:$B,B68)))
A69: =IF(LEFT(B69,7)="Package",B69,A68) -> Package 3 | B69: Camp_Pool Area | C69: =IF(B69="","",IF(LEFT(B69,7)="Package",SUMIFS(BOQ!$I:$I,BOQ!$A:$A,B69),SUMIFS(BOQ!$I:$I,BOQ!$A:$A,$A69,BOQ!$B:$B,B69))) -> 0
A70: =IF(LEFT(B70,7)="Package",B70,A69) -> Package 3 | C70: =IF(B70="","",IF(LEFT(B70,7)="Package",SUMIFS(BOQ!$I:$I,BOQ!$A:$A,B70),SUMIFS(BOQ!$I:$I,BOQ!$A:$A,$A70,BOQ!$B:$B,B70)))
A71: =IF(LEFT(B71,7)="Package",B71,A70) -> Package 3 | B71: Camp_Rezeption | C71: =IF(B71="","",IF(LEFT(B71,7)="Package",SUMIFS(BOQ!$I:$I,BOQ!$A:$A,B71),SUMIFS(BOQ!$I:$I,BOQ!$A:$A,$A71,BOQ!$B:$B,B71))) -> 0
A72: =IF(LEFT(B72,7)="Package",B72,A71) -> Package 3 | C72: =IF(B72="","",IF(LEFT(B72,7)="Package",SUMIFS(BOQ!$I:$I,BOQ!$A:$A,B72),SUMIFS(BOQ!$I:$I,BOQ!$A:$A,$A72,BOQ!$B:$B,B72)))
A73: =IF(LEFT(B73,7)="Package",B73,A72) -> Package 3 | B73: Camp_Sanitary 1 | C73: =IF(B73="","",IF(LEFT(B73,7)="Package",SUMIFS(BOQ!$I:$I,BOQ!$A:$A,B73),SUMIFS(BOQ!$I:$I,BOQ!$A:$A,$A73,BOQ!$B:$B,B73))) -> 0
A74: =IF(LEFT(B74,7)="Package",B74,A73) -> Package 3 | C74: =IF(B74="","",IF(LEFT(B74,7)="Package",SUMIFS(BOQ!$I:$I,BOQ!$A:$A,B74),SUMIFS(BOQ!$I:$I,BOQ!$A:$A,$A74,BOQ!$B:$B,B74)))
A75: =IF(LEFT(B75,7)="Package",B75,A74) -> Package 3 | B75: Camp_Sanitary 2 | C75: =IF(B75="","",IF(LEFT(B75,7)="Package",SUMIFS(BOQ!$I:$I,BOQ!$A:$A,B75),SUMIFS(BOQ!$I:$I,BOQ!$A:$A,$A75,BOQ!$B:$B,B75))) -> 0
A76: =IF(LEFT(B76,7)="Package",B76,A75) -> Package 3 | C76: =IF(B76="","",IF(LEFT(B76,7)="Package",SUMIFS(BOQ!$I:$I,BOQ!$A:$A,B76),SUMIFS(BOQ!$I:$I,BOQ!$A:$A,$A76,BOQ!$B:$B,B76)))
A77: =IF(LEFT(B77,7)="Package",B77,A76) -> Package 3 | B77: Camp_Sanitary 3 | C77: =IF(B77="","",IF(LEFT(B77,7)="Package",SUMIFS(BOQ!$I:$I,BOQ!$A:$A,B77),SUMIFS(BOQ!$I:$I,BOQ!$A:$A,$A77,BOQ!$B:$B,B77))) -> 0
A78: =IF(LEFT(B78,7)="Package",B78,A77) -> Package 3 | C78: =IF(B78="","",IF(LEFT(B78,7)="Package",SUMIFS(BOQ!$I:$I,BOQ!$A:$A,B78),SUMIFS(BOQ!$I:$I,BOQ!$A:$A,$A78,BOQ!$B:$B,B78)))
A79: =IF(LEFT(B79,7)="Package",B79,A78) -> Package 3 | B79: Sports Area | C79: =IF(B79="","",IF(LEFT(B79,7)="Package",SUMIFS(BOQ!$I:$I,BOQ!$A:$A,B79),SUMIFS(BOQ!$I:$I,BOQ!$A:$A,$A79,BOQ!$B:$B,B79))) -> 0
A80: =IF(LEFT(B80,7)="Package",B80,A79) -> Package 3 | C80: =IF(B80="","",IF(LEFT(B80,7)="Package",SUMIFS(BOQ!$I:$I,BOQ!$A:$A,B80),SUMIFS(BOQ!$I:$I,BOQ!$A:$A,$A80,BOQ!$B:$B,B80)))
A81: =IF(LEFT(B81,7)="Package",B81,A80) -> Package 3 | B81: (prazno) | C81: =IF(B81="","",IF(LEFT(B81,7)="Package",SUMIFS(BOQ!$I:$I,BOQ!$A:$A,B81),SUMIFS(BOQ!$I:$I,BOQ!$A:$A,$A81,BOQ!$B:$B,B81))) -> 0
A82: =IF(LEFT(B82,7)="Package",B82,A81) -> Package 3 | C82: =IF(B82="","",IF(LEFT(B82,7)="Package",SUMIFS(BOQ!$I:$I,BOQ!$A:$A,B82),SUMIFS(BOQ!$I:$I,BOQ!$A:$A,$A82,BOQ!$B:$B,B82)))
A83: =IF(LEFT(B83,7)="Package",B83,A82) -> Package 3 | B83: Ukupni zbroj | C83: =SUM(C3:C82)/2 -> 0
A84: {=IF(B84="","",IF(LEFT(B84,7)="Package",B84,LOOKUP(2,1/(LEFT($B$84:B84,7)="Package"),$B$84:B84)))}
A85: {=IF(B85="","",IF(LEFT(B85,7)="Package",B85,LOOKUP(2,1/(LEFT($B$84:B85,7)="Package"),$B$84:B85)))}
A86: {=IF(B86="","",IF(LEFT(B86,7)="Package",B86,LOOKUP(2,1/(LEFT($B$84:B86,7)="Package"),$B$84:B86)))}
A87: {=IF(B87="","",IF(LEFT(B87,7)="Package",B87,LOOKUP(2,1/(LEFT($B$84:B87,7)="Package"),$B$84:B87)))}
A88: {=IF(B88="","",IF(LEFT(B88,7)="Package",B88,LOOKUP(2,1/(LEFT($B$84:B88,7)="Package"),$B$84:B88)))}
A89: {=IF(B89="","",IF(LEFT(B89,7)="Package",B89,LOOKUP(2,1/(LEFT($B$84:B89,7)="Package"),$B$84:B89)))}
A90: {=IF(B90="","",IF(LEFT(B90,7)="Package",B90,LOOKUP(2,1/(LEFT($B$84:B90,7)="Package"),$B$84:B90)))}
A91: {=IF(B91="","",IF(LEFT(B91,7)="Package",B91,LOOKUP(2,1/(LEFT($B$84:B91,7)="Package"),$B$84:B91)))}
