Workbook
Name _Fill: #REF!

Sheet NASL
A3: Projekt izradio: | B3: SAGRADA d.o.o.
B4: Bukovačka cesta 188
B5: 10000 Zagreb
B6: stipan.dolic@gmail.com
A13: Građevina: | B13: IZGRADNJA STAMBENE ZGRADE
A16: Lokacija: | B16: Zagreb, Gornji Bukovac, k.č. 2269, k.o. Remete
A19: Investitor: | B19: Josip i Nina Drinovac, Gornji Bukovac 150, 10000 Zagreb
A23: Sadržaj: | B23: TROŠKOVNIK GRAĐEVINSKO - OBRTNIČKIH RADOVA
A27: Zajednička oznaka: | B27: GP 2/22
A30: Broj projekta: | B30: A-2/2022
A33: Izrada troškovnika: | B33: Stipan Dolić, dipl.ing.arh.
A36: Glavni projektant: | B36: Stipan Dolić, dipl.ing.arh.
A39: Direktor: | B39: Stipan Dolić, dipl.ing.arh.
A44: Mjesto i datum izrade: | B44: Zagreb, rujan 2022.

Sheet REKAPITULACIJA
B1: UKUPNA REKAPITULACIJA
F3: kn | G3: €
A4: A. | B4: GRAĐEVINSKO-OBRTNIČKI RADOVI - ZGRADA UKUPNO | F4: =SUM(F5:F15) -> 305602.28 | G4: =F4/7.5345 -> 40560.393
A5: ='A.1.ZEMLJANI'!A88 -> A.1. | B5: ='A.1.ZEMLJANI'!B88 -> ZEMLJANI RADOVI UKUPNO | F5: ='A.1.ZEMLJANI'!F88 -> 36409.75 | G5: =F5/7.5345 -> 4832.4043
A6: ='A.2.BETONSKI I AB'!A178 -> A.2. | B6: ='A.2.BETONSKI I AB'!B178 -> BETONSKI I AB RADOVI UKUPNO | F6: ='A.2.BETONSKI I AB'!F178 -> 204652.65 | G6: =F6/7.5345 -> 27162.075
A7: ='A.3.ZIDARSKI'!A106 -> A.3. | B7: ='A.3.ZIDARSKI'!B106 -> ZIDARSKI RADOVI UKUPNO | F7: ='A.3.ZIDARSKI'!F106 -> 15816.875 | G7: =F7/7.5345 -> 2099.2601
A8: ='A.4.IZOLATERSKI'!A140 -> A.4. | B8: ='A.4.IZOLATERSKI'!B140 -> IZOLATERSKI RADOVI UKUPNO | F8: ='A.4.IZOLATERSKI'!F140 -> 0 | G8: =F8/7.5345 -> 0
A9: ='A.5.FASADERSKI'!A62 -> A.5. | B9: ='A.5.FASADERSKI'!B62 -> FASADERSKI RADOVI UKUPNO | F9: ='A.5.FASADERSKI'!F62 -> 48723 | G9: =F9/7.5345 -> 6466.6534
A10: ='A.6.LIMARSKI'!A34 -> A.6. | B10: ='A.6.LIMARSKI'!B34 -> LIMARSKI RADOVI UKUPNO | F10: ='A.6.LIMARSKI'!F34 -> 0 | G10: =F10/7.5345 -> 0
A11: ='A.7.BRAVARSKI I STOLARSKI'!A313 -> A.7. | B11: ='A.7.BRAVARSKI I STOLARSKI'!B313 -> BRAVARSKI I STOLARSKI RADOVI UKUPNO | F11: ='A.7.BRAVARSKI I STOLARSKI'!F313 -> 0 | G11: =F11/7.5345 -> 0
A12: ='A.8.GIPSKART. I SOBOSL.'!A169 -> A.8. | B12: ='A.8.GIPSKART. I SOBOSL.'!B169 -> GIPSKARTONSKI I SOBOSLIKARSKI RADOVI UKUPNO | F12: ='A.8.GIPSKART. I SOBOSL.'!F169 -> 56.931,90 | G12: =F12/7.5345 -> 7556.1617
A13: ='A.9.PODOPOLAGAČKI'!A173 -> A.9. | B13: ='A.9.PODOPOLAGAČKI'!B173 -> PODOPOLAGAČKI RADOVI UKUPNO | F13: ='A.9.PODOPOLAGAČKI'!F173 -> 0 | G13: =F13/7.5345 -> 0
A16: =B.GRAĐ.OBRT.VANJSKI!A754 -> B. | B16: =B.GRAĐ.OBRT.VANJSKI!B754 -> GRAĐEVINSKO-OBRTNIČKI RADOVI - VANJSKI UKUPNO | F16: =B.GRAĐ.OBRT.VANJSKI!F754 -> 0 | G16: =F16/7.5345 -> 0
A19: C. | B19: INSTALACIJA VODOVODA I KANALIZACIJE | F19: ='C.VODOVOD I KANALIZACIJA'!F44 -> 0 | G19: =F19/7.5345 -> 0
A22: D. | B22: ELEKTROINSTALATERSKI RADOVI | F22: =D.ELEKTROINST.RADOVI!F252 -> 0 | G22: =F22/7.5345 -> 0
A25: E. | B25: STROJARSKI RADOVI | F25: ='E.STROJARSKI RADOVI'!F495 -> 0 | G25: =F25/7.5345 -> 0
B28: UKUPNO | F28: =SUM(F4+F19+F22+F16+F25) -> 305602.28
B31: UKUPNO S PDVom (25%) | F31: =F28*1.25 -> 382002.85

Sheet OPĆI UVJETI
B1: OPĆI UVJETI
B4: NAPOMENA
B6: Troškovnik je izrađen na temelju dijela glavnog projekta za potrebe dobivanja ponuda i odabira izvođača.
B9: OPĆI UVJETI KAO I PRILOŽENI NACRTI I STAVKE SU SASTAVNI DIO TROŠKOVNIKA
B11: OPĆI UVJETI IZVOĐENJA I UGOVARANJA
B13: Svi radovi moraju se izvoditi prema tehničkoj dokumentaciji - nacrtima i prema opisima pojedinih troškovničkih stavki te programu kontrole i osiguranja kvalitete iz Glavnog projekta uz obvezu prihvaćanja općih uvjeta svake pojedine grupe radova. Ovi opći uvjeti su sastavni dio troškovnika i u svemu ih se treba pridržavati, osim ako u stavci troškovnika to nije drugačije navedeno.
B15: Izvođač je dužan pregledati uvjete koje su nadležne službe i javna poduzeća dali u postupku ishođenja lokacijske dozvole te izvođenje izvršiti sukladno njima.
B17: Sve radove po opisima troškovnika i nacrtanoj tehničkoj dokumentaciji izvođač je dužan izvoditi sa stručnim radnicima koji su kvalificirani za pojedine vrste radova koje izvode.
B19: Prije dostave ponude izvođač je obvezan pregledati gradilište te utvrditi mogućnost pristupa, mogućnost transporta, način osiguranja gradilišta od pristupa neovlaštenih osoba, način postave skela i sl.te dogovoriti način snabdjevanja energijom i vodom tijekom građenja.
B21: Izvođač je obvezan voditi građevinski dnevnik, te prije početka radova izvršiti prijavu kod nadležnih tijela, te o tome dati investitoru pisani dokaz.
B23: Izvođač je dužan otkloniti svu eventualnu štetu nastalu pri radovima te održavati čistoću na gradilištu i pristupnim putevima, a sav otpad blato i nečistoću dnevno odvoziti.
B25: Izvođač se mora pobrinuti i o svom trošku osigurati sve dodatne priključke koji su potrebni za izvođenje radova i normalno funkcioniranje gradilišta.
... B767: - čišćenje po završenom radu uključivo odvoz viška materijala na gradsku deponij

Sheet A.1.ZEMLJANI
A1: A.1. | B1: PRIPREMNI I ZEMLJANI RADOVI
A2: R.br. | B2: Opis stavke | C2: J.m. | D2: Kol. | E2: Jed.cijena | F2: Uk. Cijena
B4: OPĆI UVJETI UZ TROŠKOVNIK
B6: Uvodne napomene: Cijena za sve stavke mora uključivati sav dobavu, transport i montažu sa svim materijalom i pomoćnim materijalom, radom i horizontalnim i vertikalnim transportom na gradilištu potrebne za dovršenje radova do potpune funkcionalne ili estetske gotovosti. Cijena za sve stavke mora biti ponuđena za viđeno stanje na predmetnoj lokaciji. Cijena izvođenja betonskih i čeličnih konstrukcija mora obuhvatiti i razrede izloženosti konstrukcija koji se mogu pojaviti na unutar teritorija Republike Hrvatske.
B7: Sva demontirana oprema i svi dijelovi konstrukcije i otpad nastao uklanjanjem građevina ili dijelova građevina se zbrinjava sukladno važečim propisima Republike Hrvatske. Sav materijal, opremu i uređaje kod dopreme na gradilište, a prije ugradnje, izvođač je dužan upisati u dnevnik građenja, te nadzornom organu dostaviti ateste i uvjerenja o kvaliteti, kao i garancijske listove i tehničku dokumentaciju sa podacima o uređajima i opremi. Bez istog materijali, oprema i uređaji ne smiju biti ugrađeni.
A9: A.1. | B9: ZEMLJANI RADOVI
B11: Napomena: Svi iskopi računati su u sraslom stanju. Iskopi su računati s dodatnim potrebnim proširivanjima ovisno o iskopu, ali bez količina potrbnih za formiranje pokosa iskopa koji ovisi o dubini iskopa i zemljanom materijalu u kojem se vrši iskop. U svim stavkama uračunat utovar i odvoz iskopanog materijala na deponij, te plačanje takse deponiranja, ukoliko u stavci nije drugačije navedeno.
B12: UKLJUČIVO GEODETSKO PRAĆENJE NA LOKACIJI
A15: A 1.1. | B15: ISKOLČENJE
B16: Iskolčenje osi i rubova novih objekata:
B17: - iskolčenje trase, poligonih točaka i repera sa svim potrebnim geodetskim podacima
B18: - osiguranje iskolčene osi
B19: - postavljanje poprečnih profila sa svim potrebnim obilježavanjima prema nacrtima
B20: - rekonstrukcija osovine i visine objekata kroz cijelo vrijeme izvođenja radova
B21: - potrebne geodetske izmjere tijekom radova potrebne za obračun izvršenih radova
B22: - izrada izvještaja.
B23: Obračun po kompletu (uključivo iskolčene osi i postavljeni profil, uključivo sav rad i materijal) | C23: komplet | D23: 1 | F23: =D23*E23 -> 0
A26: A.1.2. | B26: ŠIROKI ISKOP
B27: Široki iskop na mjestu izvedbe zgrade u tlu C/D kategorije. Normativ U.E1.0100. Strojnim putem, na mjestu izvedbe objekta s odbacivanjem iskopanog materijala izvan jame na udaljenost 2-3m od ruba iskopa.
B28: Iskop se vrši do kote cca -4,30 m (kota dna šljunka ispod temeljne ploče).
B29: Stavka uključuje i eventualno potrebno ispumpavanje vode iz jame muljnom crpkom uslijed oborina ili podzemnih voda, kao i sva potrebna osiguranja jame. U cijenu sata rada crpke uključena je i cijena rada ekipe, te sve potrebne radnje u svezi s prescrpljivanjem.
B30: Iskopani materijal privremeno odložiti na stranu (privremeno odlagalište na gradilištu) radi eventualne potrebe korištenja iskopanog materijala za zatrpavanje. Utovar i odvoz u posebnoj stavci.
B31: NAPOMENA: iskop se nalazi blizu ruba čestice. Potrebno poduzeti sve mjere osiguranja jame, radi sprječavanja urušavanja susjednog terena i susjednih objekata. Sve uračunati u stavku.
B32: Obračun po m3 materijala u sraslom stanju. | C32: m3 | D32: 1065 | E32: 14 | F32: =D32*E32 -> 14910
A35: A.1.2a. | B35: IZRADA GLAVNOG PROJEKTA ZAŠTITE GRAĐEVINSKE JAME
B36: Izrada glavnog projekta zaštite građevinske jame za zgradu.
B37: Stavka se izvodi isključivo uz odobrenje glavnog nadzornog inženjera ili investitora. | C37: kom | D37: 1 | F37: =D37*E37 -> 0
A40: A.1.2b. | B40: POSTAVA I IZVLAČENJE TALPI (ČELIČNOG ŽMURJA)
B41: Doprema, istovar i ugradnja čeličnih talpi duljine 6,0m tipa Larsen 605 (istih ili boljih karakteristika) novo ili rabljeno zadovoljavajuće kvalitete.
B42: Stavka uključuje svu potrebnu opremu, rad i materijal na dopremi i ugradnji (nabijanju) talpi.
B43: Stavka uključuje korištenje talpi do prestanka potrebe i vađenje talpi korištenjem visećeg vibratora i auto dizalice.
B44: Stavka se izvodi isključivo uz odobrenje glavnog nadzornog inženjera ili investitora.
B45: Obračun po metru dužnom ugrađene talpe -m1
B46: -zapadni rub iskopa (duljina talpi 4,0m) | C46: m1 | D46: 25 | F46: =D46*E46 -> 0
A49: A.1.3. | B49: NASIP
B50: Izrada nasipa ispod temeljne ploče šljunkom prirodne granulacije ili drobljenim kamenom s razastiranjem, finim planiranjem i nabijanjem u sloju w=60cm, min Ms=50MPa.
B51: Dobava materijala i izrada. | C51: m3 | D51: 130 | E51: 55 | F51: =D51*E51 -> 7150
A54: A.1.4. | B54: ZATRPAVANJE
B55: Zatrpavanje oko temelja zemljom iz iskopa, a nakon skidanja oplate temelja podrum. Modul stišljivosti Ms=50Mpa. Obračun po m3 zemlje u zbijenom stanju. | C55: m3 | D55: 130 | E55: 10 | F55: =D55*E55 -> 1300
A58: A.1.5. | B58: ODVOZ ZEMLJE NA TRAJNU DEPONIJU
B59: Odvoz zemlje na trajnu deponiju. U cijenu stavke uključeno je ručni ili strojni utovar, prijevoz, istovar, sve naknade i troškovi gradske deponije. Obračun po m3 zemlje u rastresitom stanju. | C59: m3 | D59: 935 | E59: 3.85 | F59: =D59*E59 -> 3599.75
A62: A.1.6. | B62: IZRADA BATUDE
B63: Nabava materijala, transport i ugradnja batude oko drenažnih cijevi prema nacrtima. Cca 0,85m3/m
B64: Obračun po m3 ugrađene batude.
B65: -PODRUM ZGRADE | C65: m3 | D65: 36 | E65: 75 | F65: =D65*E65 -> 2700
A68: A.1.7. | B68: IZRADA ŠLJUNČANO PJEŠČANOG ZASIPA
B69: Nabava materijala i izrada šljunčano pješčanog zasipa iza zidova prema nacrtima.
B70: Filtarski materijal zasipa mora biti nekohernetan granulacije 0-15cm.
B71: Obračun po m3 ugrađenog zasipa.
B72: -PODRUM ZGRADE | C72: m3 | D72: 90 | E72: 75 | F72: =D72*E72 -> 6750
A75: A.1.8. | B75: IZRADA KAMENE ZALOGE
B76: Nabava materijala i izrada kamene zaloge prema nacrtima. Zalogu treba slagati od zdravog probranog lomljenog kamena kao suhozid.
B77: Cijenom je obuhvaćena nabava, probiranje i slaganje zaloge.
B78: Obračun po m3 izgrađene kamene zaloge.
B79: -PODRUM ZGRADE | C79: m3 | D79: 90 | F79: =D79*E79 -> 0
A82: A.1.9. | B82: BATUDA OKO ZGRADE -detalj SOKLA
B83: Nabava i ugradnja batude oko zgrade u razini sokla, širina ugradnje batude 50cm, dubina ugradnje 15cm.
B84: Batuda se izvodi na razdjelnom sloju geotekstila (uključiti u cijenu).
B85: Batuda se izvodi uokvirena soklom i pješačkim rubnjacima. Pješački rubnjaci iskazani u zasebnoj stavci. | C85: m3 | D85: 4 | F85: =D85*E85 -> 0
A88: A.1. | B88: ZEMLJANI RADOVI UKUPNO | F88: =SUM(F10:F87) -> 36409.75

Sheet A.2.BETONSKI I AB
A1: A.2. | B1: BETONSKI I AB RADOVI
A2: R.br. | B2: Opis stavke | C2: J.m. | D2: Kol. | E2: Jed.cijena | F2: Uk. Cijena
A5: A.2. | B5: BETONSKI I AB RADOVI
B7: Napomena:
B8: Oplata: glatka, prema tehnologiji izvoditelja radova.
B9: Obavezno ugraditi u oplatu sve otvore i prodore za cijevi instalacija radi izbjegavanja naknadnog štemanja i drugih naknadnih radova,
B10: a nakon skidanja oplate odstraniti površinska oštećenja i neravnine te zatvoriti poprečne spojeve u zidu od vezivanja oplate plastičnim čepovima ili na drugi način radi hidroizolacije i zvučne izolacije.
B11: Armatura iskazana aproksimativno.
A14: A.2.1. | B14: BETONSKA PODLOGA
B15: Dobava materijala, prijevoz, ugradnja podložnog betona C12/15, d=10cm, kao podloga temelja i podne ploče. U cijenu uračunata i građevinska mreža Q-188. Obračun je po m2.
B16: a) beton | C16: m2 | D16: 185 | E16: 13.55 | F16: =D16*E16 -> 2506.75
B17: b) oplata | C17: m2 | D17: 13 | E17: 21.2 | F17: =SUM(D17*E17) -> 275.6
B18: c) armatura | C18: kg | D18: 1300 | E18: 1.6 | F18: =D18*E18 -> 2080
A21: A.2.2. | B21: BETONSKA PODLOGA -ZAŠTITA HIDROIZOLACIJE
B22: Dobava materijala, prijevoz, izrada zaštite hidroizolacije betonom C 25/30, debljine d=5cm uz prethodnu postavu PE folije. U cijeni uračunata potrebana oplata i armatura. Obračun m2.
B23: a) beton | C23: m2 | D23: 185 | E23: 7.15 | F23: =SUM(D23*E23) -> 1322.75
B24: b) oplata | C24: m2 | D24: 10 | E24: 22 | F24: =SUM(D24*E24) -> 220
B25: c) armatura | C25: kg | D25: 650 | E25: 1.6 | F25: =D25*E25 -> 1040
B26: d) PE folija 0,015 cm | C26: m2 | D26: 185 | E26: 1 | F26: =SUM(D26*E26) -> 185
A29: A.2.3. | B29: TEMELJNA PLOČA PODRUMA
B30: Podna ploča podruma debljine 50cm.
B31: Armirana ploča beton klase C30/37, XC1, XC2, XC3, XC4, debljine 50cm, sa sitnozrnim agregatom max. veličine zrna 8mm.
B32: U cijenu uključiti dobavu i ugradnju armaturne mreže, dobava i strojnu ugradnju betona i zaštitu, te rubnu oplatu.
B33: a) beton | C33: m3 | D33: 89 | E33: 135.15 | F33: =D33*E33 -> 12028.35
B34: b) oplata | C34: m2 | D34: 30 | E34: 22.25 | F34: =D34*E34 -> 667.5
B35: c) armatura | C35: kg | D35: 8900 | E35: 1.65 | F35: =D35*E35 -> 14685
A38: A.2.4. | B38: ARMIRANOBETONSKI ZIDOVI
B39: Dobava materijala i betoniranje arm.betonskog zida debljine 20cm, betonom C30/37, XC1, XC2, XC3, XC4 u dvostranoj glatkoj oplati. Presjek betona 0,20 m3/m2. Prilikom betoniranja ostaviti otvore (proboje) za prolaz elektro i termotehničkih instalacija.
B40: Visina zida podruma h=2.755m, visina zida ostalih etaža h=3.105m.
B41: Obračun po m3 ugrađenog betona.
B42: PODRUM
B43: -beton | C43: m3 | D43: 32.5 | E43: 137.65 | F43: =D43*E43 -> 4473.625
B44: -oplata | C44: m2 | D44: 308 | E44: 23.25 | F44: =D44*E44 -> 7161
B45: -armatura | C45: kg | D45: 3250 | E45: 1.65 | F45: =D45*E45 -> 5362.5
B46: PRIZEMLJE
B47: -beton | C47: m3 | D47: 35 | E47: 137.65 | F47: =D47*E47 -> 4817.75
B48: -oplata | C48: m2 | D48: 456 | E48: 23.25 | F48: =D48*E48 -> 10602
B49: -armatura | C49: kg | D49: 3500 | E49: 1.65 | F49: =D49*E49 -> 5775
B50: KAT
B51: -beton | C51: m3 | D51: 34 | E51: 139.55 | F51: =D51*E51 -> 4744.7
B52: -oplata | C52: m2 | D52: 395 | E52: 24.15 | F52: =D52*E52 -> 9539.25
B53: -armatura | C53: kg | D53: 3400 | E53: 1.68 | F53: =D53*E53 -> 5712
B54: UVUČENI KAT
B55: -beton | C55: m3 | D55: 27.5 | E55: 141.25 | F55: =D55*E55 -> 3884.375
B56: -oplata | C56: m2 | D56: 311 | E56: 24.35 | F56: =D56*E56 -> 7572.85
B57: -armatura | C57: kg | D57: 2750 | E57: 1.68 | F57: =D57*E57 -> 4620
A60: A.2.5. | B60: ARMIRANOBETONSKE GREDE I NADVOJI
B61: Dobava materijala i strojna ugradnja armiranog betona u horizontalne serklaže, nadvoje i grede, betonom C30/37, XC1, XC2, XC3, XC4, srednji presjek (više od 0,12-0,30m3 betona na m2 ili m1).
B62: Grede u podrumu, na katu i uvučenom katu.
B63: -beton | C63: m3 | D63: 3 | E63: 165.25 | F63: =D63*E63 -> 495.75
B64: -oplata | C64: m2 | D64: 34 | E64: 55.25 | F64: =D64*E64 -> 1878.5
B65: -armatura | C65: kg | D65: 300 | E65: 2.15 | F65: =D65*E65 -> 645
A68: A.2.6. | B68: ARMIRANOBETONSKI NADOZID KROVA
B69: Dobava materijala i strojna ugradnja betona. Armirani beton C30/37, XC1, XC2, XC3, XC4, oplata glatka završna.
B70: Visina zida cca 80cm.
B71: d=10cm
B72: -beton | C72: m3 | D72: 4 | E72: 165.25 | F72: =D72*E72 -> 661
B73: -oplata | C73: m2 | D73: 66 | E73: 32.25 | F73: =D73*E73 -> 2128.5
B74: -armatura | C74: kg | D74: 400 | E74: 1.95 | F74: =D74*E74 -> 780
B75: d=20cm
B76: -beton | C76: m3 | D76: 1.2 | E76: 165.25 | F76: =D76*E76 -> 198.3
B77: -oplata | C77: m2 | D77: 10 | E77: 32.25 | F77: =D77*E77 -> 322.5
B78: -armatura | C78: kg | D78: 120 | E78: 1.95 | F78: =D78*E78 -> 234
A81: A.2.7. | B81: ARMIRANOBETONSKI ZIDOVI BALKONA i TERASE
B82: Dobava materijala i betoniranje arm.betonskog zida debljine 10cm, betonom C30/37, XC1, XC2, XC3, XC4 u dvostranoj glatkoj oplati.
B83: Visine zida balkona h=70cm, visina zida terase h=145cm
B84: KAT
B85: -beton | C85: m3 | D85: 1.8 | E85: 165.25 | F85: =D85*E85 -> 297.45
B86: -oplata | C86: m2 | D86: 35 | E86: 32.25 | F86: =D86*E86 -> 1128.75
B87: -armatura | C87: kg | D87: 180 | E87: 1.95 | F87: =D87*E87 -> 351
B88: UVUČENI KAT
B89: -beton | C89: m3 | D89: 3.7 | E89: 165.25 | F89: =D89*E89 -> 611.425
B90: -oplata | C90: m2 | D90: 73 | E90: 32.25 | F90: =D90*E90 -> 2354.25
B91: -armatura | C91: kg | D91: 3700 | E91: 1.95 | F91: =D91*E91 -> 7215
A94: A.2.8. | B94: ARMIRANOBETONSKI MEĐUKATNE PLOČE
B95: Dobava i ugradnja armiranog betona u ploču stropa podruma debljine 22cm betonom C30/37, XC1, XC2, XC3, XC4, u glatkoj oplati s podupiranjem.
B96: Visina podupiranja do 3,20m.
B97: PRIZEMLJE -podna ploča prizemlja
B98: -beton | C98: m3 | D98: 38 | E98: 145.25 | F98: =D98*E98 -> 5519.5
B99: -oplata | C99: m2 | D99: 167 | E99: 23.15 | F99: =D99*E99 -> 3866.05
B100: -oplata rubna h=22cm | C100: m2 | D100: 16 | E100: 35.65 | F100: =D100*E100 -> 570.4
B101: -armatura | C101: kg | D101: 3800 | E101: 1.85 | F101: =D101*E101 -> 7030
B102: KAT -podna ploča kata
B103: -beton | C103: m3 | D103: 46 | E103: 145.25 | F103: =D103*E103 -> 6681.5
B104: -oplata | C104: m2 | D104: 198 | E104: 23.15 | F104: =D104*E104 -> 4583.7
B105: -oplata rubna h=22cm | C105: m2 | D105: 17.5 | E105: 35.65 | F105: =D105*E105 -> 623.875
B106: -armatura | C106: kg | D106: 4600 | E106: 1.72 | F106: =D106*E106 -> 7912
B107: UVUČENI KAT -podna ploča uvučenog kata
B108: -beton | C108: m3 | D108: 41 | E108: 145.25 | F108: =D108*E108 -> 5955.25
B109: -oplata | C109: m2 | D109: 180 | E109: 23.15 | F109: =D109*E109 -> 4167
B110: -oplata rubna h=22cm | C110: m2 | D110: 17 | E110: 35.65 | F110: =D110*E110 -> 606.05
B111: -armatura | C111: kg | D111: 4100 | E111: 1.72 | F111: =D111*E111 -> 7052
B112: KROV -ploča krova
B113: -beton | C113: m3 | D113: 31 | E113: 145.25 | F113: =D113*E113 -> 4502.75
B114: -oplata | C114: m2 | D114: 130 | E114: 23.15 | F114: =D114*E114 -> 3009.5
B115: -oplata rubna h=22cm | C115: m2 | D115: 16 | E115: 35.65 | F115: =D115*E115 -> 570.4
B116: -armatura | C116: kg | D116: 3100 | E116: 1.72 | F116: =D116*E116 -> 5332
A119: A.2.9. | B119: STEPENICE
B120: Dobava i ugradnja betona u armirano-betonske unutarnje trokrake stepenice sa podestima, armiranim betonom C30/37, XC1, XC2, XC3, XC4, u glatkoj oplati.
B121: PODRUM
...

Sheet A.3.ZIDARSKI
A1: A.3. | B1: ZIDARSKI RADOVI
A2: R.br. | B2: Opis stavke | C2: J.m. | D2: Kol. | E2: Jed.cijena | F2: Uk. Cijena
A5: A.3. | B5: ZIDARSKI RADOVI
A8: A.3.1. | B8: PREGRADNI ZIDOVI OD POROBETONA d=10cm
B9: Dobava potrebnog materijala te izvedba pregradnih zidova od blokova od porobetona u širini od 10cm. Zid se izvodi prema uputama proizvođača sa odgovarajućim tankoslojnim cementnim mortom. Stavka uključuje sav potreban materijal, transport te skelu. Obračun po m2.
B10: -podrum -otpornost zida na požar EI 90 | C10: m2 | D10: 43 | E10: 75.65 | F10: =D10*E10 -> 3252.95
B11: -kat -balkon spremišta | C11: m2 | D11: 6.5 | E11: 75.65 | F11: =D11*E11 -> 491.725
B12: -krov -obzidavanje vertikala | C12: m2 | D12: 17 | E12: 110.25 | F12: =D12*E12 -> 1874.25
A15: A.3.2. | B15: NADVOJI ZA PREGRADNE ZIDOVE
B16: Dobava i ugradba gotovih prednapregnitih montažnih nadvoja otvora vratiju pregradnih zidova. Obračun po m1 ugrađenog nadvoja širine 10cm i dužine do 120 cm.
B17: Obračun po kom ugrađenog nadvoja.
B18: -podrum | C18: kom | D18: 4 | E18: 25 | F18: =D18*E18 -> 100
B19: -kat | C19: kom | D19: 2 | E19: 25 | F19: =D19*E19 -> 50
A22: A.3.3. | B22: OBZIDAVANJE KADA
B23: Dobava materijala te obzidavanje kada porobetonom debljine 5cm. Obračun po m2. | C23: m2 | D23: 7.5 | F23: =D23*E23 -> 0
A26: A.3.4. | B26: DIMNJAK SCHIEDEL Ø=25 cm
B27: Dobava i zidanje dimnjaka tipa kao SCHIEDEL UNI plus 25 dimenzija 48x48 cm ili jednakovrijedan. Svijetli otvor dimnjaka je promjera Ø20 cm.
B28: Izvedba u svemu prema uputama proizvođača. U cijenu uključiti sve potrebne početne i završne elemente, sve priključke, vratašca za čišćenje i završne tipske manžete i konosni krovni tuljac i tipska dimnjačka kapa. Obračun po m1 kompletno izvedenog dimnjaka.
B29: Ukupno 4 dimnjaka, 2x12m, 1x8m, 1x5m
B30: a) dimnjak | C30: m | D30: 37 | E30: 255.35 | F30: =D30*E30 -> 9447.95
B31: b) kapa | C31: kom | D31: 4 | E31: 150 | F31: =D31*E31 -> 600
A34: A.3.5. | B34: KRPANJE KANALA U PODU NAKON UGRADNJE INSTALACIJA
B35: Dobava materijala i popravak i zapunjavanje raznih kanala instalacija te manjih oštećenja podova produžnim mortom.
B36: Obračun po m1. Količina je pretpostavljena, a stvarna će se količina ovjeriti upisom u građevinsku knjigu od strane nadzornog inženjera. | C36: m1 | D36: 200 | F36: =D36*E36 -> 0
A39: A.3.6. | B39: KRPANJE UTORA (ŠLICEVA) U ZIDU NAKON UGRADNJE INSTALACIJA
B40: Krpanje šliceva u zidovima produžnim cementnim mortom. Širine šliceva do 20 cm. Dobava materijala, potrebna radna skela i žbukanje.
B41: Obračun po m1. Količina je pretpostavljena, a stvarna će se količina ovjeriti upisom u građevinsku knjigu od strane nadzornog inženjera. | C41: m1 | D41: 200 | F41: =D41*E41 -> 0
A44: A.3.7. | B44: GLETANJE ZIDOVA PODRUMA
B45: Gletanje zidova podruma u dvije ruke te priprema za bojanje. Obračun u m2.
B46: -podrum | C46: m2 | D46: 130 | F46: =D46*E46 -> 0
B47: -podrum -pregradni zidovi porobeton | C47: m2 | D47: 62 | F47: =D47*E47 -> 0
A50: A.3.8. | B50: GLETANJE STROPA PODRUMA
B51: Gletanje stropa podruma u dvije ruke te priprema za bojanje. Obračun u m2.
B52: -podrum -gletanje na toplinskoj izolaciji | C52: m2 | D52: 128 | F52: =D52*E52 -> 0
A55: A.3.9. | B55: ŽBUKANJE UNUTARNJIH ZIDOVA OD BETONA
B56: Dobava i dostava potrebnog materijala, izrada morta, te žbukanje unutarnjih zidova od betona i porobetona jednoslojnom bijelom žbukom debljine 8 mm.
B57: Izmješana žbuka nanosi se ručno ili strojno i nakon 2-6sati izravnava, odnosno fino zaglađuje.
B58: Uključivo potrebna varena mrežica 4 x 4mm na spojevima dva različita materijala.
B59: Obrada špaleta u stavci. Priprema i nanošenje žbuke točno po uputstvu proizvođača žbuke.
B60: U cijenu je uključena radna skela, sve pripremne radnje, obrada špaleta s obaveznom ugradnjom kutne letve od pocinčanog čelika za unutrašnje žbukanje kao i kutni profili od pocinčanog čelika na rubovima izbočenim završecima ili sudarima zidova.
B61: Strojno žukanje -vapnenocementna žbuka
B62: -prizemlje | C62: m2 | D62: 158 | F62: =D62*E62 -> 0
B63: -kat | C63: m2 | D63: 119 | F63: =D63*E63 -> 0
B64: -uvučni kat | C64: m2 | D64: 110 | F64: =D64*E64 -> 0
A67: A.3.10. | B67: ŽBUKANJE UNUTARNJIH STROPOVA OD BETONA
B68: Sve kao prethodna stavka samo žbukanje stropova.
B69: Strojno žukanje -vapnenocementna žbuka
B70: -prizemlje | C70: m2 | D70: 122 | F70: =D70*E70 -> 0
B71: -kat | C71: m2 | D71: 89 | F71: =D71*E71 -> 0
B72: -uvučeni kat | C72: m2 | D72: 104 | F72: =D72*E72 -> 0
A75: A.3.11. | B75: ŽBUKANJE STUBIŠTA OD BETONA
B76: Žbukanje prostora stubišta -beton. Dio žbukanja izvodi se na toplinskoj izolaciji (zidovi prema stanovima).
B77: Strojno žukanje -vapnenocementna žbuka
B78: PODRUM
B79: -zidovi s toplinskom izolacijom | C79: m2 | D79: 13 | F79: =D79*E79 -> 0
B80: -zidovi | C80: m2 | D80: 8.2 | F80: =D80*E80 -> 0
B81: -stropovi | C81: m2 | D81: 8 | F81: =D81*E81 -> 0
B82: -stubišni krak -podgled i bočno | C82: m2 | D82: 7.2 | F82: =D82*E82 -> 0
B83: PRIZEMLJE
B84: -zidovi s toplinskom izolacijom | C84: m2 | D84: 31 | F84: =D84*E84 -> 0
B85: -zidovi | C85: m2 | D85: 8 | F85: =D85*E85 -> 0
B86: -stropovi | C86: m2 | D86: 6.5 | F86: =D86*E86 -> 0
B87: -stubišni krak -podgled i bočno | C87: m2 | D87: 10.2 | F87: =D87*E87 -> 0
B88: KAT
B89: -zidovi s toplinskom izolacijom | C89: m2 | D89: 31 | F89: =D89*E89 -> 0
B90: -zidovi | C90: m2 | D90: 8 | F90: =D90*E90 -> 0
B91: -stropovi | C91: m2 | D91: 6.5 | F91: =D91*E91 -> 0
B92: -stubišni krak -podgled i bočno | C92: m2 | D92: 10.2 | F92: =D92*E92 -> 0
B93: UVUČENI KAT
B94: -zidovi s toplinskom izolacijom | C94: m2 | D94: 37 | F94: =D94*E94 -> 0
B95: -zidovi | C95: m2 | D95: 9 | F95: =D95*E95 -> 0
B96: -stropovi | C96: m2 | D96: 15 | F96: =D96*E96 -> 0
B97: -stubišni krak -podgled i bočno | C97: m2 | D97: 5.2 | F97: =D97*E97 -> 0
A100: A.3.12. | B100: BETONSKI RUBNJACI
B101: Dobava materijala, doprema i ugradnja betonskih pješakih rubnika dimenzije 8/20.
B102: Obračun po m1 ugrađenog rubnika. U stavku uključiti i potrebni iskop kao i ugradnju mršavog betona.
B103: -detalj sokla | C103: m1 | D103: 40 | F103: =D103*E103 -> 0
A106: A.3. | B106: ZIDARSKI RADOVI UKUPNO | F106: =SUM(F6:F105) -> 15816.875

Sheet A.4.IZOLATERSKI
A1: A.4. | B1: IZOLATERSKI RADOVI
A2: R.br. | B2: Opis stavke | C2: J.m. | D2: Kol. | E2: Jed.cijena | F2: Uk. Cijena
A5: A.4. | B5: IZOLATERSKI RADOVI
A8: A.4.1. | B8: HIDROIZOLACIJA TEMLJNE PLOČE
B9: Dobava materijala i izrada hidroizolacije poda koja se sastoji od: - jednog hladnnog premaza bitumenskom emulzijom (Resitol ili sl.) - elastomerne zavarljive bitumenske trake kvalitete kao Flex Bitufix GV-5 koja se za podlogu i međusobno učvršćuje ljepljenjem trake plamenikom, sa preklopom najmanje 10cm. Dva sloja po 5mm, ukupno 10mm. Prilikom rada obratiti pažnju na ugrađene instalacije, zaštitne plastične cijevi i sl. Hidroizolaciju treba položiti na posve suhu, ravnu i čistu zaglađenu podlogu.
B10: PODRUM
B11: a) horizontalna postava | C11: m2 | D11: 190 | F11: =D11*E11 -> 0
B12: b) vertiklana postava | C12: m2 | D12: 30 | F12: =D12*E12 -> 0
A15: A.4.2. | B15: VERTIKLANA HIDROIZOLACIJA PODRUMA
B16: a) BITUMENSKA TRAKA S UKOŠKOM OD STAKL.VOALA -vertikalna hidroizolacija sastoji se od: - jednog hladnnog premaza bitumenskom emulzijom (Resitol ili sl.) - elastomerne zavarljive bitumenske trake kvalitete kao Flex Bitufix GV-5 koja se za podlogu i međusobno učvršćuje ljepljenjem trake plamenikom, sa preklopom najmanje 10cm. Dva sloja po 5mm, ukupno 10mm. Prilikom rada obratiti pažnju na ugrađene instalacije, zaštitne plastične cijevi i sl. Hidroizolaciju treba položiti na posve suhu, ravnu i čistu zaglađenu podlogu. | C16: m2 | D16: 145 | F16: =D16*E16 -> 0
B17: b) GEOTEKSTIL -dobava materijala i izrada razdijelnog sloja od geotekstila 300 g/m² s preklopima min. 15cm. Postavlja se između hidroizolacijske trake i toplinske izolacije. | C17: m2 | D17: 145 | F17: =D17*E17 -> 0
B18: c) XPS debljine 15cm -Dobava i ugradnja toplinske izolacije od ploča ekstrudiranog neupojnog polistirena (XPS) ploče na preklop, kakvoće i tehničkih karakteristika klasa negorivosti - teško zapaljiv gustoće 32-35 kg/m3, debljine 15cm s prekriženim i izmaknutim spojevima. | C18: m2 | D18: 145 | F18: =D18*E18 -> 0
B19: d) ČEPASTA FOLIJA -dobava i ugradnja čepasta membrana Guttabeta ili jednakovrijedno proizvedena od HDEP plastike kao zaštite toplinskoj izolaciji. Radove u svim fazama izvesti prema uputsvu proizvođača materijala. | C19: m2 | D19: 145 | F19: =D19*E19 -> 0
A22: A.4.3. | B22: TROKUTASTI KUTNI ULOŽAK
B23: Dobava materijala i izrada trokutastog kutnog uložka od samogasivog ekspandiranog polistirena gustoće 20kg/m3. Postavlja se suho, u svim uglovima na prelazu iz horizontale u vertikalu i prekriva bitumenskom trakom debljine 3mm, s uloškom staklenog voala. Traka je širine 20cm i lijepi se točkasto vrućim bitumenom samo na ekspandirani polistiren. Katete pravokutnog trokuta uloška su duljine 7 cm.
B24: -podrum | C24: m1 | D24: 56 | F24: =D24*E24 -> 0
A27: A.4.4. | B27: HIDROIZLACIJA SOKLA
B28: Dobava materijala i izrada vertikalne hidroizolacije u razini sokla. Hidroizolacija se sastoji od: - hladni premaz bitumenskom emulzijom (Resitol ili sl.) - elastomerne zavarljive bitumenske trake kvalitete kao Flex Bitufix GV-5 koja se za podlogu i međusobno učvršćuje ljepljenjem trake plamenikom, s preklopom najmanje 10cm. Dva sloja po 5mm, ukupno 10mm. Prilikom rada obratiti pažnju na ugrađene instalacije, zaštitne plastične cijevi i sl. Hidroizolaciju treba položiti na posve suhu, ravnu i čistu zaglađenu podlogu. Stavka obuhvaća i izradu detalja na spoju s metalnim profilom sokla.
B29: Obračun po m2 izvedene hidroizolacije sokla. | C29: m2 | D29: 55 | F29: =D29*E29 -> 0
A32: A.4.5. | B32: IZRADA DRENAŽE
B33: Cijenom je obuhvaćena nabava, transport i ugradnja drenažnih cijevi ø15cm na betonsku tajaču prema nacrtima.
B34: Obračun po m1 ugrađene cijevi.
B35: -PODRUM ZGRADE | C35: m1 | D35: 45 | F35: =D35*E35 -> 0
A38: A.4.6. | B38: IZVEDBA SPOJA DRENAŽE NA SLIVNIKE
B39: Cijenom je obuhvaćena nabava, transport i ugradnja betonskih cijevi ø15cm za spoj drenaže sa slivnicima.
B40: Cijenom je obuhvaćeno postavljanje cijevi i brtvljenje spojeva cementim mortom.
B41: Obračun po m’ ugrađene cijevi.
B42: -PODRUM ZGRADE | C42: m1 | D42: 5 | F42: =D42*E42 -> 0
A45: A.4.7. | B45: UGRADNJA "FILTER PASICE"
B46: Nabava materijala, transport i ugradnja "filter pasice" oko butude cca 4m2/1m
B47: Obračun po m2 ugrađenog tekstila.
B48: -PODRUM ZGRADE | C48: m2 | D48: 170 | F48: =D48*E48 -> 0
A51: A.4.8. | B51: HIDROIZOLACIJA TERASA I BALKONA
B52: Dobava materijala i izrada hidroizolacije poda koja se sastoji od: - jednog hladnnog premaza bitumenskom emulzijom (Resitol ili sl.) - elastomerne zavarljive bitumenske trake kvalitete kao Flex Bitufix GV-5 koja se za podlogu i međusobno učvršćuje ljepljenjem trake plamenikom, sa preklopom najmanje 10cm. Dva sloja po 5mm, ukupno 10mm. Prilikom rada obratiti pažnju na ugrađene instalacije, zaštitne plastične cijevi i sl. Hidroizolaciju treba položiti na posve suhu, ravnu i čistu zaglađenu podlogu.
B53: PODRUM
B54: -hidroizolacija podruma -gornja strana -po dogovoru s investitorom | C54: m2 | D54: 165 | F54: =D54*E54 -> 0
B55: PRIZEMLJE
B56: -podovi kupaonica + prijelaz 20cm na zidove | C56: m2 | D56: 14 | F56: =D56*E56 -> 0
B57: KAT
B58: -podovi kupaonica + prijelaz 20cm na zidove | C58: m2 | D58: 24 | F58: =D58*E58 -> 0
B59: -balkoni +prijelaz 20cm na zidove | C59: m2 | D59: 39 | F59: =D59*E59 -> 0
B60: UVUČENI KAT
B61: -podovi kupaonica + prijelaz 20cm na zidove | C61: m2 | D61: 14 | F61: =D61*E61 -> 0
B62: -vanjska terasa i balkon +prijelaz 20cm na zidove | C62: m2 | D62: 54 | F62: =D62*E62 -> 0
A65: A.4.9. | B65: GEOTEKSTIL
B66: Dobava materijala i izrada razdijelnog sloja od geotekstila 300 g/m² s preklopima min. 15cm. Postavlja se između hidroizolacijske trake i toplinske izolacije.
B67: -prizemlje | C67: m2 | D67: 14 | F67: =D67*E67 -> 0
B68: -kat | C68: m2 | D68: 63 | F68: =D68*E68 -> 0
B69: -uvučeni kat | C69: m2 | D69: 68 | F69: =D69*E69 -> 0
A72: A.4.10. | B72: TOPLINSKA IZOLACIJA PODA
B73: Dobava materijala i izrada toplinske izolacije polistirenom d=3+2cm sastoji se od ploča tvrdog polistirena d=3cm +dvije ploče elast.polisti. (EPS-11-B1) d=1cm, uključivo razdjelnu rubnu traku d=1cm koja se polaže vertikalno između podne ploče i zida
B74: EPS sa čepovima za podno grijanje.
B75: -prizemlje | C75: m2 | D75: 160 | F75: =D75*E75 -> 0
B76: -kat | C76: m2 | D76: 150 | F76: =D76*E76 -> 0
B77: -uvučeni kat | C77: m2 | D77: 115 | F77: =D77*E77 -> 0
A80: A.4.11. | B80: TOPLINSKA IZOLACIJA STROPA
B81: Dobava materijala i izrada toplinske izolacije stropova koja se izvodi od ploča kamene vune TERVOL FPL (100 kg/m3), debljina 20cm.
B82: -podrum | C82: m2 | D82: 165 | F82: =D82*E82 -> 0
B83: -podrum obodno po zidu 50cm | C83: m2 | D83: 41 | F83: =D83*E83 -> 0
B84: -prizemlje | C84: m2 | D84: 27 | F84: =D84*E84 -> 0
B85: -kat | C85: m2 | D85: 49 | F85: =D85*E85 -> 0
A88: A.4.12. | B88: TOPLINSKO IZOLACIJA PODA TERASA XPS
B89: Dobava materijala te izvedba termoizolacije poda s jednim slojem ploča od ekstrudiranog polistirena XPS debljine 15cm (λ= 0,035 W/mK).
B90: Izvodi se na zaglađene plohu ab ploča, a sve prema uputama proizvođača TI.
B91: Obračun po m2 stvarno izvedene termoizolacije.
B92: -kat | C92: m2 | D92: 39 | F92: =D92*E92 -> 0
B93: -uvučeni kat | C93: m2 | D93: 54 | F93: =D93*E93 -> 0
A96: A.4.13. | B96: PARNA BRANA TERASA -DIO IZNAD STANA
B97: Dobava i ugradnja parne brane od sintetičke folije na bazi polietilena visoke gustoće, d=0,4mm (u=623000, u.s=220m), npr. SIKAVAP S proizvođača SIKA Švicarska. Folija se slobodno polaže na podlogu i spaja samoljepljivom trakom ili neoprenskim ljepilom u preklopu spoja od 50mm. Uz završetke priključaka i prodore traka se podiže vertikalno u visini toplinske izolacije.
B98: -kat | C98: m2 | D98: 12 | F98: =D98*E98 -> 0
B99: -uvučeni kat | C99: m2 | D99: 38 | F99: =D99*E99 -> 0
A102: A.4.14. | B102: POLIMERCEMENTNA HIDROIZOLACIJA -TERASA I TUŠ
B103: Dobava materijala te izvedba horizontalne hidroizolacije sanitarnih čvorova i loggia hidroizolacijskim dvokomponentnim polimer cementnim premazima.
B104: U tri sloja sa svim potrebnim predradnjama, a sve prema uputi proizvođača.
B105: Izvodi se na izvedenu cementnu glazuru. Proizvod kao SIKALASTIC 152 ili sl. prema HRN EN 14891.
B106: Premaz se nanosi u dva sloja ukupne debljine 2mm.
B107: Na spojevima pod-zid, oko prodora potrebno je ugraditi namjenske vodonepropusne trake u sustavu premaza tipa kao Sika Seal Tape S ili jednakovrijedne.
B108: Namaz armirati mrežicom proizvođača u zadanom redoslijedu nanašanja.
B109: U cijeni uračunati i vertikalno nanašanje (na GK plohe) u zoni tuš kade (2,00 m) spoj poda i zida (0,20 m).
B110: Spoj vertikale i horizontale izvesti prema uputama proizvođača.
B111: Sve prema uputama proizvođača materijala.
B112: Obračun po m2 obrađene površine.
B113: PRIZEMLJE
B114: -podovi kupaonica + prijelaz 20cm na zidove | C114: m2 | D114: 14 | F114: =D114*E114 -> 0
B115: -zidovi tuš kade | C115: m2 | D115: 15 | F115: =D115*E115 -> 0
B116: KAT
B117: -podovi kupaonica + prijelaz 20cm na zidove | C117: m2 | D117: 24 | F117: =D117*E117 -> 0
B118: -zidovi tuš kade | C118: m2 | D118: 18 | F118: =D118*E118 -> 0
B119: -balkoni +prijelaz 20cm na zidove | C119: m2 | D119: 39 | F119: =D119*E119 -> 0
B120: UVUČENI KAT
B121: -podovi kupaonica + prijelaz 20cm na zidove | C121: m2 | D121: 14 | F121: =D121*E121 -> 0
B122: -zidovi tuš kade | C122: m2 | D122: 13 | F122: =D122*E122 -> 0
B123: -vanjska terasa i balkon +prijelaz 20cm na zidove | C123: m2 | D123: 54 | F123: =D123*E123 -> 0
A126: A.4.15. | B126: KROV
B127: Dobava materijala i izvedba krova zgrade. U stavku uključena izvedba nove gromobranske instalacije. Krov se sastoji od slojeva:
B128: a) parne brane od sintetičke folije na bazi polietilena visoke gustoće, d=0,4mm (u=623000, u.s=220m), npr. SIKAVAP S proizvođača SIKA Švicarska. Folija se slobodno polaže na podlogu i spaja samoljepljivom trakom ili neoprenskim ljepilom u preklopu spoja od 50mm. Uz završetke priključaka i prodore traka se podiže vertikalno u visini toplinske izolacije. | C128: m2 | D128: 150 | F128: =D128*E128 -> 0
B129: b) toplinske izolacije od tvrde kamene vune, gustoće >=150kg/m3, debljine 20cm i tehničke karakteristike proizvoda kakvoće prema DIN 18165, klasa gorivosti A1 prema DIN 4102, dio 1. kao TERVOL DDP, proizvođača TERMIKA Novi Marof. Stavka uključuje trake i holkere na prijelazu horizontalnog u vertiklani dio. | C129: m2 | D129: 138 | F129: =D129*E129 -> 0
B130: - vertikalni dio d=10cm | C130: m2 | D130: 50 | F130: =D130*E130 -> 0
B131: c) geotekstil -izrada razdijelnog sloja od geotekstila 500 g/m² s preklopima min. 15cm. Postavlja se na ravnom krovu ispod TPO. | C131: m2 | D131: 185 | F131: =D131*E131 -> 0
B132: d) hidroizolacije iz sintetičke folije - TPO folija, armiranog staklenim voalom, otpornog na mikroorganizme, zakorjenjivanje i truljenje, UV stabilne, debljine 1,5 mm. Trake se slobodno polažu na toplinsku izolaciju. Trake se međusobno spajaju toplinskim ili kemijskim putem u preklopima prema uvjetima kako propisuje proizvođač trake. Dijelove uz detalje (žlijeb, krovni vijenac i prodore kroz krov) obraditi fazonskim trakama i plastificiranim limovima debljine 1,4mm (0,8mm lim; 0,6mm plastifikacija), te ih izvesti kao fiksni spoj u širini od 40mm, a mjestimično se učvršćuju plastificiranim limovima i po potrebi hermetiziraju kitom. Svi završeci kod žljebova, atike, prodora i sl. u cijeni stavke. Vertikalno postavljanje na atiku i vjenac uključeno u stavku. Kod izvođenja radova treba se pridržavati smjernica o primjeni propisanih od strane proizvođača materijala. Kvaliteta ugrađene hidroizolacije dokazuje se ispitivanjem vodenom probom u trajanju 24 sata, a predaje upisom u građevinski dnevnik. | C132: m2 | D132: 140 | F132: =D132*E132 -> 0
...

Sheet A.5.FASADERSKI
A1: A.5. | B1: FASADERSKI RADOVI
A2: R.br. | B2: Opis stavke | C2: J.m. | D2: Kol. | E2: Jed.cijena | F2: Uk. Cijena
A5: A.5. | B5: FASADERSKI RADOVI
B7: Izvođač je dužan radove izvoditi prema specifikaciji proizvođača, općim uvjetima za tu vrstu radova, originalnim materijalom i od proizvođača obučenim i licenciranim izvođačima. Za radove je Izvođač dužan dati garanciju (min 10 god).
A9: A.5.1. | B9: DEMIT FASADA
B10: Dobava materijala i izvedba obloge pročelja od kote +0.15 do kote +10.675 (vrha zgrade) sistemom toplinske zaštite vanjskih zidova (demit fasada).
B11: Podloga mora biti ravna, suha, čista, nesmrznuta i bez ostataka oplatnog ulja s izravnavanjem grubih neravnina.
B12: Demit fasada se postavlja na: - armiranobetonske zidove - armiranobetonske nadvoje
B13: Stavka uključuje toplinsku izolaciju zidova koja se izvodi od ploča kamene vune TERVOL FPL (100 kg/m3), debljina 15cm.
B14: Izolacija dodatno ojačana na mjestima otvora te armirano staklenom mrežicom debljine sloja 0,2cm. Stavka uključuje završnu tankoslojnu akrilnu fasadnu žbuku.
B15: Boja i struktura u dogovoru s investitorom.
B16: Sav materijal, skela i završni kao i prelazni metalni profili prema proizvođačkoj specifikaciji uključeni u cijenu.
B17: Obračun po m2 izvedenog pročelja. U stavku uključene špalete i podgledi.
B18: Fasadni sustav kao StoTherm Classic.
B19: U stavku uključne dobava i montaža skele.
B20: a) debljina toplinske izolacije 15cm:
B21: -fasada -svijetla boja | C21: m2 | D21: 398 | E21: 78 | F21: =D21*E21 -> 31044
B22: b) debljina toplinske izolacije 10cm:
B23: -fasada -SVJETLI boja (balkoni) | C23: m2 | D23: 54 | E23: 69 | F23: =D23*E23 -> 3726
B24: -fasada -SVJETLA boja (balkoni) -podgled | C24: m2 | D24: 44 | E24: 69 | F24: =D24*E24 -> 3036
B25: Nudimo: STO THERM MINERAL sustav
B26: Napomena: fasadna skela nije u cijeni
A27: A.5.2. | B27: DEMIT FASADA -SOKL
B28: Isto kao prethodna stavka, ali izvedba završne obrade pročelja od kote -2.975 do kote +0.15 sistemom toplinske zaštite sokla vanjskih zidova.
B29: Stavka uključuje toplinsku izolaciju sokla koja se izvodi od ekstrudiranog polistirena (XPS debljine 15cm). Ploče od XPS-a se polažu preko vertikalne hidroizolacije.
B30: Završni sloj od plemenite epoxy žbuke - nanosi se originalnim materijalom i alatom u svemu prema proizvođačkoj specifikaciji.
B31: Boja i struktura u dogovoru s projektantom.
B32: Fasadni sustav kao StoTherm Classic.
B33: Obračun po m2 izvedenog pročelja.
B34: U stavku uključne dobava i montaža skele.
B35: a) debljina toplinske izolacije 15cm:
B36: -fasada | C36: m2 | D36: 47 | E36: 76 | F36: =D36*E36 -> 3572
B37: b) na stiroporu d=2cm:
B38: -fasada | C38: m2 | D38: 91 | F38: =D38*E38 -> 0
B39: -fasada -podgled garaže | C39: m2 | D39: 35 | F39: =D39*E39 -> 0
A42: A.5.3. | B42: FASADNI PANELI -kao FUNDERMAX
B43: Dobava i postava materijala za izvedbu obloge ventilirane fasade kao FUNDERMAX compact NT ploča -obostrano oplemenjene, na tipsku potkonstrukciju. Na gornjim i donjim rubovima fasade se postavlja aluminijska mrežica.
B44: Upotrebljavaju se kao FUNDERMAX compact NT ploče izvedene na bazi visokotlačnog prešanog laminata debljine 6mm u dekoru po izboru investitora.
B45: Srednjica ploče izrađena je od visoko kvalitetnih celuloznih papira oplemenjenih fenolnim smolama. Vanjski i unutarnji dekorativni sloj zaštićeni su akrilno-poliuretanskim smolama po NT tehnoloziji koja svojom strukturom štiti ploče od UV zraka, te Euroklase B-s2,d0 (EN 13501-1) vatrootpornosti.
B46: Izolacija se izvodi od kamene vune kaširane crnim voalom, na koju još dolazi paropropusna-vodonepropusna folija. Ploče se učvršćuju na aluminijsku potkonstrukciju ljepljenjem.
B47: Ploče se montiraju po sistemu otvorenih horizontalnih i vertikalnih fuga, širine min. 6 mm. Raster fasade, dimenzija i raspored ploča, te svi ostali tehnički detalji prema tehničkim uputstvima proizvođača fasadnih elemenata i sistema optimalnog iskorištenja ploča te ovjeri projektanta.
B48: Potkonstrukcija izvedena od apsolutno antikorozivnog materijala -aluminij -koji omogućava odmicanje ploča od izolacije za 3-5cm (ventilirani prostor).
B49: Zidne konzole učvršćuju se tiplama i vijcima. Sva učvršćenja i spojni elementi su izvedeni prema uputama proizvođača fasada.
B50: U cijeni stavke je sav opisani materijal: ploče, spojni elementi, sav pričvrsni pribor, izolacija i paropropusna -vodonepropusna folija.
B51: U jediničnoj cijeni je uključen sav potreban materijal za funkcionalnu izvedbu obloge pročelja (čelična potkonstrukcija, sokl profili, opšavi na spojevima na dijelovima fasade od glatkog aluminijskog lima d=3mm, opšavi spoja sa staklenom stijenom, opšavi oko prozora i vrata, mrežice, perforirani profili, izrada spoja s ravnim krovom, spojni materijal i sve ostalo potrebno prema uputama proizvođača panela).
B52: Obveza izvođača je dostaviti uzorke panela na odobrenje predstavniku Investitora, te izrada planova krojenja i radioničke nacrte podkonstrucije i detalja opšava koje će verificirati projektant.
B53: Obračun se vrši po m2 ugrađenih i od strane nadzornog inženjera preuzetih panela.
B54: U stavku uključne dobava i montaža skele.
... B56: Fasada se sastoji od:
B57: a) kamene vune kaširane crnim voalom d=15cm, kao TERVOL, gustoće 80kg/m2, na koju dolazi paropropusna-vodonepropusna folija (kišna brana). | C57: m2 | D57: 113 | E57: 65 | F57: =D57*E57 -> 7345
B58: b) PANEL ploče kao FUNDERMAX | C58: m2 | D58: 113 | F58: =D58*E58 -> 0
B59: c) čelične potkonstrukcije - pocinčana i antikorozivno zaštićena sadržavati sve elemente i pripremljena za montažu panel ploča kao FUNDERMAX, obračun po m2 izvedene potkonstrukcije. | C59: m2 | D59: 113 | F59: =D59*E59 -> 0
B60: Nudimo: STO TERM MINERAL sustav bez završnog sloja, priprema za ljepljenje kamena n fasadu-postava pričvrsnica preko armaturnog sloja. Kamena vuna Knauf insulation FKD-N debljine 12 cm
A62: A.5. | B62: FASADERSKI RADOVI UKUPNO | F62: =SUM(F6:F61) -> 48723
A64: vtr.1. | B64: Dobava, montaža i najam fasadne skele za period izvedbe fasaderskih radova | C64: m2 | D64: 800 | E64: 7.5 | F64: =D64*E64 -> 6000
B65: _________________________________________ | D65: _________ | E65: ___________________
B66: SVEUKUPNO: | F66: =F62+F64 -> 54723
B69: ŽBUKA ČAKARIĆ d.o.o.
B70: Ilica 506, Zagreb
B71: OIB:46540647857

Sheet A.6.LIMARSKI
A1: A.6. | B1: LIMARSKI RADOVI
A2: R.br. | B2: Opis stavke | C2: J.m. | D2: Kol. | E2: Jed.cijena | F2: Uk. Cijena
A5: A.6. | B5: LIMARSKI RADOVI
A8: A.6.1. | B8: OPŠAV NADOZIDA KROVA
B9: Dobava, izrada i montaža profiliranog opšava (klupčice) nadozida ravnog krova (zaštita hidroizolacije), od al lima d=0.62 mm, razvijene širine 66cm, uključivo sve elemente spajanja i brtvljenja te vodonepropusni spoj s nadozidom.
B10: Plastificiranje lima u boji po dogovoru s investotorm uključiti u cijenu.
B11: Obračun po m1 izvedenog opšava sa plastificiranjem.
B12: -atika krova razvijene širine 66cm. | C12: m1 | D12: 50 | F12: =D12*E12 -> 0
A15: A.6.2. | B15: OPŠAV I OBLOGA DIMNJAKA
B16: Dobava materijala i ugradnja opšava dimnjaka i instalacijskih otvora od pocinčanog plastificiranog lima d=1,0mm, razvijene širine 66cm.
B17: U tonu po izboru investitora.
B18: U cijeni je uključena radionička izrada, prijevoz i montaža limarije, sve pomoćne konstrukcije i nosači, sva učvršćenja s horizontalama, te spojevi zakovicama i lemljenjem.
B19: Uključivo sve elemente spajanja i brtvljenja te vodonepropusni spoj.
B20: Obračun po m1 izvedenog opšava.
B21: -opšav dimnjaka | C21: m1 | D21: 18 | F21: =D21*E21 -> 0
B22: -obloga dimnjaka | C22: m2 | D22: 22 | F22: =D22*E22 -> 0
B23: -opšav krovne kupole | C23: m1 | D23: 7.2 | F23: =D23*E23 -> 0
A26: A.6.3. | B26: KAPA DIMNJAKA
B27: Dobava materijala i ugradnja kape dimnjaka i instalacijskih otvora, od pocinčanog plastificiranog lima.
B28: Opseg dimnjaka i instalacijskih otvora do 2,8m
B29: U tonu po izboru investitora.
B30: U cijeni je uključena radionička izrada, prijevoz i montaža limarije, sve pomoćne konstrukcije i nosači, sva učvršćenja s horizontalama, te spojevi zakovicama i lemljenjem.
B31: Obračun po kompletu izvedenog opšava. | C31: kom | D31: 7 | F31: =D31*E31 -> 0
A34: A.6. | B34: LIMARSKI RADOVI UKUPNO | F34: =SUM(F6:F33) -> 0

Sheet A.7.BRAVARSKI I STOLARSKI
A1: A.7. | B1: BRAVARSKI I STOLARSKI RADOVI
A2: R.br. | B2: Opis stavke | C2: J.m. | D2: Kol. | E2: Jed.cijena | F2: Uk. Cijena
A5: A.7.1. | B5: BRAVARSKI RADOVI
A8: A.7.1.1. | B8: GARAŽNA ROLO VRATA
B9: Dobava i ugradnja garažnih vrata u podrumu.
B10: Vanjska garažana vrata -svu opremu predvidjeti za vanjsku upotrebu.
B11: Rolo pocinčana čelična rešetkasta vrata.
B12: -prozračnost 80%, pocinčane čelične rešetke TUB 120, izrađene iz ravnih čel. pocinčanih cijevi promjera 18mm, debljine 1mm povezane poveznicama visine 120mm
B13: -potreban slobodan prostor iznad vrata za rolo 500mm
B14: -potreban slobodan prostor bočno s obje strane za vodilicu min. 80 mm
B15: -elektromotor centralni sa elektrokočnicom
B16: -centralni motor 220V, 1-fazni otvaranje pomoću tastera na ključ uz prisustvo osobe i na daljinske upravljače -uključivo kontolna kutija za daljinske upravljače
B17: -brzina otvaranja i zatvaranja vrata v=0,25m/s
B18: -deblokada motora u slučaju nestanka struje ili kvara
B19: -vrata u skladu sa svim sigurnosnim standardima EU i RH
B20: Otvaranje vrata na daljinski upravljač. Motor i mehanizam uključeno u cijenu.
... B22: Prije narudžbe i montaže provjeriti sve s investitorom i provjeriti mjere u stvarnosti.
B23: -širina x visina svjetlog otvora 550x217.5cm | C23: kom | D23: 1 | F23: =D23*E23 -> 0
A26: A.7.1.2. | B26: VANJSKA PUNA VRATA -PODRUM
B27: Dobava i ugradnja punih vanjskih vrata zaokretna.
B28: Vrata od plastif. AL profila, ispuna: alu panel d=3cm, s prekinutim toplinskim mostom.
B29: Vratno krilo puno od plast.alu.profila, boja po odabiru investitora.
B30: Uključivo cilindar bravu, priprema za otvaranje na portafon i žeton/token.
B31: Uključivo pumpa za automatsko zatvaranje vrata.
B32: Obračun po komadu ugrađenih vrata komplet (obrađena, obojena i opremljena).
B33: Ugradnja u pregradni zid od porobetona d=10cm
B34: Protupožarna svojstva EI 30-C-Sm
B35: -vrata svijetlih dim 75x220 -lijeva | C35: kom | D35: 1 | F35: =D35*E35 -> 0
A38: A.7.1.3. | B38: VANJSKA PUNA VRATA -PODRUM -SPREMIŠTE
B39: Dobava i ugradnja punih vanjskih vrata zaokretna.
B40: Vratno krilo puno od plast.alu.profila, boja po odabiru investitora. Kvaka Hoppe, polirani aluminij, cilindar brava.
B41: Obračun po komadu ugrađenih vrata komplet (obrađena, obojena i opremljena).
B42: Ugradnja u pregradni zid od porobetona d=10cm
B43: Protupožarna svojstva EI 30-C
B44: -vrata svijetlih dim 80x210 -lijeva | C44: kom | D44: 2 | F44: =D44*E44 -> 0
B45: -vrata svijetlih dim 80x210 -desna | C45: kom | D45: 2 | F45: =D45*E45 -> 0
A48: A.7.1.4. | B48: VANJSKA PUNA VRATA -BALKON KAT
B49: Dobava i ugradnja punih vanjskih vrata zaokretna.
B50: Vratno krilo puno od plast.alu.profila, boja po odabiru investitora. Kvaka Hoppe, polirani aluminij, cilindar brava.
B51: Obračun po komadu ugrađenih vrata komplet (obrađena, obojena i opremljena).
B52: Ugradnja u pregradni zid od porobetona d=10cm
B53: -vrata svijetlih dim 60x210 -lijeva | C53: kom | D53: 1 | F53: =D53*E53 -> 0
B54: -vrata svijetlih dim 60x210 -desna | C54: kom | D54: 1 | F54: =D54*E54 -> 0
A57: A.7.1.5. | B57: VANJSKA BRAVARIJA -OSTAKLJENO
B58: Dabava i ugradnja vanjske bravarije od plastif. AL profila, s prekinutim toplinskim mostom.
B59: Prije izrade ostakljenih vrata/prozora obavezno kontrolirati mjere na licu mjesta.
B60: Detalji izvedbe način ugradnje, veličina profila i modularna mjera će se odrediti nakon odabira izvoditelja, koji će imati obavezu izraditi detalje i dati na uvid i odobrenje projektantu.
B61: Izvedba svih stavaka je iz profila sa prekinutim toplinskim mostom, minimalnog presjeka 6/6 cm.
B62: Jednostruki prozori u aluminijskim okvirima s prekinutim toplinskim mostovima, ostakljeni dvoslojnim IZO staklom 6+12+4 mm, deblje staklo s vanjske strane -sve provjeriti s investitorom.
B63: Unutarnje staklo je predviđeno kao low–e staklo. U međuprostoru predviđena je ispuna argonom. Stupanj propuštanja ukupne energije g = 0,60.
B64: U stavku je uključen sav potreban materijal, uključivo okov i ostali pribor. Stavke uključuju i metalne slijepe dovratnike, doprozornike, te čelične pričvrsne elemente prema detalju proizvođača.
B65: Sve stavke sidre se preko čeličnih profila ili prema detalju koji su uključeni u cijenu.
B66: U stavke svih prozora/stijena je uključena i zaštita od sunca u vidu vanjske rolet kutije sa roletama od alu lamela u boji po izboru investitora -rolete na el.pogon.
B67: U stavku uključiti hidroizolacijske trake na spoju profila i zida.
B68: Ugradnja u ab zid d=20cm
B69: Svi prozori s komarnikom.
... B74: Kod prozora s dva krila -manje krilo je otklopno-zaokretno.
B75: -prozor 70x195cm | C75: kom. | D75: 1 | F75: =D75*E75 -> 0
B76: -prozor 90x195cm | C76: kom. | D76: 1 | F76: =D76*E76 -> 0
B77: -prozor 240x195cm, 2 krila š=80 i 160cm | C77: kom. | D77: 1 | F77: =D77*E77 -> 0
B79: KAT
B80: prozori visine do 135cm
B81: Kod prozora s dva krila -manje krilo je otklopno-zaokretno.
B82: -prozor 155x50cm | C82: kom. | D82: 1 | F82: =D82*E82 -> 0
B83: -prozor 50x135cm | C83: kom. | D83: 1 | F83: =D83*E83 -> 0
B84: -prozor 180x135cm, 2 krila š=50 i 120cm | C84: kom. | D84: 1 | F84: =D84*E84 -> 0
B85: prozori visine 195cm
B86: Prozori imaju fiksni parapet h=55cm, te otklopna-zaokretna krila h=130cm.
B87: Kod prozora s dva krila -manje krilo je otklopno-zaokretno.
B88: -prozor 50x195cm | C88: kom. | D88: 1 | F88: =D88*E88 -> 0
B89: -prozor 70x195cm | C89: kom. | D89: 1 | F89: =D89*E89 -> 0
B90: -prozor 90x195cm | C90: kom. | D90: 1 | F90: =D90*E90 -> 0
B91: -prozor 180x195cm, 2 krila š=50 i 120cm | C91: kom. | D91: 2 | F91: =D91*E91 -> 0
B92: -prozor 240x195cm, 2 krila š=80 i 160cm | C92: kom. | D92: 1 | F92: =D92*E92 -> 0
B94: UVUČENI KAT
B95: prozori visine do 135cm
B96: -prozor 155x50cm | C96: kom. | D96: 1 | F96: =D96*E96 -> 0
B97: -prozor 50x135cm | C97: kom. | D97: 1 | F97: =D97*E97 -> 0
B98: -prozor 180x135cm | C98: kom. | D98: 1 | F98: =D98*E98 -> 0
B99: prozori visine do 223cm
B100: Prozori imaju fiksni parapet h=55cm, te otklopna-zaokretna krila h=130cm.
B101: Kod prozora s dva krila -manje krilo je otklopno-zaokretno.
B102: -prozor 180x195cm, 2 krila š=50 i 120cm | C102: kom. | D102: 1 | F102: =D102*E102 -> 0
B103: -prozor 100x223cm | C103: kom. | D103: 1 | F103: =D103*E103 -> 0
A106: A.7.1.6. | B106: VANJSKA BRAVARIJA -OSTAKLJENO -STIJENE
B107: Dabava i ugradnja vanjske bravarije od plastif. AL profila, s prekinutim toplinskim mostom.
B108: Prije izrade ostakljenih vrata/prozora obavezno kontrolirati mjere na licu mjesta.
B109: Detalji izvedbe način ugradnje, veličina profila i modularna mjera će se odrediti nakon odabira izvoditelja, koji će imati obavezu izraditi detalje i dati na uvid i odobrenje projektantu.
B110: Izvedba svih stavaka je iz profila sa prekinutim toplinskim mostom, minimalnog presjeka 6/6 cm.
B111: Jednostruki prozori u aluminijskim okvirima s prekinutim toplinskim mostovima, ostakljeni dvoslojnim IZO staklom 6+12+4 mm, deblje staklo s vanjske strane -sve provjeriti s investitorom.
B112: Unutarnje staklo je predviđeno kao low–e staklo. U međuprostoru predviđena je ispuna argonom. Stupanj propuštanja ukupne energije g = 0,60.
B113: U stavku je uključen sav potreban materijal, uključivo okov i ostali pribor. Stavke uključuju i metalne slijepe dovratnike, doprozornike, te čelične pričvrsne elemente prema detalju proizvođača.
B114: Sve stavke sidre se preko čeličnih profila ili prema detalju koji su uključeni u cijenu.
B115: U stavke svih prozora/stijena je uključena i zaštita od sunca u vidu vanjske rolet kutije sa roletama od alu lamela u boji po izboru investitora -rolete na el.pogon.
B116: U stavku uključiti hidroizolacijske trake na spoju profila i zida.
B117: Ugradnja u ab zid d=20cm
B118: Tamo gdje je moguće -ponuditi komarnike.
B120: PRIZEMLJE
B121: -stijena dim 95x240cm -zaokretno-otklopno krilo | C121: kom. | D121: 1 | F121: =D121*E121 -> 0
B122: -stijena dim 105x240cm -zaokretno-otklopno krilo | C122: kom. | D122: 1 | F122: =D122*E122 -> 0
...

Sheet A.8.GIPSKART. I SOBOSL.
A1: A.8. | B1: GIPSKARTONSKI I SOBOSLIKARSKI RADOVI
A2: R.br. | B2: Opis stavke | C2: J.m. | D2: Kol. | E2: Jed.cijena | F2: Uk. Cijena
A5: A.8.1. | B5: GIPSKARTONSKI RADOVI
A8: A.8.1.1. | B8: GK ZID 10cm
B9: Dobava i montaža pregradnog zida sistem kao Knauf W112, pregradni zid- obostrano po dvije vlagootporne ploče. Ukupna debljina 100mm.
B10: Obračun po m2 izvedenog zida.
B11: Visina zida do bet ploče 310.5cm
B12: a) prizemlje | C12: m2 | D12: 192 | E12: 43 | F12: =D12*E12 -> 8256
B13: b) kat | C13: m2 | D13: 182 | E13: 43 | F13: =D13*E13 -> 7826
B14: c) uvučeni kat | C14: m2 | D14: 129 | E14: 43 | F14: =D14*E14 -> 5547
A17: A.8.1.2. | B17: GK SPUŠTENI STROP
B18: Dobava materijala i izvedba spuštenog stropa sistem Knauf od punih GK vlagootpornih ploča.
B19: Ploče ravne na tipskoj čeličnoj podkonstrukciji, djelomično kaskadno, ovješeno o postojeću krovnu betonsku ploču.
B20: Visina ovjesa prosječno do 20cm. Obračun po m2 izvedene površine (za plohe preko 30 cm širine).
B21: Pozicija -spušteni strop na mjestu stropne izolacije terase i balkona
B22: -prizemlje -horizontalno | C22: m2 | D22: 26 | E22: 38 | F22: =D22*E22 -> 988
B23: -prizemlje -vertikalno h=20cm | C23: m1 | D23: 2.8 | E23: 38 | F23: =D23*E23 -> 106.4
B24: -kat -horizontalno | C24: m2 | D24: 47 | E24: 38 | F24: =D24*E24 -> 1786
B25: -kat -vertikalno h=20cm | C25: m1 | D25: 3 | E25: 38 | F25: =D25*E25 -> 114
A28: A.8.1.3. | B28: GK OBLOGE INSTALACIJSKIH KANALA
B29: Dobava i montaža obloge instalcijskih kanala u visini etaže 3.105m sistem kao Knauf W112- jednostrano dvije vlagootporne ploče. Ukupna debljina 75 mm.
B30: Obračun po m2 obloge.
B31: -prizemlje | C31: m2 | D31: 25 | E31: 30 | F31: =D31*E31 -> 750
B32: -kat | C32: m2 | D32: 35 | E32: 30 | F32: =D32*E32 -> 1050
B33: -uvučeni kat | C33: m2 | D33: 32 | E33: 30 | F33: =D33*E33 -> 960
A36: A.8.1.4. | B36: OJAČANJE U ZIDU
B37: Dobava i ugradnja ukruta za ojačanje od OSB ploča min.debljine 2cm za ovješenje opreme. Po dogovoru s investitorom.
B38: Obračun po m2 izvedenog ojačanja.
B39: -prizemlje u visini od 140 do 180cm | C39: m2 | D39: 20 | E39: 16 | F39: =D39*E39 -> 320
B40: -prizemlje u visini od 160 do 270cm | C40: m2 | D40: 7 | E40: 16 | F40: =D40*E40 -> 112
B41: -kat u visini od 140 do 180cm | C41: m2 | D41: 15 | E41: 16 | F41: =D41*E41 -> 240
B42: -kat u visini od 160 do 270cm | C42: m2 | D42: 7 | E42: 16 | F42: =D42*E42 -> 112
B43: -uvučeni kat u visini od 140 do 180cm | C43: m2 | D43: 11 | E43: 16 | F43: =D43*E43 -> 176
B44: -uvučeni kat u visini od 160 do 270cm | C44: m2 | D44: 3.5 | E44: 16 | F44: =D44*E44 -> 56
A47: A.8.1.5. | B47: OBLOGA GEBERIT ELEMENATA
B48: Dobava materijala i izrada obloge geberita i instalacijskog kanala sa od gips-kartonskih vodoodbojnih "Knauf" ploča u dva sloja na metalnu nosivu pocinčanu podkonstrukciju -sistem W112 -jednostrano dvije zelene ploče.
B49: Između podkonstrukcije i gips-kartonskih ploča postaviti PE foliju te ugraditi sloj termoizolacije od 5,0 cm mineralne vune između profila.
B50: U cijeni stavke sav potreban ovjes, pribor, spojna sredstva, uglovni profil na sudaru s obodnim zidovima i izrezivanje svih potrebnih otvora, bandažiranje i zapunjavanje sljubnica te gletanje pune površine ploča.
B51: Sanitarne jedinice obložiti impregniranim gips-kartonskim "Knauf" pločama (H2 13) otpornim na vlagu. Izvedba strogo prema uputi proizvođača.
B52: Visina obloge do 120cm.
B53: Obračun po m2 obloge.
B54: -prizemlje | C54: m2 | D54: 5.2 | E54: 70 | F54: =D54*E54 -> 364
B55: -kat | C55: m2 | D55: 4 | E55: 70 | F55: =D55*E55 -> 280
B56: -uvučeni kat | C56: m2 | D56: 2.5 | E56: 70 | F56: =D56*E56 -> 175
A59: A.8.1.6. | B59: GK ZID -POCKET KAZETA
B60: Dobava i montaža pregradnog zida sistem kao Knauf W112, pregradni zid- obostrano po dvije vlagootporne ploče. Ukupna debljina zida 100 mm. GK zid se izvodi kao obloga pocket kazete.
B61: Potkonstrukcija sidrena u cementnu glazuru dolje i ab ploču gore.
B62: uKljučivo nosiva potkonstrukcija tipskih pocinčanih CW i UW (serija 50 mm) profila, mineralna i brtvljenje spojeva sa susjednim plohama -sve sistem Knauf W112
B63: U stavku uključena i pocket kazeta za klizna vrata -klinzo krilo opisano u stolarskim radovima.
B64: -prizemlje -obračun po m2 izvedenog zida | C64: m2 | D64: 6.5 | E64: 43 | F64: =D64*E64 -> 279.5
B65: -prizemlje -pocket kazeta | C65: kom | D65: 4 | E65: 680 | F65: =D65*E65 -> 2720
B66: -kat -obračun po m2 izvedenog zida | C66: m2 | D66: 6.5 | E66: 43 | F66: 279.5
B67: -kat -pocket kazeta | C67: kom | D67: 4 | E67: 680 | F67: 2720
B68: -uvučeni kat -obračun po m2 izvedenog zida | C68: m2 | D68: 3.5 | E68: 43 | F68: 150.5
B69: -uvučeni kat -pocket kazeta | C69: kom | D69: 2 | E69: 680 | F69: 2720
A72: A.8.1. | B72: GIPSKARTONSKI RADOVI UKUPNO | F72: =SUM(F6:F71) -> 38087.9
A75: A.8.2. | B75: SOBOSLIKARSKO-LIČILAČKI RADOVI
B77: Priprema i bojenje zidova i stropova. U cijenu uračunati i potrebnu radna skela. Obračun po m2 obojene površine.
B79: Dobava materijala i bojenje postojećih zidova. Stavka uključuje, popravak i pripremu podloge za bojanje, prethodni premaz kvarc grundom, izravnavanje ploha reparaturnim mortom (grubim i finim) te gletanje podloge glet masom u dva sloja s brušenjem te bojanje dvokratno bojom (ili do punog pokrivanja).
A82: A.8.2.1. | B82: BOJANJE ZIDOVA PODRUMA FASADEKSOM
B83: Bojanje zidova podruma -garaže fasadeksom sa svim potrebnim predradnjama. Obračun u m2.
B84: -podrum | C84: m2 | D84: 130,00 | E84: 22,00 | F84: 2.860,00
B85: -podrum -pregradni zidovi porobeton | C85: m2 | D85: 62,00 | E85: 22,00 | F85: 1.364,00
A88: A.8.2.2. | B88: BOJANJE STROPA PODRUMA FASADEKSOM
B89: Bojanje stropa podruma -garaže fasadeksom sa svim potrebnim predradnjama. Obračun u m2.
B90: -podrum | C90: m2 | D90: 128,00 | E90: 22,00 | F90: 2.816,00
A93: A.8.2.3. | B93: BOJANJE ZIDOVA I STROPOVA
B94: Dobava materijala te bojanje unutarnjih zidnih i stropnih ploha uključujući sve potrebne predradnje i to:
B95: priprema podloge, impregniranje, 2xgletanje žbukanih zidova i stropova ili 1xgletanje gipskartonskih zidova te završno bojanje disperzivnom bojom dva puta (3 puta gipskartonski zidovi) u tonu po izboru investitora.
B96: Zid prvo premazati primerom.
B97: Visina bojanja do 3m od gotovog poda. U cijenu uračunata i potrebna radna skela.
B98: Špalete uključene u stavku.
B99: Sve prema uputama proizvođača. Obračun po m2
B100: PRIZEMLJE
B101: -žbukani zidovi | C101: m2 | D101: 158 | E101: 9 | F101: =D101*E101 -> 1422
B102: -žbukani stropovi | C102: m2 | D102: 122 | E102: 9 | F102: =D102*E102 -> 1098
B103: -gipskartonski zidovi | C103: m2 | D103: 303 | E103: 4 | F103: =D103*E103 -> 1212
B104: -gipskartonski stropovi | C104: m2 | D104: 29 | E104: 4 | F104: =D104*E104 -> 116
B105: KAT
B106: -žbukani zidovi | C106: m2 | D106: 119 | E106: 9 | F106: =D106*E106 -> 1071
B107: -žbukani stropovi | C107: m2 | D107: 89 | E107: 9 | F107: =D107*E107 -> 801
B108: -gipskartonski zidovi | C108: m2 | D108: 288 | E108: 4 | F108: =D108*E108 -> 1152
B109: -gipskartonski stropovi | C109: m2 | D109: 50 | E109: 4 | F109: =D109*E109 -> 200
B110: UVUČENI KAT
B111: -žbukani zidovi | C111: m2 | D111: 110 | E111: 9 | F111: =D111*E111 -> 990
B112: -žbukani stropovi | C112: m2 | D112: 104 | E112: 9 | F112: =D112*E112 -> 936
B113: -gipskartonski zidovi | C113: m2 | D113: 220 | E113: 4 | F113: =D113*E113 -> 880
A116: A.8.2.4. | B116: BOJANJE STUBIŠTA
B117: Isto kao prethodna stavka samo bojanje stubišta.
B118: Završnu obradu tj tip boje i nijansu provjeriti s investitorom prije početka radova.
B119: PODRUM
B120: -žbukani zidovi | C120: m2 | D120: 21.2 | E120: 9 | F120: =D120*E120 -> 190.8
B121: -žbukani stropovi | C121: m2 | D121: 8 | E121: 9 | F121: =D121*E121 -> 72
B122: -žbukani stubišni krak -podgled i bočno | C122: m2 | D122: 7.2 | E122: 9 | F122: =D122*E122 -> 64.8
B123: PRIZEMLJE
B124: -žbukani zidovi | C124: m2 | D124: 39 | E124: 9 | F124: =D124*E124 -> 351
B125: -žbukani stropovi | C125: m2 | D125: 6.5 | E125: 9 | F125: =D125*E125 -> 58.5
B126: -žbukani stubišni krak -podgled i bočno | C126: m2 | D126: 10.2 | E126: 9 | F126: =D126*E126 -> 91.8
B127: KAT
B128: -žbukani zidovi | C128: m2 | D128: 39 | E128: 9 | F128: =D128*E128 -> 351
...

Sheet A.9.PODOPOLAGAČKI
A1: A.9. | B1: PODOPOLAGAČKI RADOVI
A2: R.br. | B2: Opis stavke | C2: J.m. | D2: Kol. | E2: Jed.cijena | F2: Uk. Cijena
A5: A.9.1. | B5: KERAMIČARSKI RADOVI
B7: OPĆI UVJETI
B9: Sve horizontalne i vertikalne reške moraju biti posve ravne, iste širine i dobro ispunjene. Cijela ploha mora biti ravna.
B10: Kvaliteta pločica treba odgovarati važećim standardima: HRN B.D1.301, 310, 320, 322, 325, 330, 334, 335, 460 HRN B.D8.001, 050, 060, 080, 090, 302, 307
B11: Prilikom davanja ponude izvođač je dužan dati uzorke pločica i mase za fugiranje.
B12: U jediničnim cijenama sadržane su sve radnje i dobava zajedno s veznim materijalaom kao i rad na izrezivanju pločica za razne instalacije ili sl.
B13: U slučaju kada kod rada neka pločica pukne ima se zamijeniti cijelom bez posebne naplate. Obračun opločenja vrši se po m2 razvijene površine opločenja.
B14: Jedinična cijena mora sadržavati: - sav potreban materijal; pločice, ljepilo i masa za fugiranje - kutne lajsne na otvorenim uglovima (al.profil 5mm) al.lajsne na prijelazu podova te dilatacijone reške koje će se izvoditi elastičnim silikonom. - sav potreban rad
B15: - transportne troškove - čišćenje prostorija po završenom radu sa uklanjanjem šute i otpada uključivo odvoz na deponiju - popravak štete učinjene na svojim ili tuđim radovima pri radu iz nepažnje. - potrebnu radnu skelu
B17: OPĆA NAPOMENA: Prilikom naručivanja pločica izvođač treba izvršiti izmjeru, napraviti izračun, naručiti potrebnu količinu te uvećati za određeni postotak zbog otpada, lomova, rezanja i sl.
B18: Odvojeno iskazati cijenu rada i materijala (materijal - nabavna cijena pločica bez PDV - ukoliko nije naznačena kao mjerodavna će se uzeti cijena pločica iz troškovnika te će se u slučaju razlike u nabavnoj cijeni jedinična cijena korigirati za razliku.
B19: Kod izvedbe zidnog opločenja u jediničnu cijenu pojedine stavke ukalkulirati i brtvljenje sudara keramičkog opločenja s dovratnicima, sanitarnim uređajima, oblogom druge vrste i sl. silikonskim kitom.
B20: Obračun prema stvarno izvedenoj jedinici mjere - neće se priznati obračun radova s faktorom.
... B30: Prije narudžbe provjeriti vrstu pločica s projektantom, a količinu uskladiti sa stvarnim stanjem i ukalkulirati potrebnu btto količinu.
A33: A.9.1.1. | B33: KERAMIČKE PLOČICE
B34: Dobava i postava podnih keramičkih pločica koristeći fleksibilno ljepilo na bazi cementa tipa kao Sika Ceram-255 Starflex LD ili jednakovrijedno, klase C2TES1 prema HRN EN 12002 / 12004.
B35: Fugiranje koristeći masu za fugiranje na bazi cementa tipa kao Sika Ceram CleanGrout ili jednakovrijednog, obogaćenu sa polimerom tipa kao Sika Ceram LatexGrout ili jednakovrijednim, klase CG2 prema HRN EN 13888.
B36: Na kutovima i oko prodora fuge se zapunjavaju sa sanitanim silikonskim brtvilom na bazi acetatnog zamreženja tipa kao Sanisil ili jednakovrijedan.
B37: Pločice po cijeni do 300 kn fco gradilišta.
B38: PRIZEMLJE
B39: KERAMIKA KUPAONICE
B40: - podne pločice | C40: m2 | D40: 13 | F40: =D40*E40 -> 0
B41: - zidne pločice h=220cm | C41: m2 | D41: 66 | F41: =D41*E41 -> 0
B42: KERAMIKA KUHINJA, GOSPODARSTVO
B43: - podne pločice | C43: m2 | D43: 23 | F43: =D43*E43 -> 0
B44: - sokl h=8cm | C44: m1 | D44: 22 | F44: =D44*E44 -> 0
B45: - zidne pločice | C45: m2 | D45: 7.6 | F45: =D45*E45 -> 0
B46: KAT
B47: KERAMIKA KUPAONICE
B48: - podne pločice | C48: m2 | D48: 23 | F48: =D48*E48 -> 0
B49: - zidne pločice h=220cm | C49: m2 | D49: 88 | F49: =D49*E49 -> 0
B50: KERAMIKA KUHINJA, GOSPODARSTVO
B51: - podne pločice | C51: m2 | D51: 19 | F51: =D51*E51 -> 0
B52: - sokl h=8cm | C52: m1 | D52: 26.3 | F52: =D52*E52 -> 0
B53: - zidne pločice | C53: m2 | D53: 7.8 | F53: =D53*E53 -> 0
B54: UVUČENI KAT
B55: KERAMIKA KUPAONICE
B56: - podne pločice | C56: m2 | D56: 12 | F56: =D56*E56 -> 0
B57: - zidne pločice h=220cm | C57: m2 | D57: 45 | F57: =D57*E57 -> 0
B58: KERAMIKA KUHINJA, GOSPODARSTVO
B59: - podne pločice | C59: m2 | D59: 15 | F59: =D59*E59 -> 0
B60: - sokl h=8cm | C60: m1 | D60: 21 | F60: =D60*E60 -> 0
B61: - zidne pločice | C61: m2 | D61: 6.3 | F61: =D61*E61 -> 0
A64: A.9.1.2. | B64: KERAMIČKE PLOČICE BALKONI i TERASE
B65: Dobava materijala, doprema i ugradnja podnih protukliznih keramičkih pločica na vanjske prostore.
B66: Ljepljenje fleksibilnim ljepilom na bazi cementa tipa kao Sika Ceram-255 Starflex LD ili jednakovrijedno, klase C2TES1 prema HRN EN 12002/12004.
B67: Fugiranje koristeći masu za fugiranje na bazi cementa tipa kao Sika Ceram CleanGrout ili jednakovrijednog, obogaćenu sa polimerom tipa kao Sika Ceram LatexGrout ili jednakovrijednim, klase CG2 prema HRN EN 13888.
B68: Na kutovima i oko prodora fuge se zapunjavaju sa sanitanim silikonskim brtvilom na bazi acetatnog zamreženja tipa kao Sanisil ili jednakovrijedan.
B69: Pločice po cijeni do 300 kn fco gradilišta.
B70: KAT
B71: -podne pločice | C71: m2 | D71: 37 | F71: =D71*E71 -> 0
B72: -sokl h=8cm | C72: m1 | D72: 34 | F72: =D72*E72 -> 0
B73: UVUČENI KAT
B74: -podne pločice | C74: m2 | D74: 52 | F74: =D74*E74 -> 0
B75: -sokl h=8cm | C75: m1 | D75: 36 | F75: =D75*E75 -> 0
A78: A.9.1. | B78: KERAMIČARSKI RADOVI UKUPNO | F78: =SUM(F31:F77) -> 0
A81: A.9.2. | B81: PARKETARSKI RADOVI
A84: A.9.2.1. | B84: PARKET
B85: Dobava materijala, doprema i ugradnja gotovog tvornički obrađenog višeslojnog parketa velikog formata, dimenzija po izboru projektanta, debljine 15mm.
B86: Parket se ugrađuje na čistu i suhu podlogu (cementni estrih-obračunat posebno) u svemu prema uputama proizvođača, koristeći ljepilo tipa kao Sikabon AT-80 ili jednakovrijedno.
B87: Prije polaganja obavezno kontrolirati vlažnost podloge. U cijenu ugradnje uključeno premazivanje podloge primerom, lijepljenje te sva krojenja parketa.
B88: Prije polaganja uzorke parketa dostaviti projektantu i naručitelju na odobrenje.
B89: Parket za podno grijanje.
B90: -prizemlje | C90: m2 | D90: 110 | F90: =D90*E90 -> 0
B91: -kat | C91: m2 | D91: 95 | F91: =D91*E91 -> 0
B92: -uvučeni kat | C92: m2 | D92: 79 | F92: =D92*E92 -> 0
A95: A.9.2.2. | B95: LAJSNE ZA PARKET
B96: Dobava materijala, doprema i ugradnja rubnih lajsni od lakiranog MDF-a na zidove uz rub poda.
B97: Rubne lajsne se pričvršćuju na zid elastičnom jednokomponentnom masom za lijepljenje s ubrzanim stvrdnjavanjem kao Sikaflex-11 FC ili šarafima prema uputi proizvođača.
B98: U cijenu ugradnje uključena sva krojenja rubnih lajsni.
B99: Obračun po m1.
B100: -prizemlje | C100: m1 | D100: 110 | F100: =D100*E100 -> 0
B101: -kat | C101: m1 | D101: 98 | F101: =D101*E101 -> 0
B102: -uvučeni kat | C102: m1 | D102: 89 | F102: =D102*E102 -> 0
A105: A.9.2.3. | B105: LAJSNE ZA PRIJELAZ PARKET - KERAMIKA
B106: Dobava i postava prijelaznih metalnih lajsni na susretu podova različite obloge (parket - keramičke pločice).
B107: Dizajn i boja lajsni po izboru projektanta.
B108: Stavka uključuje sav potreban materijal i rad kao i sva glavna i pomoćna sredstva potrebna za izvedbu prethodno opisanih radova.
B109: Obračun po m1 ugrađenih lajsni.
B110: -prizemlje -kuhinja -spoj u visini | C110: m1 | D110: 5.2 | F110: =D110*E110 -> 0
B111: -prizemlje -kupaonice, ul.vrata -razlika u visini | C111: m1 | D111: 7 | F111: =D111*E111 -> 0
B112: -kat -kuhinja -spoj u visini | C112: m1 | D112: 4.1 | F112: =D112*E112 -> 0
B113: -kat -kupaonice, ul.vrata -razlika u visini | C113: m1 | D113: 4.1 | F113: =D113*E113 -> 0
B114: -uvučeni kat -kuhinja -spoj u visini | C114: m1 | D114: 4.1 | F114: =D114*E114 -> 0
B115: -uvučeni kat -kupaonice, ul.vrata -razlika u visini | C115: m1 | D115: 3.5 | F115: =D115*E115 -> 0
A118: A.9.2. | B118: PARKETARSKI RADOVI UKUPNO | F118: =SUM(F82:F117) -> 0
A121: A.9.3. | B121: KLESARSKI RADOVI
A124: A.9.3.1. | B124: KAMENO POPLOČENJE STUBIŠTA
B125: Dobava, izrada i montaža vanjskog kamenog opločenja.
B126: Izvodi se od paljenog kamena d=2-5 cm, polaganje u sloj cem. morta.
B127: Kamen -travertin -veličina i tip kamena po odabiru investitora.
B128: PODRUM
B129: - podne pločice | C129: m2 | D129: 12 | F129: =D129*E129 -> 0
B130: - sokl h=8cm | C130: m1 | D130: 10 | F130: =D130*E130 -> 0
B131: PRIZEMLJE
B132: - podne pločice | C132: m2 | D132: 17 | F132: =D132*E132 -> 0
B133: - sokl h=8cm | C133: m1 | D133: 18 | F133: =D133*E133 -> 0
B134: KAT
...

Sheet B.GRAĐ.OBRT.VANJSKI
A1: B. | B1: GRAĐEVINSKO-OBRTNIČKI RADOVI - VANJSKI
A2: R.br. | B2: Opis stavke | C2: J.m. | D2: Kol. | E2: Jed.cijena | F2: Uk. Cijena
B4: OPĆI UVJETI UZ TROŠKOVNIK
B6: Uvodne napomene: Cijena za sve stavke mora uključivati sav dobavu, transport i montažu sa svim materijalom i pomoćnim materijalom, radom i horizontalnim i vertikalnim transportom na gradilištu potrebne za dovršenje radova do potpune funkcionalne ili estetske gotovosti. Cijena za sve stavke mora biti ponuđena za viđeno stanje na predmetnoj lokaciji. Cijena izvođenja betonskih i čeličnih konstrukcija mora obuhvatiti i razrede izloženosti konstrukcija koji se mogu pojaviti na unutar teritorija Republike Hrvatske.
B7: Sva demontirana oprema i svi dijelovi konstrukcije i otpad nastao uklanjanjem građevina ili dijelova građevina se zbrinjava sukladno važečim propisima Republike Hrvatske. Sav materijal, opremu i uređaje kod dopreme na gradilište, a prije ugradnje, izvođač je dužan upisati u dnevnik građenja, te nadzornom organu dostaviti ateste i uvjerenja o kvaliteti, kao i garancijske listove i tehničku dokumentaciju sa podacima o uređajima i opremi. Bez istog materijali, oprema i uređaji ne smiju biti ugrađeni.
A9: B.1. | B9: PRIPREMNI RADOVI
A12: B.1.1. | B12: PRIPREMNI RADOVI
B13: Organizacija i priprema gradilišta, koja obuhvaća: Dobava, postava i montaža ograde oko gradilišta.
B14: Dobava, postava i montaža metalnih ploča na bravarskoj konstrukciji: ploča sa svim potrebnim informacijama:.
B15: (investitor, projektant, izvođač, nadzor, broj građevne dozvole itd.) te ploča sa znakovima upozorenjana.
B16: Dobava, postava i montaža kontejnera za gradilište - uredski kontejner standardnih dimenzija cca 6,0x2,4m postavljen na oslonce 15,0cm od podloge.
B17: Dobava i postava montažnih priručnih kemijskih WC kabina za potrebe gradilišta. Izrada sheme organizacije gradilišta.
B18: U stavci uključeno osiguranje privremenog priključka struje i vode, izrada plana transportnih putova i sheme gradilišta, odnosno svu potrebnu pripremu i predradnje za pravovaljano i sigurno izvođenje radova gradnje i radova uklanjanja. | C18: komplet | D18: 1 | F18: =D18*E18 -> 0
A21: B.1.2. | B21: UKLANJANJE RASLINJA
B22: Uklanjanje raslinja, grmlja i šikarja promjera do 10cm, vađenje korijenja, utovar i prijevoz na deponiju. Pregledati teren radi stvarnog stanja. Obračun po m2 stvarno iskrčene površine. | C22: m2 | D22: 615 | F22: =D22*E22 -> 0
A25: B.1. | B25: PRIPREMNI RADOVI UKUPNO | F25: =SUM(F10:F24) -> 0
A28: B.2. | B28: ZEMLJANI RADOVI - ISKOPI
A31: B.2.1. | B31: ISKOP HUMUSA
B32: Ova stavka obuhvaća:
B33: a) otkop površinskog sloja u debljini 20cm,
B34: b) utovar otkopanog materijala u vozilo, te prijevoz i razastiranje na deponiji na udaljenosti do 10km,
B35: c) ručni otkop uz komunalne instalacije.
B36: Obračun po m3 otkopanog materijala mjereno u sraslom stanju prema poprečnim profilima. Dio (50m3) se privremeno deponira na gradilištu za kasnije nasipavanje.
B37: a) samo iskop ukupno | C37: m3 | D37: 125 | F37: =D37*E37 -> 0
B38: b) prijevoz iskopanog mat.na deponiju do 10km | C38: m3 | D38: 75 | F38: =D38*E38 -> 0
A41: B.2.2. | B41: ŠIROKI ISKOP
B42: Široki iskop tla C/D kategorije u sloju min. 20cm. Iskop vršiti isključivo strojno, a ručno samo tamo gdje strojevi to ne bi mogli obaviti na zadovoljavajući način. Obračun po m3 stvarno izvršenog iskopa.
B43: Iskop se izvodi strojno: bagerima u zemljanom sloju, i drugim strojevima koje zahtijeva kategorija terena i pneumatskim čekićima i ostalim strojevima u stijenskoj masi.
B44: U cijenu uključiti sve potrebne radove: iskop, crpljenje procjedne vode.
B45: Iskopani materijal privremeno odložiti na stranu (privremeno odlagalište na gradilištu) radi eventualne potrebe korištenja iskopanog materijala za zatrpavanje. Utovar i odvoz u posebnoj stavci.
B46: Obračun po m3 iskopa u sraslom stanju.
B47: -parkiralište i rampa | C47: m3 | D47: 340 | F47: =D47*E47 -> 0
B48: -zelene površine | C48: m3 | D48: 192 | F48: =D48*E48 -> 0
A51: B.2.3. | B51: ZATRPAVANJE
B52: Zatrpavanje oko temelja zemljom iz iskopa, a nakon skidanja oplate temelja podrum. Modul stišljivosti Ms=50Mpa. Obračun po m3 zemlje u zbijenom stanju. | C52: m3 | D52: 100 | F52: =D52*E52 -> 0
A55: B.2.4. | B55: ODVOZ ZEMLJE NA TRAJNU DEPONIJU
B56: Odvoz zemlje na trajnu deponiju. U cijenu stavke uključeno je ručni ili strojni utovar, prijevoz, istovar, sve naknade i troškovi gradske deponije. Obračun po m3 zemlje u rastresitom stanju. | C56: m3 | D56: 432 | F56: =D56*E56 -> 0
A59: B.2.5. | B59: OBNOVA ISKOLČENJA OSI
B60: Obnova iskolčenja osi i profila trase putem geodetske radne organizacije osiguranjem glavnih točaka. Iskolčenje obuhvaća sve geodetska mjerenja tj. prenošenje podataka sa projekta na teren, osiguranje osi iskolčenja trase, profiliranje, obnavljanje i održavanje iskolčenih oznaka na terenu za sve vrijeme građenja odnosno do predaje radova investitoru. U cijenu koštanja ulaze svi gore navedeni radovi, potrebni materijali i prijevoz vezan uz ovaj rad. Obračun po m1 iskolčene trase i m2 iskolčene površine.
B61: Obračun po m2-površina vanjskog uređenja | C61: m2 | D61: 612 | F61: =D61*E61 -> 0
A64: B.2. | B64: ZEMLJANI RADOVI - ISKOPI | F64: =SUM(F29:F63) -> 0
A67: B.3. | B67: ZEMLJANI RADOVI - NASIPI
A70: B.3.1. | B70: IZRADA NASIPA PROMETNICE
B71: Izrada nasipa prometnice od nesortiranog drobljenog kamena ili šljunka Dmax<150 mm
B72: Nabava materijala doprema i izrada nasipa u slojevima od 25-50cm, materijal i način ugradnje prema OTU 2-09.3.
B73: Materijal se ugrađuje na uređeno temeljno tlo u zoni širokog iskopa
B74: Obračunato po 1 m3 ugrađenog nasipa zbijenog na Ms=40 MN/m2, prema nagibu iz projekta Sz ≥ 100%, nasip do razine posteljice ceste od kamena ili šljunka sve do potpune pogonske gotovosti. | C74: m3 | D74: 93 | F74: =D74*E74 -> 0
A77: B.3.2. | B77: UREĐENJE POSTELJICE
B78: Stavkom je predviđeno uređenje i zaštita posteljice do izrade nasipa ili tamponoskog sloja.
B79: Stavkom su obuhvaćeni slijedeći radovi:
B80: - planiranje posteljice na projektom predviđene kote,
B81: - rješenje odvodnje posteljice,
B82: - sabijanje posteljice tako da se postigne zbijenost od 100% prema standardnom Proctorovnom postuku, odnosno ME=25MN/m2 za miješane materijale, odnosno ME=40MN/m2 za kamene materijale mjereno kružnom pločom r=30cm pri optimalnoj vlažnosti materijala.
B83: U cijenu stavku su uključeni svi pripremni i pomoćni radovi, alati i materijali.
B84: Obračun po m2 uređene posteljice. | C84: m2 | D84: 182 | F84: =D84*E84 -> 0
A87: B.3.3. | B87: IZRADA NOSIVOG SLOJA PROMETNICE
B88: Izrada nosivog sloja od zrnatog kamenog materijala bez veziva debljine d=20-40cm
B89: Nakon preuzimanja ispitanog planuma u pogledu zabijenosti, ravnosti projektiranih nagiba, a sve prema važečim normama, pristupa se izradi nosivog sloja od zrnatog kamenog materijala.
B90: Za izradu ovog sloja treba upotrijebiti zrnati kameni materijal za koji je pribavljen atest o njegovoj podobnosti za izradu nosivog sloja.
B91: Kameni materijal se mora navoziti (navlačiti) tako da se ne ošteti izvedeni profil posteljice.
B92: Zahtjevana zbijenost za kolnik sa asfaltnim zastorom i cementnom stabilizacijom Ms=80MN/m2 a za pješačku stazu Ms=60MN/m2.
B93: Sve nepravilnosti utvrđene za vrijeme zbijanja mora izvođač o svom trošku ukloniti.
B94: Sva tekuća i kontrolna ispitivanja treba vršiti prema važećim standardima i propisima u toku građenja.
B95: Ova stavka obuhvaća:
B96: a) pribavljanje atesta za kameni materijal prije početka radova
B97: Za prometnice i pješačke staze materijal 0/32.
B98: b) dopremu, razgrtanje, planiranje i profiliranje tamponskog sloja debljine 20cm na dijelu iznad kamenog nasipa i 40cm na dijelu iznad zemljane posteljice i zbijanje
B99: c) kontrola ravnine i visine izvedenog sloja
... B102: Obračunato po m3 ugrađenog sloja u zbijenom stanju, prema poprečnim profilima do potpune pogonske gotovosti.
B103: - cesta | C103: m3 | D103: 69 | F103: =D103*E103 -> 0
B104: - pješačka staza | C104: m3 | D104: 6 | F104: =D104*E104 -> 0
A107: B.3. | B107: ZEMLJANI RADOVI - NASIPI UKUPNO | F107: =SUM(F68:F106) -> 0
A110: B.4. | B110: POTPORNI ZID
B112: OPĆA NAPOMENA ZA IZVEDBU BETONSKIH ZIDOVA
B114: Prije početka gradnje zida potrebno je provesti iskolčenje zidova. Točke iskolčenja treba dobro označiti i osigurati tako da su dostupne tijekom čitavog vremena izgradnje zidova.
B115: Široki iskopi obuhvaćaju iskope do nagiba pokosa 3:1 u postojećem terenu, prema profilima u projektu. Pri tome se ovi iskopi izvode u kampadama maksimalne duljine do 4m.
B116: Iskop slijedeće kampade može se izvoditi tek nakon što je prethodno završena izvedba zida i drenaže koja je založena nekoherentnim materijalom.
B117: Iskop materijala i izvedbu temelja i zida treba izvesti u što kraćem roku kako ne bi bila ugrožena postojeća stabilnost padine.
B118: Beton koji se ugrađuje u temelje i zidove treba biti spravljen u betonarama i dopremljen na gradilište u auto mješalicama.
B119: Prije postavljanja armature ugrađuje se podložni beton make C12/15, debljine 5 do 10cm.
B120: Postavljenu armaturu temelja i zidova teba prije betoniranja pogledati nadzorni inženjer I upisom u građevinski dnevnik odobriti nastavak radova. U temeljnoj stopi ugrađuju se ankeri ø12 od RA400/500, na razmaku koji odgovara razmaku glavne armature R mreže u svemu prema statičkom proračunu.
B121: Betoniranje temelja izvodi se betonom klase C30/37, a zidova betonom klase C30/37.
B122: Betoniranje temelja se izvodi bez oplate, tj. iskop za temelje se u potpunosti zapunjava betonom. Ugradnja betona vrši se uz odgovarajuće zbijanje vibro iglama.
B123: Prije nastavka izrade zidova, na temelju iza zida ugrađuje se beton za pad (tajača od betona C12/15). Na tajaču se postavljaju “raudril” drenažne cijevi ø15cm.
B124: Iznad drenaže, a nakon izvedbe zidova ugrađuje se batuda i filterski materijal (prirodni šljunak).
... B126: Voda iz drenaže zidova odvodi se u slivnike.
A129: B.4.1. | B129: ISKOP ZA TEMELJE ZIDOVA
B130: Široki iskop u materijalu C/D ktg. za zidove i ispune iza zidova.
B131: Izvodi se strojno s ručnim odsijecanjem bokova, prema nacrtima, odnosno po zahtjevu nadzornog inženjera.
B132: Cijena uključuje iskop materijala u sraslom stanju s odbacivanjem u stranu te razupiranjem i svim potrebnim osiguranjima pokosa.
B133: Obračun po m3 materijala u sraslom stanju.
B134: -POTPORNI ZID -PARKIRALIŠTE h=2m | C134: m3 | D134: 20 | F134: =D134*E134 -> 0
B135: -POTPORNI ZID -PARKIRALIŠTE h=1.2m | C135: m3 | D135: 13 | F135: =D135*E135 -> 0
B136: -POTPORNI ZID -GARAŽA h=2m | C136: m3 | D136: 11 | F136: =D136*E136 -> 0
B137: -POTPORNI ZID -JUG h=2m | C137: m3 | D137: 42 | F137: =D137*E137 -> 0
A140: B.4.2. | B140: ODVOZ VIŠKA MATERIJALA OD ISKOPA
B141: Odvoz materijala nakon iskopa, uključivo utovar, prijevoz, istovar, razastiranje i ugradnja na deponiji na udaljenosti do 10 km.
B142: Izrada radova, obračun radova i kontrola kvalitete prema OTU 2-07.
B143: Obračun po m3 materijala u sraslom stanju.
B144: -POTPORNI ZID -PARKIRALIŠTE h=2m | C144: m3 | D144: 18 | F144: =D144*E144 -> 0
...

Sheet C.VODOVOD I KANALIZACIJA
D2: Gradečak desni 4, 10000 Zagreb
E3: OIB 06323248263
E4: mob. 099/788 7887
B7: INVESTITOR:
B8: Josip Drinovac, Gornji Bukovac 150, 10000 Zagreb
B9: i Nina Drinovac, Gundulićeva ulica 61, 10000 Zagreb
B12: NAZIV GRAĐEVINE:
B13: STAMBENA ZGRADA
B15: LOKACIJA:
B16: Gornji Bukovac bb, Zagreb
B17: k.č.br. 2269, k.o. Remete
A20: R E K A P I T U L A C I J A
A21: INSTALACIJA VODOVODA I ODVODNJE
A23: A | B23: PRIPREMNI RADOVI | F23: =F86 -> 0
A25: B | B25: GRAĐEVINSKI RADOVI | F25: =F132 -> 0
A27: C | B27: VANJSKI VODOVOD | F27: =F170 -> 0
A29: D | B29: VANJSKA ODVODNJA | F29: =F240 -> 0
A31: E | B31: UNUTARNJI VODOVOD | F31: =F312 -> 0
A33: F | B33: UNUTARNJA ODVODNJA | F33: =F432 -> 0
A35: G | B35: SANITARNI UREĐAJI | F35: =F485 -> 0
A37: H | B37: OSTALI RADOVI | F37: =F530 -> 0
A39: I | B39: NEPREDVIĐENI RADOVI | F39: =F538 -> 0
B44: UKUPNO | F44: =SUM(F23:F41) -> 0
B46: PDV 25 % | F46: =F44*0.25 -> 0
B48: SVEUKUPNO Kn | F48: =SUM(F44:F46) -> 0
B59: INSTALACIJE VODOVODA I ODVODNJE | F59: TD: 17822-102
F60: ZOP: GP 2/22
A62: r.b. | B62: Opis stavke | C62: jed. mj. | D62: Količina | E62: Jedinična cijena | F62: Ukupna cijena
B64: TROŠKOVNIK INSTALACIJA VODOVODA I ODVODNJE
A66: OPĆE NAPOMENE: Prije davanja ponude ponuđač može pregledati projekt te mjesto izgradnje i upisati radove koji eventualno nisu obuhvaćeni ovim troškovnikom, a smatra da su bitni za izvođenje. Izvođač je prilikom nuđenja obavezan provjeriti sve količine i radove vezane za kvalitetno izvođenje instalacija vodovoda i odvodnje u potpunosti. Ukoliko izvođač smatra da u troškovniku nedostaju radovi ili da količine nisu dovoljne za izvođenje instalacija u potpunosti, obavezan je iste unijeti u ponudu. Naknadna potraživanja izvođača neće se odobriti. Stavke sadrže nabavu, dopremu, montažu i ugradnju sa svim potrebnim radom, strojevima, alatom kao i materijalom i priborom. Radove na vodovodu, kanalizaciji i drugim uređajima potrebno je izvoditi uz striktno poštivanje pravila i normi za kvalitetno izvršenje radova kao i zaštite na radu, a sve u dogovoru s nadzornim inženjerom, projektantom, nadležnim prestavnicima komunalnih instalacija, geomehaničkim inženjerom i inženjerom konstrukcije kod otežanih uvjeta izvođenja. Ukoliko se tijekom građenja pojavi opravdana potreba za određenim odstupanjima ili manjim izmjenama projekta, Izvođač je dužan za to prethodno pribaviti suglasnost Nadzornog inženjera. Veće izmjene i odstupanja od projektiranog rješenja mogu se provesti samo uz odobrenje Projektanta i suglasnost Investitora, te pribavljanjem dopune građevne dozvole na nastalu promjenu ukoliko su odstupanja takve prirode. "Nabava" ("dobava") obuhvaća troškove utovara, istovara, transporta do izvoditeljevog stovarišta – privremene deponije, te carinske i sve druge zakonom propisane pristojbe i poreze. "Ugradnja", ("ugradba") obuhvaća utovar na izvoditeljevom stovarištu – privremenoj deponiji, lokalni transport i istovar na mjestu ugradnje, kao i sve radove, materijal, te opremu potrebnu za potpuno izvršenje posla. "Izrada" ("izvedba") obuhvaća radove na nabavi i ugradnji. "Odvoz na trajnu deponiju" obuhvaća utovar, transport do trajne deponije, istovar, razastiranje, planiranje i sve eventualne ostale radove na deponiji preme uvjetima vlasnika deponije, te taksu (naknadu) za deponiranje. Sve radove izvoditi u skladu s tehničkim uvijetima koji su sastavni dio ove projektne dokumentacije. Napomena // Predmetni troškovnik je izrađen u svrhu procjene troškova građenja. Troškovnik za ugovaranje i odabir izvođača izradit će se u sklopu izvedbenog projekta.
A68: A | B68: PRIPREMNI RADOVI
A70: A.1 | B70: ISKOLČENJE VANJSKE TRASE VODOVODA
B71: Iskolčenje trase vodovoda prenošenjem podataka iz projekta i osiguranje iskolčenja osi, te geodetsko praćenje svih radova na izvedbi mreže vodovoda. Opseg radova mora u svemu zadovoljiti potrebe građenja, kontrole radova i obračuna. Obračun po kompletu.
C72: kpl. | D72: 1 | F72: =$D72*E72 -> 0
A74: A.2 | B74: ISKOLČENJE VANJSKE TRASE KANALIZACIJE
B75: Iskolčenje trase kanalizacije prenošenjem podataka iz projekta i osiguranje iskolčenja osi, te geodetsko pračenje svih radova na izvedbi kanalizacije. Opseg radova mora u svemu zadovoljiti potrebe građenja, kontrole radova, obračuna i drugoga. Obračun po kompletu.
C76: kpl. | D76: 1 | F76: =$D76*E76 -> 0
A78: A.3 | B78: ISKOLČENJE UNUTARNJE TRASE VODOVODA
B79: Označavanje i iskolčenje trase instalacije vodovoda sa nanošenjem najvažnijih točaka. Obračun po kompletu.
C80: kpl. | D80: 1 | F80: =$D80*E80 -> 0
A82: A.4 | B82: ISKOLČENJE UNUTARNJE TRASE KANALIZACIJE
B83: Označavanje trase kanalizacije prenošenjem podataka iz projekta i osiguranje iskolčenja osi. Opseg radova mora u svemu zadovoljiti potrebe građenja, kontrole radova, obračuna i drugoga. Obračun po kompletu.
C84: kpl. | D84: 1 | F84: =$D84*E84 -> 0
A86: A | B86: PRIPREMNI RADOVI UKUPNO: | F86: =SUM(F71:F85) -> 0
A89: B | B89: GRAĐEVINSKI RADOVI
A91: B.1 | B91: ISKOP ROVA
B92: Strojni iskop rova u tamponskom sloju i u tlu C kategorije ispod tamponskog sloja, za polaganje vodovodnih i kanalizacijskih cijevi, prema karakterističnom presjeku rova. Dno rova grubo i fino isplanirati za polaganje cijevi sa naročitom točnošću da se osigura pravilno nalijeganje cijevi. Uračunata ručna dorada iskopanog rova i eventualno potrebno razupiranje stjenki rova. Radovi moraji teći u koordinaciji sa montažom cijevi. U cijenu uključen iskop bez obzira na eventualno crpljenjem oborinske, odnosno podzemne vode i otežanog rada radi razupirača. Obračun po m3.
A93: B.1.1 | B93: Iskop rova za vodovodne cijevi | C93: m3 | D93: 20 | F93: =$D93*E93 -> 0
A94: B.1.2 | B94: Iskop rova za kanalizacijske cijevi | C94: m3 | D94: 91 | F94: =$D94*E94 -> 0
A96: B.2 | B96: ISKOP GRAĐEVINSKE JAME ZA PODZEMNE GRAĐEVINE
B97: Strojni iskop u tlu C kategorije za izvedbu podzemnih građevina. Iskop prema detaljima iz projekta. Dno jame grubo i fino isplanirati. Uračunatat ručna dorada iskopa i eventualno potrebno bočno razupiranje. U cijenu uključen iskop bez obzira na eventualno crpljenjem oborinske, odnosno podzemne vode i otežanog rada radi razupirača. Obračun po m3. Obračun po m3.
C98: m3 | D98: 64 | F98: =$D98*E98 -> 0
A100: B.3 | B100: PIJESAK ZA POSTELJICU I NADSLOJ
B101: Izrada pješčane posteljice od 10 cm za polaganje vodovodnih i kanalizacijskih cijevi u dnu rova i nadsloja 30 cm. Izrada obloge oko cijevi nakon montaže i ispitivanja na vodonepropusnost, pijeskom (granulacije 0-4 mm) do visine 30 cm iznad gornjeg ruba cijevi cijelom širinom rova. Zahtijeva se simetrično zatrpavanje i zbijanje materijala istovremeno s obje strane cijevi u slojevima od 20 cm.
B102: U stavku ulazi: dobava, donos, ugradnja i razastiranje pijeska, te izrada nadsloja nakon ugrađene cijevi uključujući sav potreban materijal i rad. Obračun po m3.
A103: B.3.1 | B103: Pijesak za vodovodne cijevi | C103: m3 | D103: 8 | F103: =$D103*E103 -> 0
A104: B.3.2 | B104: Pijesak za kanalizacijske cijevi | C104: m3 | D104: 37 | F104: =$D104*E104 -> 0
A106: B.4 | B106: ZATRPAVANJE ROVA
B107: Zatrpavanje rova nakon montaže i uspješnog ispitivanja na vodonepropusnost cjevovoda. Prije zatrpavanja obvezno pregledati cjevovod i ustanoviti da nema nekih mehaničkih oštećenja. Zatrpavanje rova materijalom iz iskopa, sa nabijanjem nabijačem. Posebnu pozornost potrebno je obratiti kod spojeva cijevi. U stavku je uključen potreban rad i materijal. Obračun po m3.
A108: B.4.1 | B108: Zatrpavanje rova vodovodnih cijevi | C108: m3 | D108: 13 | F108: =$D108*E108 -> 0
A109: B.4.2 | B109: Zatrpavanje rova kanalizacijskih cijevi | C109: m3 | D109: 52 | F109: =$D109*E109 -> 0
A111: B.5 | B111: ZATRPAVANJE GRAĐEVINESKE JAME
B112: Zatrpavanje građevinske jame materijalom iz iskopa nakon izvedbe podzemnih građevina. Zatrpavanje materijalom iz iskopa, sa nabijanjem nabijačem. Zasipavati materijalom sa promjerom zrna ne većim od 32 mm. Posebnu pozornost potrebno je obratiti kod spojeva cijevi. U stavku je uključen potreban rad i materijal. Obračun po m3.
B113: Zatrpavanje materijalom iz iskopa: | C113: m3 | D113: 46 | F113: =$D113*E113 -> 0
A115: B.6 | B115: ODVOZ PREOSTALOG MATERIJALA IZ ISKOPA
B116: Utovar i transport kamionom viška materijala iz iskopa na gradsku deponiju udaljenosti do 20 km. U cijenu uključiti koeficijent rastresitosti, istovar i planiranje na deponiji, sve takse deponije i druge neposredno vezane troškove. Količine uvečane zbog rastresitosti 30%. Obračun po m3.
C117: m3 | D117: 117 | F117: =$D117*E117 -> 0
A119: B.7 | B119: VODOMJERNO OKNO
B120: Izrada vodomjernog okna svjetlih tlocrtnih dimenzija 300x200 cm i svjetle visine 180 cm. Betoniranje AB zidova i podne ploče debljine 20 cm (okna se armiraju sa cca. 90kg armature po m3 betona) u dvostrukoj oplati betonom C25/30 i monolitne armirano-betonske stropne ploče debljine 20 cm betonom C25/30. Vodomjerno okno mora biti vodonepropusno. Ulazni otvor sa unutrašnje strane zaribati cementnim mortom. Na prolazu kroz zidove okna, ugraditi zaštitne komade za prolaz cijevi. Izrada udubljenja za ispumpavanje vode potopnom pumpom. Izrada ulaznog okna i ugradnja penjalica od nehrđajućeg materijala prema HRN EN 13101 (montirati 4 penjalice po metru dubine okna). Izrada izolacije ploče sa dva sloja ljepenke i tri vruča premaza bitumenom. Dobava i montaža lijevano-željeznih poklopaca 60x60 cm s natpisom "Vodovod" (A15kN 1 komad). Izrada, montaža i demontaža oplate, zidova i ploče sa podupiranjem. Uključivo svi prenosi materijala. Obračun po kompletu.
B121: NAPOMENA: Prije izvedbe kontaktirati distributera vode, koje će definirati točne dimenzije vodomjernog okna.
C122: kpl. | D122: 1 | F122: =$D122*E122 -> 0
A124: B.8 | B124: ŠLICEVI U ZIDOVIMA I PODOVIMA
B125: Izrada horizontalnih i vertikalnih usjeka u zidovima od opeke i armiranog betona, na mjestu polaganja instalacija vodovoda i odvodnje, te dodatnih proširenja na mjestu ugradnje opreme (ventili, kotntrolno brojilo, ugradbeni sifoni, itd.). U stavku je uključena izrada usjeka, odvoz razbijenog materijala na deponiju sa grubim planiranjem te zatvaranje usjeka žbukanjem nakon polaganja instalacije. Uključen sav potreban materijal, rad i alat. Obračun po m'.
C126: m' | D126: 75 | F126: =$D126*E126 -> 0
A128: B.9 | B128: PRODORI U ZIDOVIMA I PODOVIMA
B129: Izvedba prodora u zidovima i podovima za izradu spojeva kanalizacijskih i vodovodnih cijevi do pojedinih vertikala i sanitarnih uređaja. U stavku je uključena izrada prodora, odvoz razbijenog materijala na deponiju sa grubim planiranjem te zatvaranje usjeka žbukanjem nakon polaganja instalacije. Uključen sav potreban materijal, rad i alat. Obračun po komadu.
C130: kom | D130: 30 | F130: =$D130*E130 -> 0
A132: B | B132: GRAĐEVINSKI RADOVI UKUPNO: | F132: =SUM(F92:F131) -> 0
A135: C | B135: VANJSKI VODOVOD
B136: Napomena: Obračunati svi radovi do 1m izvan zgrade, mjereno od vanjskog ruba vanjskog zida zgrade.
A138: C.1 | B138: PRIKLJUČAK NA JAVNI VODOVOD
B139: Izrada priključka na javni vodovod. Priključak izvodi distributer vode nakon uplate potrebne pristojbe. Uključene sve potrebne radnje i materijal, završno sa ugrađenim vodomjerom. Obračun po kompletno izvedenom priključku.
B140: NAPOMENA : Prikljucak se izvodi nakon dobivanja potvrde na glavni projekt nadležnog komunalnog poduzeća. Priključak izvodi te određuje točnu poziciju i profil navedeno poduzeće.
B141: Priključak PEHD DN63 mm (Ø50), L=8,0 m | C141: kpl. | D141: 1 | F141: =$D141*E141 -> 0
A143: C.2 | B143: UGRADBENA ARMATURA VODOMJERNOG OKNA
B144: Nabava, doprema i montaža fazonskih komada i armatura, u vodomjernom oknu - iza vodomjera, za radni pritisak od 16 bara. Montaža fazonskih komada prirubnicom brtvenim gumenim prstenom ili klingeritom, uključiv sav brtveni materijal s vijcima te izolacija spojeva hladnim bitumenskim premazom. Montažu izvršiti prema priloženoj monterskoj shemi. Obračun po komadu.
B145: NAPOMENA: Točan tip armatura odreditI će nadležno komunalno poduzeće.
A146: C.2.1 | B146: Ventil Ø25 mm | C146: kom | D146: 2 | F146: =$D146*E146 -> 0
A147: C.2.2 | B147: ZOPT Ø25 mm | C147: kom | D147: 2 | F147: =$D147*E147 -> 0
A148: C.2.3 | B148: Ventil Ø32 mm | C148: kom | D148: 2 | F148: =$D148*E148 -> 0
A149: C.2.4 | B149: ZOPT Ø32 mm | C149: kom | D149: 2 | F149: =$D149*E149 -> 0
A150: C.2.5 | B150: Zasun Ø50 mm | C150: kom | D150: 1 | F150: =$D150*E150 -> 0
A151: C.2.6 | B151: ZOPT Ø50 mm | C151: kom | D151: 1 | F151: =$D151*E151 -> 0
A153: C.3 | B153: PEHD CIJEVI ZA SANITARNU I PP VODU
B154: Dobava, donos i montaža PEHD vodovodnih cijevi PE 100, SDR 11, za radni tlak do 16 bara, vanjskog nazivnog promjera DN. Cijevi se polažu na pješćanu posteljicu prema naputcima proizvođača, te se spajaju uz pomoć elektrofuzijskih spojnica. Stavka uključuje: sve potrebne fitinge I fazonske komade, brtve i slično. Obračun se vrši po m'.
B155: PEHD VODOVODNE CIJEVI, kao PIPELIFE
B156: ili jednakovrijedan proizvod:______________________
B157: Vrsta cijevi SDR11 - PN 16 i nominalne veličine:
A158: C.3.1 | B158: DN 32x3,0 mm | C158: m' | D158: 17 | F158: =$D158*E158 -> 0
A159: C.3.2 | B159: DN 42x3,7 mm | C159: m' | D159: 17 | F159: =$D159*E159 -> 0
...

Sheet D.ELEKTROINST.RADOVI
A1: ELEKTROINSTALACIJE
A3: R.br. | B3: Opis stavke | C3: Jed. | D3: Količina | E3: Cijena(HRK) | F3: Ukupno (HRK)
B5: Troškovnikom se predviđa nabava potrebnog materijala, postavljanje kako je to navedeno u pojedinim stavkama, ispitivanje i puštanje u ispravan rad.
A7: 1. | B7: VANJSKI PRIKLJUČAK
A8: 1. | B8: Vanjski priključak izvesti podzemno s novog KRO sa četiri (4) vodna polja, kojega je potrebno napojti s NN mreže kabelom NAYY-O 4x70SM+1,5RE 0,6/1 (1,2) kV. Napajanje mjesta priključenja je: 1TS 1303, Gornji Bukovac III odvojak SK 5. Priključak građevine od KRO do KPO izvesti kabelom NAYY-O 4x70SM+1,5RE 0,6/1 (1,2) kV s vodnog polja 2. KPO postaviti na fasadu građevine pored ulaza (predviđeno glavnim projektom). U KPO ugraditi opremu prema uvjetima distributera.Isporuka potrebnog materijala i rad biti će specifiran u el. tehničkom rešenju nadležnog el. distributivnog poduzeća prema konačnoj el. energetskoj suglasnosti. Ormar KRO i KPO sa svom potrebnom opremom i spojnim materijalom je u nadležnosti | C8: kpl | D8: 1 | E8: ISPORUČUJE HEP
A10: 2. | B10: Isporučiti, montirati u zid i spojiti mjerni ormar EMO. Ormar mora biti izrađen od dekapiranog lima s bravicom na vratima. Ormar mora sadržavati osim specificirane opreme, N i PE sabirnice, te sitni spojni i montažni materijal. U ormar se ugrađuje sljedeća oprema: | C10: kom | D10: 1 | F10: 2500
B11: -uređaj za komunikaciju | C11: kom | D11: 1 | E11: ISPORUČUJE HEP
B12: -monofazno električno brojilo | C12: kom | D12: 1 | E12: ISPORUČUJE HEP
B13: -trofazno električno brojilo | C13: kom | D13: 1 | E13: ISPORUČUJE HEP
B14: -odvodnik prenapona klase II, 0,5 kV | C14: kom | D14: 4 | F14: =D14*E14 -> 0
B15: -osigurač NVO 00 35 A | C15: kom | D15: 13 | F15: =D15*E15 -> 0
B16: -postolje osigurača | C16: kom | D16: 5 | F16: =D16*E16 -> 0
B17: - ostali montažni materijal za potrebe razvoda i zaštite (vodovi, odgovarajuće stezaljke i sl.) | C17: kom | D17: 1 | F17: =D17*E17 -> 0
B18: Komplet ormar EMO sa svim potrebnim radom i materijalom. | C18: kpl | D18: 1 | F18: =D18*E18 -> 0
B20: Ukupno vanjski priključak | F20: =F18 -> 0
A22: 2. | B22: RAZVODNI ORMARI
A23: 1. | B23: Isporučiti, montirati u zid i spojiti razdjelnicu RZ. Razdjelnica treba biti izrađena od dekapiranog lima zaštičena bojanjem ili plastificiranjem s bravicom korisnika Razdjelnica mora sadržavati osim specificirane opreme, N i PE sabirnice, te sitni spojni i montažni materijal. Razdjelnica je sa slijedećom opremom:
B24: Limitator OSO 1x25 - isporučuje HEP | C24: kom | D24: 1 | E24: ISPORUČUJE HEP
B25: -FID (RCD) strujna zaštitna sklopka 40 A / 30 mA / 2P | C25: kom | D25: 1
B26: -automatski prekidači B 16/1 | C26: kom | D26: 4
B27: -automatski prekidači B 10/1 | C27: kom | D27: 9
B28: -automatski prekidači C 25/1 | C28: kom | D28: 1
B29: -odvodnik prenapona 20kV, 255V | C29: kom | D29: 1
B30: -stubišni automat | C30: kom | D30: 2
B31: -luksomat | C31: kom | D31: 1
B32: -sklopka 1-0-2 16A 1P | C32: kom | D32: 1
B33: - ostali montažni materijal za potrebe razvoda i zaštite (vodovi, odgovarajuće stezaljke i sl.) | C33: kom | D33: 1
B34: Komplet razdjelnica RZ sa svim potrebnim radom i materijalom. | C34: kom | D34: 1 | F34: =D34*E34 -> 0
A36: 2. | B36: Isporučiti, montirati u zid i spojiti razdjelnicu RS1. Razdjelnicu čini univerzalni kućni ugradni razdjelnik "Schrack" sa vratima ili sličan. Razdjelnica mora sadržavati osim specificirane opreme, N i PE sabirnice, te sitni spojni i montažni materijal. Razdjelnica je sa slijedećom opremom:
B37: Limitator OSO 1x25, 2x20A - isporučuje HEP | C37: kom | D37: 1 | E37: ISPORUČUJE HEP
B38: -FID (RCD) strujna zaštitna sklopka 40 A / 30 mA / 4P | C38: kom | D38: 1
B39: -FID (RCD) strujna zaštitna sklopka 25 A / 30 mA / 4P | C39: kom | D39: 1
B40: -kombinirana zaštitna sklopka B 20 A / 30 mA | C40: kom | D40: 1
B41: -automatski prekidači B 25/1 | C41: kom | D41: 1
B42: -automatski prekidači B 20/1 | C42: kom | D42: 1
B43: -automatski prekidači B 16/1 | C43: kom | D43: 13
B44: -automatski prekidači B 16/3 | C44: kom | D44: 1
B45: -automatski prekidači B 10/1 | C45: kom | D45: 4
B46: -automatski prekidači C 25/1 | C46: kom | D46: 1
B47: -automatski prekidači C 32/3 | C47: kom | D47: 1
B48: -odvodnik prenapona 20kV, 255V | C48: kom | D48: 1
B49: - ostali montažni materijal za potrebe razvoda i zaštite (vodovi, odgovarajuće stezaljke i sl.) | C49: kom | D49: 1
B50: Komplet razdjelnica RS1 sa svim potrebnim radom i materijalom. | C50: kom | D50: 1 | F50: =D50*E50 -> 0
A52: 3. | B52: Isporučiti, montirati u zid i spojiti razdjelnicu RS2. Razdjelnicu čini univerzalni kućni ugradni razdjelnik "Schrack" sa vratima ili sličan. Razdjelnica mora sadržavati osim specificirane opreme, N i PE sabirnice, te sitni spojni i montažni materijal. Razdjelnica je sa slijedećom opremom:
B53: Limitator OSO 1x25, 2x20A - isporučuje HEP | C53: kom | D53: 1 | E53: ISPORUČUJE HEP
B54: -FID (RCD) strujna zaštitna sklopka 40 A / 30 mA / 4P | C54: kom | D54: 1
B55: -FID (RCD) strujna zaštitna sklopka 25 A / 30 mA / 4P | C55: kom | D55: 1
B56: -kombinirana zaštitna sklopka B 20 A / 30 mA | C56: kom | D56: 1
B57: -automatski prekidači B 25/1 | C57: kom | D57: 2
B58: -automatski prekidači B 20/1 | C58: kom | D58: 1
B59: -automatski prekidači B 16/1 | C59: kom | D59: 12
B60: -automatski prekidači B 16/3 | C60: kom | D60: 1
B61: -automatski prekidači B 10/1 | C61: kom | D61: 3
B62: -automatski prekidači C 25/1 | C62: kom | D62: 1
B63: -automatski prekidači C 32/3 | C63: kom | D63: 1
B64: -odvodnik prenapona 20kV, 255V | C64: kom | D64: 1
B65: - ostali montažni materijal za potrebe razvoda i zaštite (vodovi, odgovarajuće stezaljke i sl.) | C65: kom | D65: 1
B66: Komplet razdjelnica RS2 sa svim potrebnim radom i materijalom. | C66: kom | D66: 1 | F66: =D66*E66 -> 0
A68: 4. | B68: Isporučiti, montirati u zid i spojiti razdjelnicu RS3. Razdjelnicu čini univerzalni kućni ugradni razdjelnik "Schrack" sa vratima ili sličan. Razdjelnica mora sadržavati osim specificirane opreme, N i PE sabirnice, te sitni spojni i montažni materijal. Razdjelnica je sa slijedećom opremom:
B69: Limitator OSO 1x25, 2x20A - isporučuje HEP | C69: kom | D69: 1 | E69: ISPORUČUJE HEP
B70: -FID (RCD) strujna zaštitna sklopka 40 A / 30 mA / 4P | C70: kom | D70: 1
B71: -FID (RCD) strujna zaštitna sklopka 25 A / 30 mA / 4P | C71: kom | D71: 1
B72: -kombinirana zaštitna sklopka B 20 A / 30 mA | C72: kom | D72: 1
B73: -automatski prekidači B 25/1 | C73: kom | D73: 2
B74: -automatski prekidači B 20/1 | C74: kom | D74: 2
B75: -automatski prekidači B 16/1 | C75: kom | D75: 19
B76: -automatski prekidači B 16/3 | C76: kom | D76: 1
B77: -automatski prekidači B 10/1 | C77: kom | D77: 6
B78: -automatski prekidači C 32/3 | C78: kom | D78: 1
B79: -odvodnik prenapona 20kV, 255V | C79: kom | D79: 1
B80: - ostali montažni materijal za potrebe razvoda i zaštite (vodovi, odgovarajuće stezaljke i sl.) | C80: kom | D80: 1
B81: Komplet razdjelnica RS3 sa svim potrebnim radom i materijalom. | C81: kom | D81: 1 | F81: =D81*E81 -> 0
A83: 5. | B83: Isporučiti, montirati u zid i spojiti razdjelnicu RS4. Razdjelnicu čini univerzalni kućni ugradni razdjelnik "Schrack" sa vratima ili sličan. Razdjelnica mora sadržavati osim specificirane opreme, N i PE sabirnice, te sitni spojni i montažni materijal. Razdjelnica je sa slijedećom opremom:
B84: Limitator OSO 1x25, 2x20A - isporučuje HEP | C84: kom | D84: 1 | E84: ISPORUČUJE HEP
B85: -FID (RCD) strujna zaštitna sklopka 40 A / 30 mA / 4P | C85: kom | D85: 1
B86: -FID (RCD) strujna zaštitna sklopka 25 A / 30 mA / 4P | C86: kom | D86: 1
B87: -kombinirana zaštitna sklopka B 20 A / 30 mA | C87: kom | D87: 1
B88: -automatski prekidači B 25/1 | C88: kom | D88: 2
B89: -automatski prekidači B 20/1 | C89: kom | D89: 3
B90: -automatski prekidači B 16/1 | C90: kom | D90: 16
B91: -automatski prekidači B 16/3 | C91: kom | D91: 1
B92: -automatski prekidači B 10/1 | C92: kom | D92: 5
B93: -automatski prekidači C 32/3 | C93: kom | D93: 1
B94: -odvodnik prenapona 20kV, 255V | C94: kom | D94: 1
B95: - ostali montažni materijal za potrebe razvoda i zaštite (vodovi, odgovarajuće stezaljke i sl.) | C95: kom | D95: 1
B96: Komplet razdjelnica RS4 sa svim potrebnim radom i materijalom. | C96: kom | D96: 1 | F96: =D96*E96 -> 0
B98: Ukupno razvodni ormari | F98: =SUM(F34+F50+F66+F81+F96) -> 0
A100: 3. | B100: GLAVNI RAZVOD I NAPOJNI VODOVI
B101: Dobava i polaganje u zid/strop/pod od betona, bloka ili pune opeke p/ž . Komplet sa svim razvodnim i prolaznim kutijama :
B102: Vod od KPO do EMO
B103: - NYY 4x25+PF 25 mm2 | C103: m | D103: 10 | F103: =D103*E103 -> 0
B104: Vod od EMO do RZ
B105: -NYY 5x10 mm2 | C105: m | D105: 5 | F105: =D105*E105 -> 0
B106: Vod od EMO do RS1
B107: -NYY 5x10 mm2 | C107: m | D107: 10 | F107: =D107*E107 -> 0
B108: Vod od EMO do RS2
B109: -NYY 5x10 mm2 | C109: m | D109: 10 | F109: =D109*E109 -> 0
B110: Vod od EMO do RS3
B111: -NYY 5x10 mm2 | C111: m | D111: 20 | F111: =D111*E111 -> 0
B112: Vod od EMO do RS4
...

Sheet E.STROJARSKI RADOVI
D2: Cijena: | E2: PDV (25%) | F2: Ukupno s PDV-om:
A3: 1. | B3: =B24 -> INSTALACIJA SUSAVA ZA GRIJANJE I PRIPREMU PTV-A, DIZALICA TOPLINE ZRAK/VODA | D3: =F212 -> 0 | E3: =D3*25% -> 0 | F3: =E3+D3 -> 0
A4: 2. | B4: =B214 -> INSTALACIJA SUSTAVA KLIMATIZACIJE, MULTI SPLIT DIZALICA TOPLINE ZRAK/ZRAK | D4: =F395 -> 0 | E4: =D4*25% -> 0 | F4: =E4+D4 -> 0
A5: 4. | B5: =B397 -> INSTALACIJA TOPLOVODNOG POVRŠINSKOG GRIJANJA | D5: =F461 -> 0 | E5: =D5*25% -> 0 | F5: =E5+D5 -> 0
A6: 5. | B6: =B463 -> VENTILACIJA | D6: =F493 -> 0 | E6: =D6*25% -> 0 | F6: =E6+D6 -> 0
B7: SVEUKUPNO: | D7: =SUM(D3:D6) -> 0 | E7: =SUM(E3:E6) -> 0 | F7: =SUM(F3:F6) -> 0
B9: OPĆI I TEHNIČKI UVJETI
A11: * | B11: Jedinične cijene pojedinih stavaka zaračunate su sa cjelokupnom vrijednosti materijala uključujući montažu, transport, prijenos, skele, izradu i zatvaranje zidnih i podnih usjeka, prodora, zaštitnu ogradu pri izradi iskopa i sl..
A12: * | B12: Izvođač je dužan održavati gradilište čistim uz svakodnevno čišćenje od ostataka materijala i smeća.
A13: * | B13: Prije davanja ponude obavezno pročitati tehnički opis i pregledati grafički dio projekta.
A14: * | B14: Za sve eventualne primjedbe u pogledu izvođenja i troškovnika, obratiti se projektantu prije davanja ponude.
A15: * | B15: Ponuđač radova mora ponuditi sve stavke iz ovog troškovnika. Ukoliko neke od stavki ne ponudi ili predlaže alternativu, to u svojoj ponudi mora posebno naglasiti.
A16: * | B16: Za svu ugrađenu opremu i materijal podrazumijeva se pribavljenje svih potrebnih atesta, certifikata te ostalih dokaznica kvalitete i sveg ostalog potrebnog za validaciju.
A17: * | B17: Za sve parametre koju su točno navedenih vrijednosti mogu se nuditi odstupanja +/- 5% od navedenih vrijednosti
A18: * | B18: U ponudi nisu uračunati troškovi putnog troška izvođača radova, smještaj i slično
A20: St. | B20: O P I S S T A V K E | C20: Jed. | D20: Kol. | E20: CIJENA | F20: IZNOS
C21: mj. | E21: (kn) | F21: (kn)
B22: STROJARSKE INSTALACIJE
A24: 1. | B24: INSTALACIJA SUSAVA ZA GRIJANJE I PRIPREMU PTV-A, DIZALICA TOPLINE ZRAK/VODA
A26: 1.1. | B26: Dobava i ugradnja dizalice topline zrak/voda
B27: Dizalica topline za grijanje prostora i potrošne tople vode. Uređaj je optimiziran za niskoenergetske objekte sa širokim rasponom modulacije inverterskog kompresora. Sastoji se od unutarnje i vanjske jedinice. U cijenu uračunata dobava vanjske jedinice na ravni krov.
B28: Unutarnja jedinica predstavlja hydrobox smješten u kućište elegantnog i glatkog design-a kao i spremnik PTV-a u kojemu je uključena višebrzinska pumpa s PMW regulacijom, izmjenjivač topline voda-rashladni medij, dodatni elektrogrijač , siguronosni ventil, odzračni lončić, el.ormarić, ekspanzijska posuda 10 l, manometar, montiran magnetno-ciklonski filter i upravljač. Nova unutarnja jedinica opremljena je s opcijom DAIKIN EYE koja prikazuje status uređaja. Minimalna količina vode u instalaciji je 0L zbog nove logike defrosta. Smanjeni promjeri cjevovoda i integrirane ručke omogućuju jednostavniju i bržu ugradnju.
B29: Vanjska jedinica namjenjena je za vanjsku montažu - s ugrađenim hermetičkim scroll inverterskim kompresorom, zrakom hlađenim izmjenjivačem i svim potrebnim elementima za zaštitu, kontrolu i regulaciju uređaja (Inverter Control) i funkcionalni rad. Upload postavki je moguć s USB-a ili SD kartice. Temperatura POLAZA vode je do 65°C, te kondenzator vanjske jedinice ima predinstaliranu zaštitu u svrhu duljeg trajanja uređaja.
B30: Rashladni medij je R32. Jedinica ima ugrađen dodatni elektro ekspanzijski ventil optimiziran za ubacivanje tekuće faze, HOT GAS cijev za održavanje pozitivne temperature prije i za vrijeme defrosta, SUB COOL pass - dodatno brtvljenje dna izmjenjivača koje sprječava hlađenje protokom zraka.
B31: Sustav uključuje isporuku svih senzora, izolacijsku posudu za prikupljanje kondenzata i cijevnu izolaciju (proizvod Daikin tip: EKHBDP) te senzor spremnika potrošne tople vode i troputog motornog i prestrujnog ventila.
B32: Proizvod sljedećih teh. karakteristika:
B33: Površinsko grijanje
B34: Gr: To=7°C, Tpol=35°C, ΔT=5°C
B35: Qg(nom/max) = 6/7,74 kW
B36: N = 1,24 kW / 230 V - 50 Hz
B37: COP=4,85
B38: Gr: To=2°C, Tpol=35°C, ΔT=5°C
... B69: U sklopu isporuke jedinice dolazi i komunikacijski modul za online upravljanje.
B70: Proizvod Daikin Altherma 3 R ERGA06EV + EHVH08S23E6V ili jednakovrijedno | C70: kom | D70: 2 | F70: =E70*D70 -> 0
A72: 1.2. | B72: Dobava i ugradnja dizalice topline zrak/voda
B73: Dizalica topline za grijanje i grijanje potrošne tople vode. Uređaj je optimiziran za niskoenergetske objekte sa širokim rasponom modulacije inverterskog kompresora. Sastoji se od unutarnje i vanjske jedinice. U cijenu uračunata dobava vanjske jedinice na ravni krov.
B74: Unutarnja jedinica predstavlja hydrobox u kojemu je uključena višebrzinska pumpa, izmjenjivač topline voda-rashladni medij, dodatni elektrogrijač, sigurnosni ventil, odzračni lončić, el.ormarić, ekspanzijska posuda 10 l, manometar, hvatač nečistoće i upravljač.
B75: Vanjska jedinica namjenjena je za vanjsku montažu - s ugrađenim hermetičkim scroll inverterskim kompresorom, zrakom hlađenim izmjenjivačem i svim potrebnim elementima za zaštitu, kontrolu i regulaciju uređaja (Inverter Control) i funkcionalni rad. Rashladni medij je R32.
B76: Jedinica ima ugrađen dodatni elektro ekspanzijski ventil optimiziran za injektiranje tekuće faze, HOT GAS cijev za održavanje pozitivne temperature prije i za vrijeme defrosta, SUB COOL pass - dodatno brtvljenje dna izmjenjivača koje sprječava hlađenje protokom zraka."
B77: Sustav uključuje isporuku svih senzora, izolacijsku posudu za prikupljanje kondenzata unutarnje jedinice i cijevnu izolaciju, osim senzora spremnika potrošne tople vode i troputog motornog ventila.
B78: Proizvod sljedećih teh. karakteristika:
B79: Površinsko grijanje
B80: Gr: To=7°C, Tpol=35°C, ΔT=5°C
B81: Qg(nom) = 12,00 kW
B82: N = 2,46 kW / 230 V - 50 Hz
B83: COP = 4,87
B84: SCOP = 4,60 (Tpol=35°C)
... B106: Korisničko sučelje na hrvatskom i engleskom jeziku.
B107: Proizvod Daikin Altherma 3 R ERLA14DV3 + EBBH16D6V ili jednakovrijedno | C107: kom | D107: 2 | F107: =E107*D107 -> 0
A109: 1.3. | B109: Dobava i ugradnja spremnika PTV-a namijenjen za rad u kombinaciji s dizalicom topline
B110: Spremnik potrošne tople vode od nehrđajučeg čelika DIN 1.4521 za montažu na pod.
B111: U spremnik je ugrađen vodeni predgrijač za spoj na dizalicu topline koji vodu zagrijava na 65 °C.
B112: Elektrogrijač je smješten u gornjem dijelu zagrijava vodu do željene temperature (max: 75°C, 10 bar)
B113: U isporuci se nalazi 3-putni ventil s el.pogonom i senzor spremnika potrošne tople vode. Tip: termistor R5T (12 m)
B114: Priključak:1~, 50Hz, 230 V
B115: Površina izmjenjivača: 1,800 m2
B116: El.grijač snage = 3 kW (230 V)
B117: Volumen: 292 l
B118: Max. temp. vode: 75°C
B119: Dimenzije:d = 600 mm, h = 1763 mm
B120: Gubitak topline: 1,6 kWh/24h
B121: Cjevni priključci:
... B123: Polaz i povrat prema DT i recirkulacija: 3/4"VN
B124: Proizvod Daikin EKHWS300D3V3 ili jednakovrijedno | C124: kom | D124: 2 | F124: =E124*D124 -> 0
A126: 1.4. | B126: Dobava i ugradnja predizoliranih bakrenih cijevi u kolutu za freonsku instalaciju, plinske i tekuće faze namijenjene za R-32 ili jednakovrijedan rashladni medij. U kompletu sa spojnim i pričvrsnim materijalom, te ovjesnim priborom. Cijevi moraju biti odmašćene, očišćene i osušene prije ugradnje.
B127: Ø 6,35 mm | C127: m | D127: 55 | F127: =E127*D127 -> 0
B128: Ø 9,52 mm | C128: m | D128: 38 | F128: =E128*D128 -> 0
B129: Ø 15,90 mm | C129: m | D129: 85 | F129: =E129*D129 -> 0
A131: 1.5. | B131: Dobava i ugradnja bakrenih cijevi za kotlovski razvod. Kvaliteta cijevi u skladu s propisanom normom EN 1057 ili jednakovrijednom. U cijenu uključeni MS prijelazi, koljena, t komadi i ostali fazonski elementi, te obujmice, nosači za cijevi, žica i pasta za lem. Obračun po m cijevi.
B132: Cu Ø22 x 1,0 mm | C132: m | D132: 30 | F132: =E132*D132 -> 0
B133: Cu Ø28 x 1,0 mm | C133: m | D133: 35 | F133: =E133*D133 -> 0
A135: 1.6. | B135: Dobava i ugradnja toplinske izolacije cijevi radnog medija s parnom branom. Izolacija mora biti negoriva. U kompletu sa ljepilom, ljepljivom trakom i ostalim potrebnim materijalom. Debljina izolacije je 13 mm. Izolacija za koljena i fazonske komade se izrađuje prilikom montaže.
B136: 13 x Ø 22 mm | C136: m | D136: 30 | F136: =E136*D136 -> 0
B137: 13 x Ø 28 mm | C137: m | D137: 20 | F137: =E137*D137 -> 0
A139: 1.7. | B139: Dobava materijala i izrada zaštite freonske instalacije vođene izvan građevine. Na cijevi postaviti termičku izolaciju, te napraviti zaštitnu oblogu od aluminijskog lima. Obračun po metru. | C139: m | D139: 18 | F139: =E139*D139 -> 0
A141: 1.8. | B141: Dobava i ugradnja polimernih cijevi. Cijevi izrađene od peroksidom umreženog polietilena (PE-X) ili jednakovrijednog polimera, sukladno EN ISO 15875 ili jednakovrijedno. Cijevi namijenjene za hidraulički sustav grijanja radnog pritiska do 6 bar-a. U cijenu uračunati prijelazne komade, spojnice i sl. Obračun po m cijevi.
B142: PE-x 32 x 3,0 mm - predizolirane | C142: m | D142: 70 | F142: =E142*D142 -> 0
A144: 1.9. | B144: Dobava i ugradnja membranske ekspanzijske posude za zatvorene instalacije grijanja. U cijenu uključen ventil s kapicom za kontrolu, održavanje i zamjenu. Obračun po komadu.
B145: Ekspanzijska posuda za sustave grijanja, volumena 12 l, proizvod Elbi ili jednakovrijedno | C145: kom | D145: 2 | F145: =E145*D145 -> 0
B146: Držač ekspanzijske posude (5-50 l) | C146: kom | D146: 2 | F146: =E146*D146 -> 0
A148: 1.10. | B148: Dobava i ugradnja membranske tlačne ekspanzijske posude za instalaciju pitke vode. U cijenu uključen ventil s kapicom za kontrolu, održavanje i zamjenu, te zidni držač Obračun po komadu.
B149: Ekspanzijska posuda za PTV, volumena 18 l, proizvod Elbi ili jednakovrijedno | C149: kom | D149: 4 | F149: =E149*D149 -> 0
B150: Držač ekspanzijske posude (5-50 l) | C150: kom | D150: 4 | F150: =E150*D150 -> 0
A152: 1.11. | B152: Dobava i ugradnja sigurnosnih ventila za zaštitu zatvorenih sustava centralnog grijanja od previsokog tlaka. Obračun po komadu.
B153: Sigurnosni ventil DN20, 3 bar-a, proizvod Herz ili jednakovrijedno | C153: kom | D153: 4 | F153: =E153*D153 -> 0
A155: 1.12. | B155: Dobava i ugradnja sigurnosne grupe za spremnik PTV-a, prema DIN 1988. Grupa se sastoji se od membranskog sigurnosnog ventila 8 bar-a, zaporni ventil, prestrujna zaklopka i kontrolni nastavak, te nastavak za priključak manometra, manometra i hvatača nečistoća. Obračun po ugrađenom kompletu. | C155: kpl | D155: 4 | F155: =E155*D155 -> 0
B156: Napomena: Prilikom montaže spremnika PTV-a i sigurnosne grupe PTV-a očitati tlak na priključku hladne vode te obavijestiti strojarskog nadzora i Investitora kako bi se u slučaju potrebe ugradili regulatori tlaka.
A158: 1.13. | B158: Dobava i ugradnja automatskog termostatskog miješajućeg ventila namijenjen za miješanje tople potrošne vode na ugodnu i željenu temperaturu na izljevnim mjestima, područje regulacije od 35-60 °C. Obračun po ugrađenom komadu.
B159: Proizvod ESBE VTA322 DN20 ili jednakovrijedno | C159: kom | D159: 4 | F159: =E159*D159 -> 0
A161: 1.14. | B161: Dobava i ugradnja prestrujnog ventila za sustave grijanja, nazivne veličine DN20. Ventil bez impulsnih vodova, otvara se povećanjem diferencijalnog tlaka u sustavu. Područje podešavanja 0,05 - 0,5 bara. Prestrujni ventil ugraditi u razdjelnik podnog grijanja prije zapornih ventila (za potrebe stambene jedinice 1 i 2). Obračun po ugrađenom komadu. | C161: kom | D161: 2 | F161: =E161*D161 -> 0
A163: 1.15. | B163: Dobava i ugradnja međuspremnika ogrjevne vode s toplinskom izolacijom, spremnik namijenjen za montažu na zid. Obračun po ugrađenom komadu.
B164: Proizvod Solarcell tip SPCF, volumena 50 l ili jednakovrijedno | C164: kom | D164: 2 | F164: =E164*D164 -> 0
A166: 1.16. | B166: Dobava i ugradnja visoko učinkovitog separatora mikro mjehurića s helikoidnom zavojnicom za sustave grijanja sa zaštitom od curenja i kapanja. Tijelo separatora izrađeno iz mesinga. Radno područje temperatura od 0 °C do + 110°C, tlaka od 0 do 10 bar. Obračun po komadu. | F166: =E166*D166 -> 0
B167: Proizvod Caleffi tip Discal 551 - odzračivač, DN20 ili jednakovrijedno | C167: kom | D167: 2 | F167: =E167*D167 -> 0
B168: Proizvod Caleffi tip Discal 551 - odzračivač, DN25 ili jednakovrijedno | C168: kom | D168: 2 | F168: =E168*D168 -> 0
A170: 1.17. | B170: Dobava i ugradnja automatskih odzračnih lončića s nepovratnim ventilom DN15, ugradnja u razdjelnik podnog grijanja. Obračun po ugrađenom komadu. | C170: kom | D170: 8 | F170: =E170*D170 -> 0
A172: 1.18. | B172: Dobava i ugradnja hvatača nečistoća s magnetom, tijelo izrađeno iz mesinga, sastoji se od ispusne slavine s priključkom za crijevom i termoizolacije tijela kučišta. Mogućnost odstranjivanja čestica do 5 μm. Radno područje temperatura od 0 °C do + 110°C, tlaka od 0 do 10 bar. Obračun po komadu.
B173: Proizvod Caleffi tip Dirtmag, DN25 ili jednakovrijedno | C173: kom | D173: 2 | F173: =E173*D173 -> 0
A175: 1.19. | B175: Dobava i ugradnja grupe za neposrednu distribuciju za sustave grijanja, međuosni razmak 125 mm. Grupa dolazi s tipskom izolacijom, radni tlak 0-10 bar, radna temperatura 5-100°C, napajanje 230 V - 50/60 Hz. Obračun po komadu.
B176: Grupa se sastoji od: - tipske termoizolacije - polaza/povrata s prestrujavanjem - cirkulacijska crpka Wilo para 25/9 - zapornih ventila - termomanometra (x2)
...
