Workbook

Sheet Opći uvjeti i napomene
B2: INVESTITOR: MINISTARSTVO UNUTARNJIH POSLOVA RH
B3: LOKACIJA: JASTREBARSKO, ZRINSKI-FRANKOPANSKA ULICA BB
B4: GRAĐEVINA: ZGRADE BR. 11, 12, 13, 14, 15, 20, 21, 61, 62 I VANJSKI PROSTOR
B5: RADOVI: UREĐENJE GRAĐEVINA, VANJ. PROSTORA I INFRASTRUKTURE
B6: PROJEKTANT: APG-INŽENJERING d.o.o. DUGO SELO
B33: TROŠKOVNIK GRAĐEVINSKO-OBRTNIČKIH I INSTALATERSKIH RADOVA
B62: ožujak 2026. godine
A64: stavka | B64: opis stavke | C64: jedin. mjere | D64: količina | E64: edinična cijena (euro) | F64: ukupno (euro)
B66: OPĆI UVJETI I NAPOMENE
B68: JEDINIČNA CIJENA
B69: U jediničnim cijenama za sve stavke troškovnika, ponuda mora sadržavati ukupne troškove materijala i rada do potpunog dovršenja cjelokupnog posla odnosno do pune funkcionalnosti. Jedinična cijena, također, uključuje sva potrebna ispitivanja, kontrole i mjerenja za sve izvedene radove, ugrađene materijale i opremu. Sve predmetno je obuhvaćeno jediničnom cijenom i ne navodi se kao zasebna stavka. Trošak pribavljanja sve atestne dokumentacije uključiti u cijenu nuđenih stavki, jer se posebni troškovi neće priznati. Izvođač treba kvalitetu ugrađenih materijala i stručnosti radnika dokazati odgovarajućim atestima i uvjerenjima izdanim od strane za to ovlaštene organizacije i to uračunati u cijenu pojedinih stavaka. Kod cijene nuđenja voditi računa da je za vrijeme građenja raskriveni dio građevine zaštićen od oborina.
B70: Izvođač je dužan kod nuđenja voditi računa da otpad mora razvrstati i takav razvrstan deponirati na specijaliziranim odlagalištima, pa kod izrade ponude ponuditelj treba voditi računa o udaljenostima za najbliže specijalizirane deponije kao i troškove taksi na njima (deponija metal-staklo-građevinska plastika-stiropor i drugo), uključiti u pojedinoj stavci. Sve navedene radnje uključiti s cijenom u pojedinim stavkama, jer se posebna plaćanja neće priznati. U svim stavkama uključiti i sav potreban horizontalni i vertikalni transport do mjesta ugradnje. Za sve stavke građevinsko-obrtničkih i instalaterskih radova potrebno je uključiti sva gruba i fina čišćenja prilikom i nakon izvođenja radova, jer se dodatni troškovi neće dodatno naplaćivati.
B72: OBILAZAK PREDMETNE LOKACIJE
B73: Ponuditelj može obići i detaljno pregledati lokaciju (građevinsku česticu, građevinu/e, zonu obuhvata). Neovisno o tome je li ponudtitelj obišao lokaciju, naručitelj će smatrati da je ponuditelj obišao i detaljno pregledao lokaciju (građevinsku česticu, građevinu/e, zonu obuhvata), te je dobro upoznat sa svim uvjetima, faktorima i resursima u odnosu i u vezi s lokacijom ili onim koji mogu utjecati na izvršenje radova, te da je na temelju navedenog podnio svoju ponudu. Stoga odabrani ponuditelj nema pravo zahtjevati povećanje cijene ili drugu naknadu, pozivajući se da u vrijeme davanja ponude nije bio upoznat s okolnostima vezanim uz lokaciju (građevnu česticu, građevinu/e, zonu obuhvata). U slučaju kakvih nejasnoća illi ocijene ponuditelja da je neko od rješenja neprihvatljivo, postaviti upit naručitelju radi razrješenja detalja. U protivnom od izvođača će se zahtjevati izvođenje detalja kao što je projektant predložio.
B74: Za pojedine elemente dani su normativi važeći na dan pisanja ovog troškovnika. U slučaju da isti u razdoblju do početka realizacije ovih radova ili u njihovom tijeku budu izmijenjeni, primjenjuju se normativi važeći u vrijeme izvođenja radova. Sav ugrađeni materijal treba odgovarati uvjetima iz opisa troškovnika i nacrta, te odgovarajućim normama ili tehničkim uvjetima za izvođenje istih radova, a ukoliko se to posebno traži opisom i drugim propisima. Ugrađeni materijali se mogu razlikovati od predviđenih tehničkih uvjeta ili normi ukoliko zadovoljavaju tehničke uvjete i norma koje su jednakovrijedne ili slične navedenima. Prije početka izvođenja pojedine vrste radova izvođač mora dokumentacijom dokazati da je ovlašten za izvođenje tih radova odnosno ugradnju materijala odabranog proizvođača.
B75: Prije početka radova potrebno je izvesti pripremne radove sve u skladu sa zakonskom regulativom s područja zaštite na radu i područja kompletne građevinske regulative, a naročito radove niže navedene. Trošak ovih radova potrebno ukalkulirati u cijenu građenja jer se isti neće posebno obračunavati. - Dobava i montaža privremene ograde u svrhu zaštite prostora samoga gradilišta vizualno i sigurnosno od prostora ostatka parcele, koja mora udovoljavati svim uvjetima važećeg zakona o zaštiti na radu - Izrada plana organizacije gradilišta.
B76: Izvođač je sukladno važećem Zakonu o zaštiti na radu dužan poduzimati sve propisane mjere i radnje tijekom izvođenja radova proizašle iz tog zakona i cijelokupne pozitivne regulative s područja zaštite na radu, a naročito sljedeće: 1. Osigurati kontenjere na gradilištu za: a/ kontenjer - garderobni za radnike b/ kontenjer - za odmor radnika c/ kontenjeri - za sanitarne potrebe radnika sa suhim WC-ima d/ kontenjer - za tehničku službu gradilišta e/ kontenjer - za nadzornu službu Kontenjeri moraju biti izrađeni i postavljeni u skladu s regulativom s područja zaštite na radu. 2. Postaviti sve potrebne znakove. 3. Postaviti sve zaštitne ograde u svrhu zaštite prostora gradilišta (vizualna i sigurnosna zaštita). 4. Adekvatno razupirati, osigurati i zaštititi sve iskope. 5. Osigurati i zaštititi sve okolne građevine kao cijeline i pojedine njihove dijelove. 6. Plan organizacije gradilišta. Sve navedeno uključiti u pojedine stavke jer se isto neće posebno naplaćivati.
B77: Za potrebe izvođenja radova izvođač je dužan osigurati privremene priključke na infrastrukturu po na osob niskonaponsku električnu mrežu i vodovodnu mrežu, te isto mora biti uključeno u jediničnu cijenu. Odabir za sve materijale gdje će to biti potrebno odabir dezena boja i slično vršit će projektan uz suglasnost korisnika i odobrenje investitora. Prije nabave i ugradnje svih materijala, proizvoda i opreme, karakteristike istih moraju biti pregledane i odobrene od strane stručnog nadzora (kako bi se utvrdilo da iste odgovaraju traženim karakteristikama u predmetnoj stavci troškovnika).
B79: POPIS PRIMJENJENIH ZAKONA, PRAVILNIKA I TEHNIČKIH PROPISA
B80: 1. Zakon o gradnji (NN 153/13, 20/17, 39/19, 125/19, 145/24) 2. Zakon o prostornom uređenju (NN 153/13, 65/17, 114/18, 39/19, 98/19, 67/23) 3. Zakon o komori arhitekata i komorama inženjera u graditeljstvu i prostornom uređenju (NN 78/15, 114/18, 110/19) 4. Zakon o poslovima i djelatnostima prostornog uređenja i gradnje (NN RH 78/15, 118/18, 110/19) 5. Zakon o građevnim proizvodima (NN 76/13, 30/14, 130/17, 39/19, 118/20) 6. Zakon o normizaciji (NN 80/13) 7. Zakon o tehničkim zahtjevima za proizvode i ocjenjivanju sukladnosti (NN 80/13, 14/14, 32/19) 8. Zakon o zaštiti okoliša (NN 80/13, 153/13, 78/15, 12/18, 118/18) 9. Zakon o zaštiti od požara (NN 92/10) 10. Zakon o energetskoj učinkovitosti (NN 127/14, 116/18, 25/20) 11. Zakon o zaštiti od buke (NN 30/09, 55/13, 153/13, 41/16, 114/18) 12. Zakon o zaštiti na radu (NN 71/14, 118/14, 154/14, 94/18, 96/18) 13. Zakon o zaštiti na radu na privremenim gradilištima (NN 48/18)
... B475: NAČELA DNSH KOJA SE OBAVEZNO MORAJU POŠTIVATI:
A476: 1. | B476: Tijekom gradnje građevine potrebno je posebnu pažnju posvetiti rješenjima za gospodarenje građevnim otpadom. Tijekom građenja građevine izvođač je dužan gospodariti građevnim otpadom nastalim tijekom građenja i/ili pri uklanjanju građevine ili njezinog dijela na gradilištu, te oporabiti i/ili zbrinuti građevni otpad nastao tijekom građenja na gradilištu te o tome na gradilištu imati propisanu dokumentaciju sukladno propisima koji uređuju gospodarenje otpadom. Materijal nastao rušenjem izvođač je dužan privremeno deponirati u neposrednoj blizini objekta, te ga po završetku radova zbrinuti u skladu s hijerarhijom otpada i EU Protokolom o gospodarenju građevinskim otpadom i rušenjem. Izvođač je dužan najmanje 70% neopasnog građevinskog otpada i otpada od rušenja nastalog na gradilištu pripremiti za ponovnu uporabu, recikliranje i korištenje drugog materijala, uključujući operacije zatrpavanja za otpad koji zamjenjuje druge materijale. Prema karakteristikama dijelova građevine koji se uklanjaju, ocjenjuje se da će nakon uklanjanja u najvećoj mjeri nastati neopasni i/ili inertni građevinski materijal. Nakon uklanjanja građevine potrebno je sav nastali otpad od uklanjanja zbrinuti po ključnim brojevima otpada, u skladu s odredbama Zakona o gospodarenju otpadom (NN 84/21). Sav otpad, građevinski i ostali, koji ostaje na lokaciji objekta nakon rušenja potrebno je pohraniti i odložiti na prostorima predviđenim za to. Otpad je potrebno sortirati prema ključnim brojevima. Sve ukalkulirati u jedinične cijene kod nuđenja.
B477: Propisi: Zakon o održivom gospodarenju otpadom (NN 94/13, 73/17, 14/19, 98/19), Pravilnik o gospodarenju otpadom (NN 106/22), Pravilnik o građevinskom otpadu i otpadu koji sadrži azbest (NN 69/16)
A478: 2. | B478: Za ugrađene materijale potrebna je dostava CO2 otiska.
A479: 3. | B479: Kod izvođenja radova gdje god je to moguće koristiti se sivom vodom za koju je potrebno kod organizacije gradilišta predvidjeti spremnike. Sve ukalkulirano u režijske troškove gradilišta.

Sheet Zgrada 11
A1: stavka | B1: opis stavke | C1: jedin. mjere | D1: količina | E1: jedinična cijena (euro) | F1: ukupno (euro)
A3: I. | B3: ZGRADA 11
A5: A. | B5: GRAĐEVINSKO-OBRNIČKI RADOVI
A7: 1. | B7: SKELA
A8: 1.1. | B8: Dobava, postava, skidanje i otprema cijevne fasadne skele, od bešavnih cijevi. Skelu izvesti prema važećim HTZ propisima. Skelu je potrebno osigurati od prevrtanja, sidrennjem u građevinu, a od udara munje uzemljenjem. Potrebno je izvesti pomične željezne ili drvene ljestve – penjalice u svrhu osiguranja vertikalne komunikacije po skeli. Prije izvedbe skele izvođač je dužan izraditi projekt skele, što je u cijeni stavke. Obračun se vrši po m² vertikalne projekcije površine skele. Stavka uključuje rad i materijal osnovni i pomoćni, sve do potpune funkcionalnosti. | C8: m2 | D8: 698 | E8: 11.55 | F8: =D8*$E8 -> 8061.9
B9: 1. Skela ukupno: | F9: =SUM(F8) -> 8061.9
A15: 8. | B15: ZIDARSKI RADOVI
A16: 8.9. | B16: Izrada i ugradnja grube žbuke pročelja zgrade od opeke. Prije žbukanja podlogu špricati rijetkim cementnim mortom. Žbuka se produžnim mortom M-10 debljine do 4 cm. Visina žbukanja do 5,0 m. Stavka uključuje sav materijal, rad i upotrebu radne skele. | C16: m2 | D16: 479 | E16: 55 | F16: =D16*$E16 -> 26345
A17: 8.10. | B17: Izrada i ugradnja grube i fine žbuke s vanjske strane temelja i sokla prije postavljanje hidroizolacije. Prije žbukanja podlogu špricati rijetkim cementnim mortom. Žbuka se produžnim mortom M-10 debljine do 4 cm. Visina žbukanja do 5,0 m. Stavka uključuje sav materijal, rad. | C17: m2 | D17: 194 | E17: 55 | F17: =D17*$E17 -> 10670
B18: 8. Zidarski radovi ukupno: | F18: =SUM(F16:F17) -> 37015
A20: 9. | B20: RAZNI ZIDARSKI RADOVI
A21: 9.1. | B21: Brtvljenje fasadnih otvora (prozora, stijena i vrata) samoljepljivom trakom. Dobava i ugradnja samoljepljive gumirane trake za fiksiranje. Tehničke karakteristike koje proizvod mora zadovoljiti: - Širina min. 5cm - Otpornost na trganje: ≥150 N/50 mm - Izduženje do sloma: ≥20% Trake se lijepe na prethodno otprašenu podlogu, otprašivanje uključeno u stavci. Stavka uključuje sav rad i materijal osnovni i pomoćni. Sve izvesti prema pravilima struke i po uputi proizvođača. Obračun po m'.
A22: a) | B22: postava s vanjske strane | C22: m' | D22: 175.2 | F22: =D22*$E22 -> 0
A23: b) | B23: postava s unutarnje strane | C23: m' | D23: 175.2 | F23: =D23*$E23 -> 0
A24: 9.2. | B24: Obrada špaleta oko otvora u vanjskom zidu. Krpanje i nanos izravnavajućeg sloja produžnim mortom M-5. Stavka uključuje sav materijal i rad, te upotrebu radne skele.
A25: a) | B25: vanjska obrada špalete | C25: m' | D25: 170 | E25: 16 | F25: =D25*$E25 -> 2720
A26: b) | B26: unutarnja obrada špalete | C26: m' | D26: 170 | E26: 16 | F26: =D26*$E26 -> 2720
A27: 9.3. | B27: Zidarski popravak površina ispod prozorskih klupčica koji obuhvaća: - nabavu nedostajućih cigli - nabavu i pripremu veznog materijala - zidarsko zatvaranje i dopunjavanje rupa. Stavka uključuje sav materijal i rad, te upotrebu radne skele. | C27: m2 | D27: 13 | F27: =D27*$E27 -> 0
A28: 9.4. | B28: Nabava materijala i izrada izravnavajućeg sloja cementne glazure debljine 4-6 cm s gornje strane prozorskih klupčica, a prije postave limenog opšava i prozorskih klupčica. Pad izvesti od građevine. Stavka uključuje sav materijal i rad, te upotrebu radne skele. Obračun po m² površine. | C28: m2 | D28: 13 | F28: =D28*$E28 -> 0
A29: 9.5. | B29: Zidarska obrada nakon postave limarije. Krpanje žbuke po postavi limarskih opšava vijenaca i prozorskih klupčica s produžnim mortom. Krpanje izvesti na način da se između zida i horizontalnog dijela limarskih opšava izvodi uvučena reška širine 1-2 cm. Stavka uključuje sav materijal i rad, te upotrebu radne skele. Obračun po m² površine. | C29: m2 | D29: 256 | E29: 60 | F29: =D29*$E29 -> 15360
A30: 9.6. | B30: Dobava, horizontalna i vertikalna (uz unutarnje zidove) postava PE folije d = 0,25 mm kao zaštita od međukontakta toplinske izolacije i hidroizolacije, slojevi poda na tlu. Stavka uključuje rad i materijal osnovni i pomoćni i preklop od 20 cm. | C30: m2 | D30: 611.8 | F30: =D30*$E30 -> 0
B31: 9. Razni zdarski radovi ukupno: | F31: =SUM(F22:F30) -> 20800
A36: 13. | B36: TERMOIZOLACIJSKI RADOVI
B37: NAPOMENA: Kod svih stavaka u cijenu uključiti detaljan pregled površine na koju se hidroizolacija postavlja i njeno eventualno potrebno pranje, odmašćivanje, čišćenje od neravnina.
A38: 13.3. | B38: Dobava i ugradnja materijala za izolaciju stropa prizemlja između veznih greda na način da se između greda ispunjava kompaktnim pločama od kamene mineralne vune specifične gustoće 30 kg/m³, vrijednosti toplinske provodljivosti λ ≤ 0,037 W/mK. Potrebna debljina izolacije između rogova je 12,00 cm. Sve izvesti prema pravilima struke i prema uputama proizvođača. U stavku uključen sav rad i materijal osnovni i pomoćni, sve do potpune gotovosti. | C38: m2 | D38: 536 | F38: =D38*$E38 -> 0
A39: 13.4. | B39: Dobava i ugradnja materijala za izolaciju stropa prizemlja, na način da se ispod veznih greda postavlja višenamjenska izolacijska ploča od kamene vune kaširana s alu folijom s donje strane. Potrebna debljina izolacije ispod rogova je d = 4,0 cm. Karakteristike tražene izolacije su: - gustoća 30 kg/m³ - toplinske provodljivosti λ ≤ 0,037 W/mK prema normi HRN EN 12667 ili jednakovrijednoj - HRN EN 13162: MW-EN13162-T5-DS(TH)-WS-AF5 ili jednakovrijednoj - klasa gorivosti prema normi HRN EN 13501-1: A1 ili jednakovrijednoj Sve izvesti prema pravilima struke i prema uputama proizvođača. U stavku uključen sav rad i materijal osnovni i pomoćni, sve do potpune gotovosti. | C39: m2 | D39: 536 | F39: =D39*$E39 -> 0
A40: 13.7. | B40: Dobava i ugradnja ekstrudiranog polistirena (XPS) debljine 10 cm glatke površine i stepenastog ruba, koeficijenta toplinske provodljivosti λ≤0,035W/mK, tlačne čvrstoće 300 kPa. Ploče se postavljaju vertikalno kao toplinska izolacija nadtemeljnog zida i temelja. Izolaciju je potrebno zaljepiti za podlogu koristeći polimer-bitumensko ljepilo (1,6 kg/m²), uključeno u cijenu stavke. Sve izvesti pravilima struke i uputama proizvođača. U stavku uključen sav rad i materijal osnovni i pomoćni, sve do potpune gotovosti. | C40: m2 | D40: 159.2 | F40: =D40*$E40 -> 0
B41: 13. Termoizolaterski radovi ukupno: | F41: =SUM(F38:F40) -> 0
A45: 23. | B45: FASADERSKI RADOVI
B46: FASADA SVJETLOSNE GRANICE 20≥HBW≥8
A47: 23.1. | B47: Dobava i ugradnja potrebnih materijala za izvedbu sokla fasadnog toplinsko izolacijskog sustava (svjetlosna granica 20≥HBW≥8) sa namjenskim izolacijskim pločama XPS namijenjenih za izolaciju sokla, d= 10 cm, armirnog sloja ojačanog karbonskim vlaknima, završne silikonske žbuke ojačane karbonskim vlaknima, te završnog bojanja fasadnom bojom ojačanom karbonskim vlaknima u tamnoj nijansi (svjetlosna granica HBW≥8). Cijena stavke uključuje dobavu i postavu komponenti prema uputama proizvođača. Sve elemente fasade ponuditi u okviru atestiranog sustava proizvođača fasade. Prije izvođenja dužnost je izvođača i obračunato je u stavci pripremiti i po potrebi očistiti podlogu, provjeriti stanje i nosivost podloge, ukloniti sve nenosive dijelove, ukoniti sve masnoće i tvari koje razdvajaju. Sokl se izvodi u nastavku i ravnini sa gornjim dijelom fasade, bez vidljivog prijelaza, bez izvedbe razvajajuće šine, sa istim slojem završne žbuke ojačane karbonskim vlaknima. Završni sloj žbuke dodtano se zaštićuje na dijelu netom ispod razine tla i 5 cm iznad tla sa vodoodbojnim premazom i premazuje završnom fasadnom bojom ojačanom karbonskim vlaknima. Detalj izvesti prema projektu i prema tipskom detalju odabranog proizvođača fasadnog sustava. Redoslijed izvođenja:
B48: 1) U zoni podnožja, ljepljenje izolacijskih XPS namjenskih ploča za podnožje (do max 20 cm ispod razine tla) iz atestiranog sustava proizvođača fasade isključivo namjenjenih za izolaciju sokla, koeficijenta toplinske provodljivosti λ≤0,035, tlačne čvrstoće CS (10)150≥ 150 kPa, difuzijskog upijanja vode EN12088 WD(V)5≤5%, vodoupojnosti kod potpunog uranjanja EN12087 WL(T)3≤3%. Debljina ploče d= 10 cm. Lijepljenje se izvodi vapno/cementnim suhim mortom, s hidrauličkim vezanjem, namijenjen za lijepljenje fasadnih izolacijskih ploča i ploča za sokl, posebno na bitumenskim podlogama, isključivo iz atestiranog sustava proizvođača fasade, uz ostvarivanje kontaktne površine od min. 40%. Tehničke karakteristike koje mort mora zadovoljit: • gustoća svježeg morta prema EN 1015-10 ili jednakovrijedno: 1,70 g/cm³ • prionjivost prema EN 1015-12 ili jednakovrijedno: 0,5 N/mm²
B49: 2) Mehaničko pričvršćivanje odgovarajućim pričvrsnicama, u iz atestiranog sustava proizvođača, samo u zoni više od 30 cm iznad razine tla, a njihov broj po m² površine potrebno je dokazati statičkim proračunom (u praksi min. 6 kom/m²). Upuštene pričvrsnice zatvoriti odgovarajućim rondelama iz sustava proizvođača. Tip pričvrsnice obavezno uskaditi sa traženom nosivosti i vrstom podloge na koju se postavljaju. Obaveza je izvođača provjeriti razinu izvedene hidroizolacije kako se prilikom izvedbi pričvrsnica hidroizolacija ne bi oštetila.
B50: 3) Kompletno armiranje postavljenih izolacijskih ploča nanošenjem, mineralnog, karbonskim vlaknima ojačanog, bijelog vapnenocementnog morta za armiranje. Debljina prvog sloja je 3 mm u koji se utiskuje tekstilno-staklena, alkalno otporna mrežica, veličine otvora 4×4 mm s preklopom od minimalno 10 cm. Po izvedenom utiskivanje mrežice nanosi se drugi izravnavajući sloj armirne mase. Ukupna debljina armirnog sloja treba biti min 5 mm. Položaj mrežice u gornjoj trećini sloja. Tehničke karakteristike armirne mase: • Gustoća čvrstog morta (ÖN EN 1015-10): 1,40 g/cm³ • Klasa morta ÖN EN 998-1: CS IV • Toplinska provodljivost: λ10, suho EN 1745: 0,464W/(m.K) Tablična srednja vrijednost (P=50%) • Difuzijski otpor μ (H2O): μ=ca. 50 (EN ISO 7783) • Ponašanje u požaru: Klasa A1 • Koeficijent apsorpcije vode: ÖN EN 998-1: Klasa Wc 2 ETAG 004: ≤ 0,15 kg/m²/24h • Konzistentnost: prah • Vlačna čvrstoća: ÖN EN 1015-12: ≥ 0,5 N/mm2, EPS-F / ETAG 004: ≥0,08N/mm² ili lom izolacijskog materijala
B51: 4) Po izvedbi armirnog sloja nakon odgovarajućeg sušenja a prije izvedbe završnih slojeva izvodi se specijalni pigmentirani temeljni premaz iz sustava proizvođača fasadnog sustava. Temeljni premaz protiv IR zraka, namijen je za premazivanje mineralnih i pastoznih armirnih masa – umjesto temeljnih premaza – za smanjenje termičkog zagrijavanja na visokoizoliranim podlogama pod pastoznim strukturnim žbukama. Premaz se nanosi nerazrijeđen.
B52: 5) Nakon adekvatnog sušenja na naneseni temeljni premaz nanosi se sloj završne žbuke, vrlo difuzivne, ojačane karbonskim vlaknima, s istaknutim efektom vodenih perli i fotokatalitičkim djelovanjem, u veličini zrna d=2 mm i tamnoj nijansi (svjetlosna granica HBW≥8) prema izboru projektanta (u nijansi završne boje). • Stopa propusnosti vode w prema ÖN EN 1062-3: ≤ 0,05 [kg/(m2xh0,5)] W3 niska • Difuzijski otpor µ prema EN ISO 7783: 65 V1 visok • Toplinska provodljivost λ10,suho prema EN 1745: 1,09 W/(m.K) Tablična srednja vrijednost (P=50 %) • Reakcija na požar prema ÖN EN 13501-1: Euroklasa A2
B53: 6) Po adekvatnom sušenju, na izvedeni sloj žbuke u podnožju se izvodi zaštitni premaz 2-komponentnom masa za lijepljenje i armiranje, ojačanom karbonskim vlaknima kao zaštitni brtveni premaz u podnožju / području dodira s tlom (izvodi se ispod razine tla dokle seže završna žbuka i 5 cm iznad razine tla). Služi kao prikladna zaštita od vlage u vidu predpremaza ili izravnavajućeg sloja na armirnim masama ispod razine zemlje i 30 cm iznad. Premaz se izvodi 5 cm iznad razine tla. Nanosi se kistom ili četkom razrijeđen s maks. 5% čiste vode. Premazom obavezno temeljito zaštititi završnu površinu žbuke ispod zemlje. Prije upotrebe materijal se miješa sa cementom prema uputi iz tehničke informacije. Karekteristike premaza: • Difuzijski otpor µ (H2 O): 1350 • Difuzivno ekvivalentna debljina zračnog sloja Sd H2O: 2,7 m (DIN 52615 ili jednakovrijedno) • Koeficijent apsorpcije vode: razred III, nizak, prema DIN EN 1062-3 ili jednakovrijedno • Kapilarno upijanje vode:Kapilarno upijanje vode < 0,02 kg/m2 h 0,5 prema DIN EN 1062 ili jednakovrijedno zajamčena granična vrijednost: 0,1 kg/m2 h0,5
B54: 7) Nakon sušenja završne žbuke i izvedenog vodoodbojnog premaza, dodatni zaštitni premaz visokokvalitetnom nanohibridnom fasadnom bojom za optimalnu solarnu refleksiju kod tamnih tonova, ojačanom karbonskim vlaknima hidrofobne, velike paropropusnosti, s efektom vodenih perli, efektom samočišćenja i otporne na atmosferilije i mikroorganizme. Boju tonirati u tamnoj nijansi prema izboru projektanta (svjetlosna granica HBW≥8). • vodoupropusnost (w vrijednost): < 0,06 [kg/(m2 x h0,5 )], razred "niska vodopropusnost” prema normi DIN EN 1062 ili jednakovrijednoj • paropropusnost (sd-H20): < 0,03 m, razred "visoki stupanj difuzije vodene pare” prema normi DIN EN 1062-2 ili jednakovrijednoj
B55: U stavci je obračunata dobava i postava svog ostalog pribora iz atestiranog sustava proizvođača (kutni profili, okapni profili, i dr). Obaveza je izvođača sve navedene elemente izvesti u sustavu odabranog proizvođača fasadnog sustava. Sve radove izvesti prema tehničkim uputama proizvođača fasadnog sustava te u skladu s važećim tehničkih propisima i zakonskom regulativom poštujući smjernice za ugradnju fasadnih sustava. Stavka uključuje sav rad i materijal osnovni i pomoćni sve do potpune gotovosti. | C55: m2 | D55: 388.2 | E55: 130 | F55: =D55*$E55 -> 50466
A56: 23.2. | B56: Dobava i ugradnja potrebnih materijala za izvedbu ETICS fasadnog toplinsko izolacijskog sustava za tamne fasade (svjetlosna granica 20≥HBW≥8) s izolacijskim pločama od mineralne vune, koeficijenta toplinske provodljivosti λ≤0,035, d= 5-14 cm, armirnih slojeva ojačanim karbonskim vlaknima, završne žbuke ojačane karbonskim vlaknima te završnog bojanja nanohibridnom fasadnom bojom ojačanom karbonskim vlaknima za optimalnu refleksiju kod tamnih tonova kao u tamnoj nijansi (svjetlosna granica HBW≥8). Prije izvođenja obaveza je izvođača prema zahtjevima iz projekta u svrhu ispravno riješenih detalja te osiguranja trajnosti izvedenog fasadnog sustava definirati sve detalje izvedbe unutar odabranog ponuđača fasadnog sustava. To se naročito odnosi na sve spojeve sa bravarijom, stolarijom i limarijom, uskladiti postavu kutnih, rubnih i ostalih pribora prema zahtjevima na samoj fasadi. Obaveza je također provjeriti stanje podloge te prema potrebi podlogu adekvatno pripremiti pranjem, čišćenjem i nanošenjem odgovarajućeg temeljnog premaza. Sokl se izvodi u nastavku i ravnini sa gornjim dijelom fasade, bez vidljivog prijelaza, bez izvedbe razvajajuće šine, sa istim slojem završne silikonske žbuke ojačane karbonskim vlaknima i premazuje završnom fasadnom bojom ojačanom karbonskim vlaknima. Cijena stavke uključuje dobavu i postavu komponenti prema uputama proizvođača. Sve elemente fasade ponuditi u okviru atestiranog sustava proizvođača fasade. Redoslijed izvođenja:
B57: 1) Lijepljenje fasadnih izolacijskih ploča od mineralne vune, debljine, d = 5-14 cm. Tehničke karakteristike proizvoda: • reakcija na požar: razred A1 prema HRN EN 13501-1 ili jednakovrijednoj • deklarirana toplinska provodljivost, λd ≤ 0,035 W/mK prema HRN EN 12667 ili jednakovrijednoj • tlačna čvrstoća kod 10% deformacije CS(10): ≥ 15 kPa prema HRN EN 826 ili jednakovrijednoj • delaminacijska čvrstoća (TR) ≥ 7,5 kPa prema HRN EN 1607 ili jednakovrijednoj Lijepljenje se izvodi cementom vezanim mineralnim suhim mortom poboljšanim umjetnom smolom namijenjenim za lijepljenje izolacijskih materijala, isključivo iz atestiranog sustava proizvođača fasade, uz ostvarivanje kontaktne površine od min. 40%.
B58: Tehničke karakteristike koje mort mora zadovoljit: • Gustoća čvrstog morta (ÖN EN 1015-10 ili jednakovrijedno): 1,70 g/cm³ • Klasa morta ÖN EN 998-1 ili jednakovrijedno: CS IV • Toplinska provodljivost: λ10, suho EN 1745 ili jednakovrijedno: 0,77 W/(m.K) Tablična srednja vrijednost (P=50%) • Difuzijski otpor μ (H2 O): μ= 75 (EN ISO 7783 ili jednakovrijedno) • Vlačna čvrstoća vezanja: ÖN EN 1015-12 ili jednakovrijedno: 0,5 N/m2, EPS-F/MW*/LS */Konoplja* ETAG 004: ≥0,08N/mm² * ili lom izolacijskog materijala • Ponašanje u požaru: Klasa A1
B59: 2) Mehaničko pričvršćivanje odgovarajućim upuštenim pričvrsnicama, u iz atestiranog sustava proizvođača, a njihov broj po m² površine potrebno je dokazati statičkim proračunom (u praksi min. 6 kom/m²). Upuštene pričvrsnice zatvoriti rondelama za mineralnu vunu. Tip pričvrsnice obavezno uskaditi sa vrstom podloge na koju se postavljaju.
B60: 3) Kompletno armiranje postavljenih izolacijskih ploča nanošenjem, mineralnog, karbonskim vlaknima ojačanog, bijelog vapnenocementnog morta za armiranje. Debljina prvog sloja je 3 mm u koji se utiskuje tekstilno-staklena, alkalno otporna mrežica, veličine otvora 4×4 mm s preklopom od minimalno 10 cm. Po izvedenom utiskivanje mrežice nanosi se drugi izravnavajući sloj armirne mase. Ukupna debljina armirnog sloja treba biti 5 mm. Položaj mrežice u gornjoj trećini sloja. Tehničke karakteristike armirane mase: • Gustoća čvrstog morta (ÖN EN 1015-10 ili jednakovrijedno): 1,40 g/cm³ • Klasa morta ÖN EN 998-1 ili jednakovrijedno: CS IV • Toplinska provodljivost: λ10, suho EN 1745 ili jednakovrijedno: 0,464W/(m.K) Tablična srednja vrijednost (P=50%) • Difuzijski otpor μ (H2O): μ=50 (EN ISO 7783 ili jednakovrijedno) • Ponašanje u požaru: Klasa A1 • Koeficijent apsorpcije vode: ÖN EN 998-1 ili jednakovrijedno: Klasa Wc 2, ETAG 004: ≤ 0,15 kg/m²/24h • Konzistentnost: prah • Vlačna čvrstoća: ÖN EN 1015-12 ili jednakovrijedno: ≥ 0,5 N/mm2, EPS-F / ETAG 004: ≥0,08N/mm² ili lom izolacijskog materijala
B61: 4) Po izvedbi armirnog sloja nakon odgovarajućeg sušenja a prije izvedbe završnih slojeva izvodi se specijalni pigmentirani temeljni premaz iz sustava proizvođača fasadnog sustava. Temeljni premaz protiv IR zraka, namijen je za premazivanje mineralnih i pastoznih armirnih masa – umjesto temeljnih premaza – za smanjenje termičkog zagrijavanja na visokoizoliranim podlogama pod pastoznim strukturnim žbukama. Premaz se nanosi nerazrijeđen.
B62: 5) Nakon adekvatnog sušenja na naneseni temeljni premaz nanosi se sloj završne žbuke, vrlo difuzivne, ojačane karbonskim vlaknima, s istaknutim efektom vodenih perli i fotokatalitičkim djelovanjem, u veličini zrna d=2 mm i tamnoj nijansi (svjetlosna granica HBW≥8) prema izboru projektanta (u nijansi završne boje). • Stopa propusnosti vode w prema ÖN EN 1062-3 ili jednakovrijedno: ≤ 0,05 [kg/(m2xh0,5)] W3 niska • Difuzijski otpor µ prema EN ISO 7783 ili jednakovrijedno: 65 V1 visok • Toplinska provodljivost λ10, suho prema EN 1745 ili jednakovrijedno: 1,09 W/(m.K) Tablična srednja vrijednost (P=50 %) • Reakcija na požar prema ÖN EN 13501-1 ili jednakovrijedno: Euroklasa A2 Žbuka se izvodi u dvije granulacije: na ravnom dijelu fasade u krupnijoj i na mjestima prozora finijoj.
B63: 6) Nakon sušenja završne žbuke, dodatni zaštitni premaz visokokvalitetnom nanohibridnom fasadnom bojom za optimalnu solarnu refleksiju kod tamnih tonova, ojačanom karbonskim vlaknima hidrofobne, velike paropropusnosti, s efektom vodenih perli, efektom samočišćenja i otporne na atmosferilije i mikroorganizme. Boju nanijeti u jednom sloju. Boju tonirati u nijansi prema izboru projektanta (svjetlosna granica HBW≥8). • vodoupropusnost (w vrijednost): < 0,06 [kg/(m2 x h0,5 )], razred "niska vodopropusnost” prema normi DIN EN 1062 ili jednakovrijednoj • paropropusnost (sd-H20): < 0,03 m, razred "visoki stupanj difuzije vodene pare” prema normi DIN EN 1062-2 ili jednakovrijednoj
B64: Dobava i postava ostalog pribora (kutni profili, okapni profili, te špaletni elementi za prozore i vrata, dilatacijskih profila, završnih profila za žbuku i dr. koji su sastavni dio sistema). Sve radove izvesti prema tehničkim uputama proizvođača fasadnog sustava te u skladu s važećim tehničkih propisima i zakonskom regulativom poštujući smjernice za ugradnju fasadnih sustava. Stavka uključuje sav rad i materijal osnovni i pomoćni sve do potpune gotovosti.
A65: a) | B65: Izvedba ETICS fasadnog toplinsko izolacijskog sustava s izolacijskim pločama od kamene vune debljine 14 cm | C65: m2 | D65: 388.2 | E65: 134 | F65: =D65*$E65 -> 52018.8
A66: b) | B66: Izvedba ETICS fasadnog toplinsko izolacijskog sustava s izolacijskim pločama od kamene vune debljine 10 cm | C66: m2 | D66: 388.2 | E66: 130 | F66: =D66*$E66 -> 50466
A67: c) | B67: Izvedba ETICS fasadnog toplinsko izolacijskog sustava s izolacijskim pločama od kamene vune debljine 8 cm | C67: m2 | D67: 59 | E67: 128 | F67: =D67*$E67 -> 7552
A68: d) | B68: Izvedba ETICS fasadnog toplinsko izolacijskog sustava s izolacijskim pločama od kamene vune debljine 5 cm | C68: m2 | D68: 63 | E68: 125 | F68: =D68*$E68 -> 7875
A69: e) | B69: Obrada špaleta širine do 25 cm | C69: m' | D69: 124 | E69: 83 | F69: =D69*$E69 -> 10292
B70: FASADA SVJETLOSNE GRANICE HBW≥20
A71: 23.3. | B71: Dobava i ugradnja potrebnih materijala za izvedbu sokla ETICS fasadnog toplinsko izolacijskog sustava s izolacijskim pločama XPS, namjenskih ploča za podnožje, koeficijenta toplinske provodljivosti λ≤0,035, d=10 cm, armirnih slojeva i završne silikonske žbuke ojačane karbonskim vlaknima u svijetloj nijansi (HBW≥ 20) i premazuje završnom fasadnom bojom ojačanom karbonskim vlaknima. Kao opciju stavka uključuje i vodoodbojnu zaštitu najdonjeg dijela sokla vodoodbojnim premazom. Cijena stavke uključuje dobavu i postavu komponenti prema uputama proizvođača. Sve elemente fasade ponuditi u okviru atestiranog sustava proizvođača fasade. Obaveza je također provjeriti stanje podloge te prema potrebi podlogu adekvatno pripremiti pranjem, čišćenjem i nanošenjem odgovarajućeg temeljnog premaza što je obračunato u stavci. Kako se većina fasade izvodi na podlozi od betona ukoliko je podloga upojna preporuka je izvedba temeljnog vodorazrjedivog premaza razrijeđenog s vodom ovisno o upojnosti podloge. Redoslijed izvođenja:
B72: 1) U zoni podnožja, ljepljenje izolacijskih XPS, namjenskih ploča za podnožje (do max 20 cm ispod razine tla) iz atestiranog sustava proizvođača fasade isključivo namjenjenih za izolaciju sokla, koeficijenta toplinske provodljivosti λ≤0,035, tlačne čvrstoće CS (10)150≥ 150 kPa, difuzijskog upijanja vode EN12088 WD(V)5≤5%, vodoupojnosti kod potpunog uranjanja EN12087 WL(T)3≤3%. Debljina ploče d= 20 cm. Lijepljenje se izvodi cementom vezanim mineralnim suhim mortom poboljšanim umjetnom smolom namijenjenim za lijepljenje izolacijskih materijala, isključivo iz atestiranog sustava proizvođača fasade, uz ostvarivanje kontaktne površine od min. 40%. Tehničke karakteristike koje mort mora zadovoljiti: • Gustoća čvrstog morta (ÖN EN 1015-10=: 1,70 g/cm³ • Klasa morta ÖN EN 998-1: CS IV • Toplinska provodljivost: λ10, suho EN 1745: 0,77 W/(m.K) Tablična srednja vrijednost (P=50%) • Difuzijski otpor μ (H2 O): μ= 75 (EN ISO 7783) • Vlačna čvrstoća vezanja: ÖN EN 1015-12: 0,5 N/m2, EPS-F/MW*/LS */Konoplja* ETAG 004: ≥0,08N/mm² * ili lom izolacijskog materijala • Ponašanje u požaru: Klasa A1
B73: 2) Kompletno armiranje izolacijskih ploča nanošenjem armirnog sloja od svijetlog, mineralnog morta za lijepljenje i armiranje, hidratiziranog vapna i visokokvalitetnog, frakcioniranog, drobljenog pješčanog vapnenca, isključivo iz atestiranog sustava proizvođača fasade. Tehničke karakteristike morta: • Gustoća: 1,68 g/cm3 (svježi mort) • veličina zrna: 1,2 mm • Koeficijent apsorpcije vode: < 0,5 kg/m2/24 h • Konzistentnost: Prah • ispitan prema normi ÖNORM B 6121 ili jednakovrijednoj U mort se u svježem stanju utiskuje tekstilno-staklena, alkalno otporna mrežica 160 g/m2, veličine otvora 4×4 mm s preklopom od minimalno 10 cm. Pozicija mrežice u polovini do gornje trećine debljine sloja. Debljina armirnog sloja min 5 mm. Obavezno dodatno ojačanje kuteva otvora dijagonalno postavljenim mrežicama dimenzija 20×40 cm ili 30×50 cm, sve iz sustava proizvođača fasade. Sve preklope armirne mrežice odraditi prema uputama proizvođača.
B74: 3) Po izvedbi armirnog sloja nakon odgovarajućeg sušenja a prije izvedbe završnih slojeva izvodi se temeljni premaz iz sustava proizvođača fasadnog sustava. Temeljni premaz je sredstvo za bolje prijanjanje strukturne žbuke na mineralnim podlogama i fasadnim sustavima. Toniranti u nijansu prema završnoj strukturnoj žbuci. Kombinacija veziva od akrilat-kopolimera, silikonskih smola i silikata.
B75: 4) Nakon adekvatnog sušenja na naneseni temeljni premaz nanosi se sloj završne žbuke, vrlo difuzivne, ojačane karbonskim vlaknima, s istaknutim efektom vodenih perli i fotokatalitičkim djelovanjem, u veličini zrna d=2 mm i svijetloj nijansi (svjetlosna granica HBW≥20) prema izboru projektanta (u nijansi završne boje). • Stopa propusnosti vode w prema ÖN EN 1062-3 ili jednakovrijednoj: ≤ 0,05 [kg/(m2xh0,5)] W3 niska • Difuzijski otpor µ prema EN ISO 7783 ili jednakovrijednoj: 65 V1 visok • Toplinska provodljivost λ10,suho prema EN 1745 ili jednakovrijednoj: 1,09 W/(m.K) Tablična srednja vrijednost (P=50 %) • Reakcija na požar prema ÖN EN 13501-1 ili jednakovrijednoj: Euroklasa A2 Žbuka se izvodi u dvije granulacije: na ravnom dijelu fasade u krupnijoj i na mjestima prozora finijoj.
B76: 5) Kao opcija: Po adekvatnom sušenju, na izvedeni sloj žbuke u podnožju se izvodi zaštitni premaz 2-komponentnom masa za lijepljenje i armiranje, ojačanom karbonskim vlaknima kao zaštitni brtveni premaz u podnožju / području dodira s tlom ( izvodi se ispod razine tla dokle seže završna žbuka i 5 cm iznad razine tla). Služi kao prikladna zaštita od vlage u vidu predpremaza ili izravnavajućeg sloja na armirnim masama ispod razine zemlje i dijela sokla iznad. Premaz se izvodi 5 cm iznad razine tla. Nanosi se kistom ili četkom razrijeđen s maks. 5% čiste vode. Prije korištenja premaz se miješa sa cementom u omjerima prema uputi iz tehničke informacije proizvoda. Premazom obavezno temeljito zaštititi završnu površinu žbuke ispod zemlje. Karakteristike premaza: • Gustoća: 1,1 g/cm3 bez dodatka cementa • Difuzivno ekvivalentna debljina zračnog sloja sdH2O: Difuzivno ekvivalentna debljina zračnog sloja sdH2O ca. 2,2 m prema DIN EN ISO 7783 ili jednakovrijednoj(pri 2 mm) • Baza veziva: Vodena stiroakrilatna-kopolimerna disperzija • Permeabilnost vode (w-vrijednost): w: ca. 0,02 kg/(m2 h1/2) prema DIN EN 1062-3 Klasa W3 (niska) prema DIN EN 1062 ili jednakovrijednoj
B77: 6) 'Nakon adekvatnog vremena sušenja izvodi se završno bojanje fasade u jednoj ruci sa strukturnom bojom ojačanom karbonskim vlaknima na bazi kombiniranog veziva i silikonskih smola u svjetloj nijansi (svjetlosna granica HBW≥20). Svojstva završnog premaza: - otpornost na vremenske utjecaje - vodopropusnost (vrijednost w ): ≤ 0,06 [kg/(m2  h0,5)], odgovara razredu "niska vodopropusnost” prema normi DIN EN 1062 ili jednakovrijednoj - paropropusnost (vrijednost sd-H2O): ≤ 0,03 m , odgovara razredu "visok stupanj difuzije vodene pare” prema normi DIN EN 1062-2 ili jednakovrijednoj - ekstremna hidrofobnost sa efektom stvaranja vodenih kapljica, svodi onečišćenje fasade na najmanju mjeru - svojstvo samočišćenja zahvaljujući specijalnim pigmentima koji djeluju kao fotokatalizatori - otpornost na agresivne štetne tvari iz zraka - ojačana karbonskim vlaknima
B78: U stavci je obračunata dobava i postava svog ostalog pribora iz atestiranog sustava proizvođača (kutni profili, okapni profili, i dr). Obaveza je izvođača sve navedene elemente izvesti u sustavu odabranog proizvođača fasadnog sustava. Sve radove izvesti prema tehničkim uputama proizvođača fasadnog sustava te u skladu s važećim tehničkih propisima i zakonskom regulativom poštujući smjernice za ugradnju fasadnih sustava. Stavka uključuje sav rad i materijal osnovni i pomoćni sve do potpune gotovosti. | C78: m2 | D78: 129.4 | E78: 74 | F78: =D78*$E78 -> 9575.6
A79: 23.4. | B79: Dobava i ugradnja potrebnih materijala za izvedbu ETICS fasadnog toplinsko izolacijskog sustava s izolacijskim pločama od mineralne vune, koeficijenta toplinske provodljivosti λ≤0,035, d=5-14 cm, armirnih slojeva i završne silikonske žbuke u svijetloj nijansi (HBW ≥20). Prije izvođenja obaveza je izvođača prema zahtjevima iz projekta u svrhu ispravno riješenih detalja te osiguranja trajnosti izvedenog fasadnog sustava definirati sve detalje izvedbe unutar odabranog ponuđača fasadnog sustava. To se naročito odnosi na sve spojeve sa bravarijom, stolarijom i limarijom, uskladiti postavu kutnih, rubnih i ostalih pribora prema zahtjevima na samoj fasadi. Sokl se izvodi u nastavku i ravnini sa gornjim dijelom fasade, bez vidljivog prijelaza, bez izvedbe razvajajuće šine, sa istim slojem završne silikonske žbuke i premazuje završnom fasadnom bojom ojačanom karbonskim vlaknima. Obaveza je također provjeriti stanje podloge te prema potrebi podlogu adekvatno pripremiti pranjem, čišćenjem i nanošenjem odgovarajućeg temeljnog premaza što je obračunato u stavci. Ukoliko je podloga upojna preporuka je izvedba temeljnog vodorazrjedivog premaza razrijeđenog s vodom ovisno o upojnosti podloge. Redoslijed izvođenja:
B80: 1) Lijepljenje fasadnih izolacijskih ploča od mineralne vune Tehničke karakteristike proizvoda: • reakcija na požar: razred A1 prema HRN EN 13501-1 ili jednakovrijednoj • deklarirana toplinska provodljivost,λd ≤ 0,035 W/mK prema HRN EN 12667 ili jednakovrijednoj • tlačna čvrstoća kod 10% deformacije CS(10): ≥ 15 kPa prema HRN EN 826 ili jednakovrijednoj • delaminacijska čvrstoća (TR) ≥ 7,5 kPa prema HRN EN 1607 ili jednakovrijednoj Lijepljenje se izvodi cementom vezanim mineralnim suhim mortom poboljšanim umjetnom smolom namijenjenim za lijepljenje izolacijskih materijala, isključivo iz atestiranog sustava proizvođača fasade, uz ostvarivanje kontaktne površine od min. 40%. Tehničke karakteristike koje mort mora zadovoljit: • Gustoća čvrstog morta (ÖN EN 1015-10 ili jednakovrijednoj) =: 1,70 g/cm³ • Klasa morta ÖN EN 998-1 ili jednakovrijednoj: CS IV • Toplinska provodljivost: λ10, suho EN 1745 ili jednakovrijednoj: 0,77 W/(m.K) Tablična srednja vrijednost (P=50%) • Difuzijski otpor μ (H2 O): μ= 75 (EN ISO 7783 ili jednakovrijednoj) • Vlačna čvrstoća vezanja: ÖN EN 1015-12 ili jednakovrijednoj: 0,5 N/m2 EPS-F/MW*/LS */Konoplja* ETAG 004: ≥0,08N/mm² * ili lom izolacijskog materijala • Ponašanje u požaru: Klasa A1
B81: 2) Mehaničko pričvršćivanje odgovarajućim upuštenim pričvrsnicama, u iz atestiranog sustava proizvođača, a njihov broj po m² površine potrebno je dokazati statičkim proračunom (u praksi min. 6 kom/m²). Upuštene pričvrsnice zatvoriti rondelama za mineralnu vunu. Tip pričvrsnice obavezno uskaditi sa vrstom podloge na koju se postavljaju.
B82: 3) Kompletno armiranje izolacijskih ploča nanošenjem armirnog sloja od svijetlog, mineralnog morta za lijepljenje i armiranje, hidratiziranog vapna i visokokvalitetnog, frakcioniranog, drobljenog pješčanog vapnenca, isključivo iz atestiranog sustava proizvođača fasade. Tehničke karakteristike morta: • Gustoća: 1,68 g/cm3 (svježi mort) • veličina zrna: 1,2 mm • Koeficijent apsorpcije vode: < 0,5 kg/m2/24 h • Konzistentnost: Prah • ispitan prema normi ÖNORM B 6121 ili jednakovrijednoj U mort se u svježem stanju utiskuje tekstilno-staklena, alkalno otporna mrežica 160 g/m2, veličine otvora 4×4 mm s preklopom od minimalno 10 cm. Pozicija mrežice u polovini do gornje trećine debljine sloja. Debljina armirnog sloja min 5 mm. Obavezno dodatno ojačanje kuteva otvora dijagonalno postavljenim mrežicama dimenzija 20×40 cm ili 30×50 cm, sve iz sustava proizvođača fasade. Sve preklope armirne mrežice odraditi prema uputama proizvođača.
B83: 4) Po izvedbi armirnog sloja nakon odgovarajućeg sušenja a prije izvedbe završnih slojeva izvodi se temeljni premaz Putzgrund iz sustava proizvođača fasadnog sustava. Temeljni premaz je sredstvo za bolje prijanjanje strukturne žbuke na mineralnim podlogama i fasadnim sustavima. Toniranti u nijansu prema završnoj strukturnoj žbuci. Kombinacija veziva od akrilat-kopolimera, silikonskih smola i silikata.
B84: 5) Nakon adekvatnog sušenja na naneseni temeljni premaz nanosi se sloj završne žbuke, vrlo difuzivne, ojačane karbonskim vlaknima, s istaknutim efektom vodenih perli i fotokatalitičkim djelovanjem, u veličini zrna d=2 mm i svjetloj nijansi (svjetlosna granica HBW≥20) prema izboru projektanta (u nijansi završne boje). • Stopa propusnosti vode w prema ÖN EN 1062-3 ili jednakovrijednoj: ≤ 0,05 [kg/(m2xh0,5)] W3 niska • Difuzijski otpor µ prema EN ISO 7783 ili jednakovrijednoj: 65 V1 visok • Toplinska provodljivost λ10,suho prema EN 1745 ili jednakovrijednoj: 1,09 W/(m.K) Tablična srednja vrijednost (P=50 %) • Reakcija na požar prema ÖN EN 13501-1 ili jednakovrijednoj: Euroklasa A2 Žbuka se izvodi u dvije granulacije: na ravnom dijelu fasade u krupnijoj i na mjestima prozora finijoj.
B85: 6) Nakon adekvatnog vremena sušenja izvodi se završno bojanje fasade u jednoj ruci sa strukturnom bojom ojačanom karbonskim vlaknima na bazi kombiniranog veziva Silacryla i silikonskih smola u svjetloj nijansi (svjetlosna granica HBW≥20). Svojstva završnog premaza: - otpornost na vremenske utjecaje - vodopropusnost (vrijednost w ): ≤ 0,06 [kg/(m²  h0,5)], odgovara razredu "niska vodopropusnost” prema normi DIN EN 1062 ili jednakovrijednoj - paropropusnost (vrijednost sd-H2O): ≤ 0,03 m , odgovara razredu "visok stupanj difuzije vodene pare” prema normi DIN EN 1062-2 ili jednakovrijednoj - ekstremna hidrofobnost sa efektom stvaranja vodenih kapljica, svodi onečišćenje fasade na najmanju mjeru - svojstvo samočišćenja zahvaljujući specijalnim pigmentima koji djeluju kao fotokatalizatori - otpornost na agresivne štetne tvari iz zraka - ojačana karbonskim vlaknima
B86: Dobava i postava ostalog pribora (kutni profili i okapni profili, te špaletni elementi za prozore i vrata i dr. koji su sastavni dio sistema). Sve radove izvesti prema tehničkim uputama proizvođača fasadnog sustava te u skladu s važećim tehničkih propisima i zakonskom regulativom poštujući smjernice za ugradnju fasadnih sustava. Stavka uključuje sav rad i materijal osnovni i pomoćni sve do potpune gotovosti.
A87: a) | B87: Izvedba ETICS fasadnog toplinsko izolacijskog sustava s izolacijskim pločama od kamene vune debljine 14 cm | C87: m2 | D87: 129.4 | E87: 78 | F87: =D87*$E87 -> 10093.2
A88: b) | B88: Izvedba ETICS fasadnog toplinsko izolacijskog sustava s izolacijskim pločama od kamene vune debljine 10 cm | C88: m2 | D88: 129.4 | E88: 74 | F88: =D88*$E88 -> 9575.6
A89: c) | B89: Izvedba ETICS fasadnog toplinsko izolacijskog sustava s izolacijskim pločama od kamene vune debljine 8 cm | C89: m2 | D89: 59 | E89: 72 | F89: =D89*$E89 -> 4248
A90: d) | B90: Izvedba ETICS fasadnog toplinsko izolacijskog sustava s izolacijskim pločama od kamene vune debljine 5 cm | C90: m2 | D90: 63 | E90: 69 | F90: =D90*$E90 -> 4347
A91: e) | B91: Obrada špaleta širine do 25 cm | C91: m' | D91: 42 | E91: 48 | F91: =D91*$E91 -> 2016
B92: 23. Fasaderski radovi ukupno: | F92: =SUM(F55:F91) -> 218525.2
A94: 24. | B94: DOBAVE I UGRADBE
A95: 24.1. | B95: Dobava i ugradba L-profila 40/40/5. Uključena antikorozivna zaštita. Ugradba kod betoniranja na spoju različitih vrsta podova. Uključena i potrebna sidra na svakih 0,5 m. U stavci uključen sav osnovni i pomoćni materijal i rad sve do potpune funkcijonalnosti. | C95: m' | D95: 30 | F95: =D95*$E95 -> 0
A96: 24.3. | B96: Dobava i ugradnja čeličnih sidara izrađenih od plosnog željeza 50/5 mm duljine 50 cm ugrađenih u betonsku masu kod betoniranja i učvršćenih na armaturu, a služe za učvršćivanje raznih bravarskih i sl. elemenata. Sve izvesti prema pravilima struke i uputi proizvođača. U stavci uključen sav osnovni i pomoćni materijal i rad sve do potpune funkcijonalnosti. | C96: kom | D96: 40 | F96: =D96*$E96 -> 0
A97: 24.6. | B97: Dobava materijala, izrada i ugradnja čvrste točke za vezivanje radnika koji rade na popravcima i održavanju krova izvedene u skaldu s normom HR EN 795 ili jednakovrijednoj klase sidrišta A1. Sve izvesti prema pravilima struke i važećoj regulativi. Svi metalni dijelovi čvrste točke moraju biti izrađeni od materijala koji su otporni na djelovanje okolnog medija kako bi se osiguralo da su pogodni i sigurni za upotrebu u vanjskom okruženju. Uračunati spoj sa podlogom. Stavka uključuje sav osnovni, spojni i brtveni materijal, te rad sve do potpune gotovosti. | C97: kom | D97: 1 | F97: =D97*$E97 -> 0
A98: 24.7. | B98: Dobava i postava inox rozete za postavu oko prodora cijevi kroz zid, strop i pod. Sve izvesti prema pravilima struke i prema uputama proizvođača. U stavku uključen sav rad i materijal osnovni i pomoćni, sve do potpune gotovosti.
A99: a) | B99: ø 110 mm | C99: kom | D99: 10 | F99: =D99*$E99 -> 0
A100: b) | B100: ø 12 mm | C100: kom | D100: 10 | F100: =D100*$E100 -> 0
A101: c) | B101: ø 10 mm | C101: kom | D101: 10 | F101: =D101*$E101 -> 0
A102: d) | B102: ø 6 mm | C102: kom | D102: 10 | F102: =D102*$E102 -> 0
A103: 24.9. | B103: Dobava i ugradnja nosača za sanitarnu opremu. Nosači se postavljaju u zidove od opeke. Sve izvesti prema pravilima struke i uputi proizvođača do potpune pripreme za montažu sanitarne opreme. U cijenu stavke uključen sav osnovni i pomoćni materijal i rad sve do potpune gotovosti.
A104: a) | B104: nosač za umivaonik | C104: kom | D104: 6 | F104: =D104*$E104 -> 0
A105: b) | B105: nosač wc školjke s ugrađenim vodokotlićem | C105: kom | D105: 9 | F105: =D105*$E105 -> 0
B106: 24. Dobave i ugradbe ukupno: | F106: =SUM(F95:F105) -> 0
A109: 26. | B109: RAZNI RADOVI
A110: 26.1. | B110: Zaštita hodne površine ispod skele dvostrukom čvrstom PVC folijom i OSB pločama. U cijenu uključen sav potreban rad i materijal. | C110: m2 | D110: 190.5 | F110: =D110*$E110 -> 0
B111: 26. Razni radovi ukupno: | F111: =SUM(F110) -> 0
A114: A. | B114: GRAĐEVINSKO-OBRTNIČKI RADOVI - R E K A P I T U L A C I J A:
A116: 1. | B116: SKELA | F116: =SUM(F9) -> 8061.9
A117: 2. | B117: PRIPREMNI RADOVI | F117: 0
A118: 3. | B118: RUŠENJE I RAZGRADNJA | F118: 0
A119: 4. | B119: RADOVI NA SANACIJI I OJAČANJU TEMELJA | F119: 0
A120: 5. | B120: ZEMLJANI RADOVI | F120: 0
A121: 6. | B121: BETONSKI I ARMIRANO-BETONSKI RADOVI | F121: 0
A122: 7. | B122: ARMIRAČKI RADOVI | F122: 0
...

Sheet Zgrada 12
A1: stavka | B1: opis stavke | C1: jedin. mjere | D1: količina | E1: jedinična cijena (euro) | F1: ukupno (euro)
A3: II. | B3: ZGRADA 12
A5: A. | B5: GRAĐEVINSKO-OBRNIČKI RADOVI
A7: 1. | B7: SKELA
A8: 1.1. | B8: Dobava, postava, skidanje i otprema cijevne fasadne skele, od bešavnih cijevi. Skelu izvesti prema važećim HTZ propisima. Skelu je potrebno osigurati od prevrtanja, sidrennjem u građevinu, a od udara munje uzemljenjem. Potrebno je izvesti pomične željezne ili drvene ljestve – penjalice u svrhu osiguranja vertikalne komunikacije po skeli. Prije izvedbe skele izvođač je dužan izraditi projekt skele, što je u cijeni stavke. Obračun se vrši po m² vertikalne projekcije površine skele. Stavka uključuje rad i materijal osnovni i pomoćni, sve do potpune funkcionalnosti. | C8: m2 | D8: 698 | E8: 11.55 | F8: =D8*$E8 -> 8061.9
B9: 1. Skela ukupno: | F9: =SUM(F8) -> 8061.9
A12: 3. | B12: RUŠENJE I RAZGRADNJA
A13: 3.36. | B13: Otucanje preostale žbuke fasade prizemlja, zidovi od opeke. U stavci uračunata upotreba radne skele. Stavka uključuje i skidanje keramičkih pločica sa zidova gdje je ista postavljena. U cijenu stavke uračunat utovar i odvoz razgrađenog materijala (razvrstanog po vrstama) na najbližu odgovarajuću deponiju, kao i svi troškovi istovara i korištenja odgovarajuće deponije. | C13: m2 | D13: 500.4 | F13: =D13*$E13 -> 0
A14: 3.37. | B14: Čišćenje reški fasade prizemlja, do dubine od 5 cm u zidu od opeke sa temeljitim otprašivanjem i ispiranjem, sve uz upotrebu odgovarajuće skele. Uključeno čišćenje spojnica sa otprašivanjem. U cijenu stavke uračunat utovar i odvoz razgrađenog materijala (razvrstanog po vrstama) na najbližu odgovarajuću deponiju, kao i svi troškovi istovara i korištenja odgovarajuće deponije. | C14: m2 | D14: 500.4 | F14: =D14*$E14 -> 0
B15: 3. Rušenje i razgradnja ukupno: | F15: =SUM(F13:F14) -> 0
A21: 8. | B21: ZIDARSKI RADOVI
A22: 8.9. | B22: Izrada i ugradnja grube žbuke pročelja zgrade od opeke. Prije žbukanja podlogu špricati rijetkim cementnim mortom. Žbuka se produžnim mortom M-10 debljine do 4 cm. Visina žbukanja do 5,0 m. Stavka uključuje sav materijal, rad i upotrebu radne skele. | C22: m2 | D22: 479 | E22: 55 | F22: =D22*$E22 -> 26345
A23: 8.10. | B23: Izrada i ugradnja grube i fine žbuke s vanjske strane temelja i sokla prije postavljanje hidroizolacije. Prije žbukanja podlogu špricati rijetkim cementnim mortom. Žbuka se produžnim mortom M-10 debljine do 4 cm. Visina žbukanja do 5,0 m. Stavka uključuje sav materijal, rad. | C23: m2 | D23: 194 | E23: 55 | F23: =D23*$E23 -> 10670
B24: 8. Zidarski radovi ukupno: | F24: =SUM(F22:F23) -> 37015
A26: 9. | B26: RAZNI ZIDARSKI RADOVI
A27: 9.1. | B27: Brtvljenje fasadnih otvora (prozora, stijena i vrata) samoljepljivom trakom. Dobava i ugradnja samoljepljive gumirane trake za fiksiranje. Tehničke karakteristike koje proizvod mora zadovoljiti: - Širina min. 5cm - Otpornost na trganje: ≥150 N/50 mm - Izduženje do sloma: ≥20% Trake se lijepe na prethodno otprašenu podlogu, otprašivanje uključeno u stavci. Stavka uključuje sav rad i materijal osnovni i pomoćni. Sve izvesti prema pravilima struke i po uputi proizvođača. Obračun po m'.
A28: a) | B28: postava s vanjske strane | C28: m' | D28: 165 | F28: =D28*$E28 -> 0
A29: b) | B29: postava s unutarnje strane | C29: m' | D29: 165 | F29: =D29*$E29 -> 0
A30: 9.2. | B30: Obrada špaleta oko otvora u vanjskom zidu. Krpanje i nanos izravnavajućeg sloja produžnim mortom M-5. Stavka uključuje sav materijal i rad, te upotrebu radne skele.
A31: a) | B31: vanjska obrada špalete | C31: m' | D31: 160.5 | E31: 16 | F31: =D31*$E31 -> 2568
A32: b) | B32: unutarnja obrada špalete | C32: m' | D32: 160.5 | E32: 16 | F32: =D32*$E32 -> 2568
A33: 9.3. | B33: Zidarski popravak površina ispod prozorskih klupčica koji obuhvaća: - nabavu nedostajućih cigli - nabavu i pripremu veznog materijala - zidarsko zatvaranje i dopunjavanje rupa. Stavka uključuje sav materijal i rad, te upotrebu radne skele. | C33: m2 | D33: 12.6 | F33: =D33*$E33 -> 0
B34: 9. Razni zdarski radovi ukupno: | F34: =SUM(F28:F33) -> 5136
A39: 13. | B39: TERMOIZOLACIJSKI RADOVI
B40: NAPOMENA: Kod svih stavaka u cijenu uključiti detaljan pregled površine na koju se hidroizolacija postavlja i njeno eventualno potrebno pranje, odmašćivanje, čišćenje od neravnina.
A41: 13.2. | B41: Dobava i postava rubne trake od kamene vune uz pregradne i nosive zidove u debljini od 2 cm u visini slojeva poda. Tehničke karakteristike koje kamena vuna mora zadovoljiti su: • reakcija na požar: razred A1 prema HRN EN 13501-1 ili jednakovrijednoj • toplinska provodljivost ʎ ≤ 0,038 W/mK prema HRN EN 12667 ili jednakovrijednoj • razina stišljivosti CP2 prema HRN EN 12431 ili jednakovrijednoj • dinamička krutost SD ≤ 48 MN/m³ prema HRN EN 29052-1 ili jednakovrijednoj Stavka uključuje rad i materijal osnovni i pomoćni, sve prema nacrtu projektanta. | C41: m' | D41: 340 | F41: =D41*$E41 -> 0
A42: 13.3. | B42: Dobava i ugradnja materijala za izolaciju stropa prizemlja između veznih greda na način da se između greda ispunjava kompaktnim pločama od kamene mineralne vune specifične gustoće 30 kg/m³, vrijednosti toplinske provodljivosti λ ≤ 0,037 W/mK. Potrebna debljina izolacije između rogova je 12,00 cm. Sve izvesti prema pravilima struke i prema uputama proizvođača. U stavku uključen sav rad i materijal osnovni i pomoćni, sve do potpune gotovosti. | C42: m2 | D42: 540.9 | F42: =D42*$E42 -> 0
A43: 13.4. | B43: Dobava i ugradnja materijala za izolaciju stropa prizemlja, na način da se ispod veznih greda postavlja višenamjenska izolacijska ploča od kamene vune kaširana s alu folijom s donje strane. Potrebna debljina izolacije ispod rogova je d = 4,0 cm. Karakteristike tražene izolacije su: - gustoća 30 kg/m³ - toplinske provodljivosti λ ≤ 0,037 W/mK prema normi HRN EN 12667 ili jednakovrijednoj - HRN EN 13162: MW-EN13162-T5-DS(TH)-WS-AF5 ili jednakovrijednoj - klasa gorivosti prema normi HRN EN 13501-1: A1 ili jednakovrijednoj Sve izvesti prema pravilima struke i prema uputama proizvođača. U stavku uključen sav rad i materijal osnovni i pomoćni, sve do potpune gotovosti. | C43: m2 | D43: 540.9 | F43: =D43*$E43 -> 0
A44: 13.7. | B44: Dobava i ugradnja ekstrudiranog polistirena (XPS) debljine 10 cm glatke površine i stepenastog ruba, koeficijenta toplinske provodljivosti λ≤0,035W/mK, tlačne čvrstoće 300 kPa. Ploče se postavljaju vertikalno kao toplinska izolacija nadtemeljnog zida i temelja. Izolaciju je potrebno zaljepiti za podlogu koristeći polimer-bitumensko ljepilo (1,6 kg/m²), uključeno u cijenu stavke. Sve izvesti pravilima struke i uputama proizvođača. U stavku uključen sav rad i materijal osnovni i pomoćni, sve do potpune gotovosti. | C44: m2 | D44: 156 | F44: =D44*$E44 -> 0
B45: 13. Termoizolaterski radovi ukupno: | F45: =SUM(F41:F44) -> 0
A50: 23. | B50: FASADERSKI RADOVI
B51: FASADA SVJETLOSNE GRANICE 20≥HBW≥8
A52: 23.1. | B52: Dobava i ugradnja potrebnih materijala za izvedbu sokla fasadnog toplinsko izolacijskog sustava (svjetlosna granica 20≥HBW≥8) sa namjenskim izolacijskim pločama XPS namijenjenih za izolaciju sokla, d= 10 cm, armirnog sloja ojačanog karbonskim vlaknima, završne silikonske žbuke ojačane karbonskim vlaknima, te završnog bojanja fasadnom bojom ojačanom karbonskim vlaknima u tamnoj nijansi (svjetlosna granica HBW≥8). Cijena stavke uključuje dobavu i postavu komponenti prema uputama proizvođača. Sve elemente fasade ponuditi u okviru atestiranog sustava proizvođača fasade. Prije izvođenja dužnost je izvođača i obračunato je u stavci pripremiti i po potrebi očistiti podlogu, provjeriti stanje i nosivost podloge, ukloniti sve nenosive dijelove, ukoniti sve masnoće i tvari koje razdvajaju. Sokl se izvodi u nastavku i ravnini sa gornjim dijelom fasade, bez vidljivog prijelaza, bez izvedbe razvajajuće šine, sa istim slojem završne žbuke ojačane karbonskim vlaknima. Završni sloj žbuke dodtano se zaštićuje na dijelu netom ispod razine tla i 5 cm iznad tla sa vodoodbojnim premazom i premazuje završnom fasadnom bojom ojačanom karbonskim vlaknima. Detalj izvesti prema projektu i prema tipskom detalju odabranog proizvođača fasadnog sustava. Redoslijed izvođenja:
B53: 1) U zoni podnožja, ljepljenje izolacijskih XPS namjenskih ploča za podnožje (do max 20 cm ispod razine tla) iz atestiranog sustava proizvođača fasade isključivo namjenjenih za izolaciju sokla, koeficijenta toplinske provodljivosti λ≤0,035, tlačne čvrstoće CS (10)150≥ 150 kPa, difuzijskog upijanja vode EN12088 WD(V)5≤5%, vodoupojnosti kod potpunog uranjanja EN12087 WL(T)3≤3%. Debljina ploče d= 10 cm. Lijepljenje se izvodi vapno/cementnim suhim mortom, s hidrauličkim vezanjem, namijenjen za lijepljenje fasadnih izolacijskih ploča i ploča za sokl, posebno na bitumenskim podlogama, isključivo iz atestiranog sustava proizvođača fasade, uz ostvarivanje kontaktne površine od min. 40%. Tehničke karakteristike koje mort mora zadovoljit: • gustoća svježeg morta prema EN 1015-10 ili jednakovrijedno: 1,70 g/cm³ • prionjivost prema EN 1015-12 ili jednakovrijedno: 0,5 N/mm²
B54: 2) Mehaničko pričvršćivanje odgovarajućim pričvrsnicama, u iz atestiranog sustava proizvođača, samo u zoni više od 30 cm iznad razine tla, a njihov broj po m² površine potrebno je dokazati statičkim proračunom (u praksi min. 6 kom/m²). Upuštene pričvrsnice zatvoriti odgovarajućim rondelama iz sustava proizvođača. Tip pričvrsnice obavezno uskaditi sa traženom nosivosti i vrstom podloge na koju se postavljaju. Obaveza je izvođača provjeriti razinu izvedene hidroizolacije kako se prilikom izvedbi pričvrsnica hidroizolacija ne bi oštetila.
B55: 3) Kompletno armiranje postavljenih izolacijskih ploča nanošenjem, mineralnog, karbonskim vlaknima ojačanog, bijelog vapnenocementnog morta za armiranje. Debljina prvog sloja je 3 mm u koji se utiskuje tekstilno-staklena, alkalno otporna mrežica, veličine otvora 4×4 mm s preklopom od minimalno 10 cm. Po izvedenom utiskivanje mrežice nanosi se drugi izravnavajući sloj armirne mase. Ukupna debljina armirnog sloja treba biti min 5 mm. Položaj mrežice u gornjoj trećini sloja. Tehničke karakteristike armirne mase: • Gustoća čvrstog morta (ÖN EN 1015-10): 1,40 g/cm³ • Klasa morta ÖN EN 998-1: CS IV • Toplinska provodljivost: λ10, suho EN 1745: 0,464W/(m.K) Tablična srednja vrijednost (P=50%) • Difuzijski otpor μ (H2O): μ=ca. 50 (EN ISO 7783) • Ponašanje u požaru: Klasa A1 • Koeficijent apsorpcije vode: ÖN EN 998-1: Klasa Wc 2 ETAG 004: ≤ 0,15 kg/m²/24h • Konzistentnost: prah • Vlačna čvrstoća: ÖN EN 1015-12: ≥ 0,5 N/mm2, EPS-F / ETAG 004: ≥0,08N/mm² ili lom izolacijskog materijala
B56: 4) Po izvedbi armirnog sloja nakon odgovarajućeg sušenja a prije izvedbe završnih slojeva izvodi se specijalni pigmentirani temeljni premaz iz sustava proizvođača fasadnog sustava. Temeljni premaz protiv IR zraka, namijen je za premazivanje mineralnih i pastoznih armirnih masa – umjesto temeljnih premaza – za smanjenje termičkog zagrijavanja na visokoizoliranim podlogama pod pastoznim strukturnim žbukama. Premaz se nanosi nerazrijeđen.
B57: 5) Nakon adekvatnog sušenja na naneseni temeljni premaz nanosi se sloj završne žbuke, vrlo difuzivne, ojačane karbonskim vlaknima, s istaknutim efektom vodenih perli i fotokatalitičkim djelovanjem, u veličini zrna d=2 mm i tamnoj nijansi (svjetlosna granica HBW≥8) prema izboru projektanta (u nijansi završne boje). • Stopa propusnosti vode w prema ÖN EN 1062-3: ≤ 0,05 [kg/(m2xh0,5)] W3 niska • Difuzijski otpor µ prema EN ISO 7783: 65 V1 visok • Toplinska provodljivost λ10,suho prema EN 1745: 1,09 W/(m.K) Tablična srednja vrijednost (P=50 %) • Reakcija na požar prema ÖN EN 13501-1: Euroklasa A2
B58: 6) Po adekvatnom sušenju, na izvedeni sloj žbuke u podnožju se izvodi zaštitni premaz 2-komponentnom masa za lijepljenje i armiranje, ojačanom karbonskim vlaknima kao zaštitni brtveni premaz u podnožju / području dodira s tlom (izvodi se ispod razine tla dokle seže završna žbuka i 5 cm iznad razine tla). Služi kao prikladna zaštita od vlage u vidu predpremaza ili izravnavajućeg sloja na armirnim masama ispod razine zemlje i 30 cm iznad. Premaz se izvodi 5 cm iznad razine tla. Nanosi se kistom ili četkom razrijeđen s maks. 5% čiste vode. Premazom obavezno temeljito zaštititi završnu površinu žbuke ispod zemlje. Prije upotrebe materijal se miješa sa cementom prema uputi iz tehničke informacije. Karekteristike premaza: • Difuzijski otpor µ (H2 O): 1350 • Difuzivno ekvivalentna debljina zračnog sloja Sd H2O: 2,7 m (DIN 52615 ili jednakovrijedno) • Koeficijent apsorpcije vode: razred III, nizak, prema DIN EN 1062-3 ili jednakovrijedno • Kapilarno upijanje vode:Kapilarno upijanje vode < 0,02 kg/m2 h 0,5 prema DIN EN 1062 ili jednakovrijedno zajamčena granična vrijednost: 0,1 kg/m2 h0,5
B59: 7) Nakon sušenja završne žbuke i izvedenog vodoodbojnog premaza, dodatni zaštitni premaz visokokvalitetnom nanohibridnom fasadnom bojom za optimalnu solarnu refleksiju kod tamnih tonova, ojačanom karbonskim vlaknima hidrofobne, velike paropropusnosti, s efektom vodenih perli, efektom samočišćenja i otporne na atmosferilije i mikroorganizme. Boju tonirati u tamnoj nijansi prema izboru projektanta (svjetlosna granica HBW≥8). • vodoupropusnost (w vrijednost): < 0,06 [kg/(m2 x h0,5 )], razred "niska vodopropusnost” prema normi DIN EN 1062 ili jednakovrijednoj • paropropusnost (sd-H20): < 0,03 m, razred "visoki stupanj difuzije vodene pare” prema normi DIN EN 1062-2 ili jednakovrijednoj
B60: U stavci je obračunata dobava i postava svog ostalog pribora iz atestiranog sustava proizvođača (kutni profili, okapni profili, i dr). Obaveza je izvođača sve navedene elemente izvesti u sustavu odabranog proizvođača fasadnog sustava. Sve radove izvesti prema tehničkim uputama proizvođača fasadnog sustava te u skladu s važećim tehničkih propisima i zakonskom regulativom poštujući smjernice za ugradnju fasadnih sustava. Stavka uključuje sav rad i materijal osnovni i pomoćni sve do potpune gotovosti. | C60: m2 | D60: 388.2 | E60: 130 | F60: =D60*$E60 -> 50466
A61: 23.2. | B61: Dobava i ugradnja potrebnih materijala za izvedbu ETICS fasadnog toplinsko izolacijskog sustava za tamne fasade (svjetlosna granica 20≥HBW≥8) s izolacijskim pločama od mineralne vune, koeficijenta toplinske provodljivosti λ≤0,035, d= 5-14 cm, armirnih slojeva ojačanim karbonskim vlaknima, završne žbuke ojačane karbonskim vlaknima te završnog bojanja nanohibridnom fasadnom bojom ojačanom karbonskim vlaknima za optimalnu refleksiju kod tamnih tonova kao u tamnoj nijansi (svjetlosna granica HBW≥8). Prije izvođenja obaveza je izvođača prema zahtjevima iz projekta u svrhu ispravno riješenih detalja te osiguranja trajnosti izvedenog fasadnog sustava definirati sve detalje izvedbe unutar odabranog ponuđača fasadnog sustava. To se naročito odnosi na sve spojeve sa bravarijom, stolarijom i limarijom, uskladiti postavu kutnih, rubnih i ostalih pribora prema zahtjevima na samoj fasadi. Obaveza je također provjeriti stanje podloge te prema potrebi podlogu adekvatno pripremiti pranjem, čišćenjem i nanošenjem odgovarajućeg temeljnog premaza. Sokl se izvodi u nastavku i ravnini sa gornjim dijelom fasade, bez vidljivog prijelaza, bez izvedbe razvajajuće šine, sa istim slojem završne silikonske žbuke ojačane karbonskim vlaknima i premazuje završnom fasadnom bojom ojačanom karbonskim vlaknima. Cijena stavke uključuje dobavu i postavu komponenti prema uputama proizvođača. Sve elemente fasade ponuditi u okviru atestiranog sustava proizvođača fasade. Redoslijed izvođenja:
B62: 1) Lijepljenje fasadnih izolacijskih ploča od mineralne vune, debljine, d = 5-14 cm. Tehničke karakteristike proizvoda: • reakcija na požar: razred A1 prema HRN EN 13501-1 ili jednakovrijednoj • deklarirana toplinska provodljivost, λd ≤ 0,035 W/mK prema HRN EN 12667 ili jednakovrijednoj • tlačna čvrstoća kod 10% deformacije CS(10): ≥ 15 kPa prema HRN EN 826 ili jednakovrijednoj • delaminacijska čvrstoća (TR) ≥ 7,5 kPa prema HRN EN 1607 ili jednakovrijednoj Lijepljenje se izvodi cementom vezanim mineralnim suhim mortom poboljšanim umjetnom smolom namijenjenim za lijepljenje izolacijskih materijala, isključivo iz atestiranog sustava proizvođača fasade, uz ostvarivanje kontaktne površine od min. 40%.
B63: Tehničke karakteristike koje mort mora zadovoljit: • Gustoća čvrstog morta (ÖN EN 1015-10 ili jednakovrijedno): 1,70 g/cm³ • Klasa morta ÖN EN 998-1 ili jednakovrijedno: CS IV • Toplinska provodljivost: λ10, suho EN 1745 ili jednakovrijedno: 0,77 W/(m.K) Tablična srednja vrijednost (P=50%) • Difuzijski otpor μ (H2 O): μ= 75 (EN ISO 7783 ili jednakovrijedno) • Vlačna čvrstoća vezanja: ÖN EN 1015-12 ili jednakovrijedno: 0,5 N/m2, EPS-F/MW*/LS */Konoplja* ETAG 004: ≥0,08N/mm² * ili lom izolacijskog materijala • Ponašanje u požaru: Klasa A1
B64: 2) Mehaničko pričvršćivanje odgovarajućim upuštenim pričvrsnicama, u iz atestiranog sustava proizvođača, a njihov broj po m² površine potrebno je dokazati statičkim proračunom (u praksi min. 6 kom/m²). Upuštene pričvrsnice zatvoriti rondelama za mineralnu vunu. Tip pričvrsnice obavezno uskaditi sa vrstom podloge na koju se postavljaju.
B65: 3) Kompletno armiranje postavljenih izolacijskih ploča nanošenjem, mineralnog, karbonskim vlaknima ojačanog, bijelog vapnenocementnog morta za armiranje. Debljina prvog sloja je 3 mm u koji se utiskuje tekstilno-staklena, alkalno otporna mrežica, veličine otvora 4×4 mm s preklopom od minimalno 10 cm. Po izvedenom utiskivanje mrežice nanosi se drugi izravnavajući sloj armirne mase. Ukupna debljina armirnog sloja treba biti 5 mm. Položaj mrežice u gornjoj trećini sloja. Tehničke karakteristike armirane mase: • Gustoća čvrstog morta (ÖN EN 1015-10 ili jednakovrijedno): 1,40 g/cm³ • Klasa morta ÖN EN 998-1 ili jednakovrijedno: CS IV • Toplinska provodljivost: λ10, suho EN 1745 ili jednakovrijedno: 0,464W/(m.K) Tablična srednja vrijednost (P=50%) • Difuzijski otpor μ (H2O): μ=50 (EN ISO 7783 ili jednakovrijedno) • Ponašanje u požaru: Klasa A1 • Koeficijent apsorpcije vode: ÖN EN 998-1 ili jednakovrijedno: Klasa Wc 2, ETAG 004: ≤ 0,15 kg/m²/24h • Konzistentnost: prah • Vlačna čvrstoća: ÖN EN 1015-12 ili jednakovrijedno: ≥ 0,5 N/mm2, EPS-F / ETAG 004: ≥0,08N/mm² ili lom izolacijskog materijala
B66: 4) Po izvedbi armirnog sloja nakon odgovarajućeg sušenja a prije izvedbe završnih slojeva izvodi se specijalni pigmentirani temeljni premaz iz sustava proizvođača fasadnog sustava. Temeljni premaz protiv IR zraka, namijen je za premazivanje mineralnih i pastoznih armirnih masa – umjesto temeljnih premaza – za smanjenje termičkog zagrijavanja na visokoizoliranim podlogama pod pastoznim strukturnim žbukama. Premaz se nanosi nerazrijeđen.
B67: 5) Nakon adekvatnog sušenja na naneseni temeljni premaz nanosi se sloj završne žbuke, vrlo difuzivne, ojačane karbonskim vlaknima, s istaknutim efektom vodenih perli i fotokatalitičkim djelovanjem, u veličini zrna d=2 mm i tamnoj nijansi (svjetlosna granica HBW≥8) prema izboru projektanta (u nijansi završne boje). • Stopa propusnosti vode w prema ÖN EN 1062-3 ili jednakovrijedno: ≤ 0,05 [kg/(m2xh0,5)] W3 niska • Difuzijski otpor µ prema EN ISO 7783 ili jednakovrijedno: 65 V1 visok • Toplinska provodljivost λ10, suho prema EN 1745 ili jednakovrijedno: 1,09 W/(m.K) Tablična srednja vrijednost (P=50 %) • Reakcija na požar prema ÖN EN 13501-1 ili jednakovrijedno: Euroklasa A2 Žbuka se izvodi u dvije granulacije: na ravnom dijelu fasade u krupnijoj i na mjestima prozora finijoj.
B68: 6) Nakon sušenja završne žbuke, dodatni zaštitni premaz visokokvalitetnom nanohibridnom fasadnom bojom za optimalnu solarnu refleksiju kod tamnih tonova, ojačanom karbonskim vlaknima hidrofobne, velike paropropusnosti, s efektom vodenih perli, efektom samočišćenja i otporne na atmosferilije i mikroorganizme. Boju nanijeti u jednom sloju. Boju tonirati u nijansi prema izboru projektanta (svjetlosna granica HBW≥8). • vodoupropusnost (w vrijednost): < 0,06 [kg/(m2 x h0,5 )], razred "niska vodopropusnost” prema normi DIN EN 1062 ili jednakovrijednoj • paropropusnost (sd-H20): < 0,03 m, razred "visoki stupanj difuzije vodene pare” prema normi DIN EN 1062-2 ili jednakovrijednoj
B69: Dobava i postava ostalog pribora (kutni profili, okapni profili, te špaletni elementi za prozore i vrata, dilatacijskih profila, završnih profila za žbuku i dr. koji su sastavni dio sistema). Sve radove izvesti prema tehničkim uputama proizvođača fasadnog sustava te u skladu s važećim tehničkih propisima i zakonskom regulativom poštujući smjernice za ugradnju fasadnih sustava. Stavka uključuje sav rad i materijal osnovni i pomoćni sve do potpune gotovosti.
A70: a) | B70: Izvedba ETICS fasadnog toplinsko izolacijskog sustava s izolacijskim pločama od kamene vune debljine 14 cm | C70: m2 | D70: 388.2 | E70: 134 | F70: =D70*$E70 -> 52018.8
A71: b) | B71: Izvedba ETICS fasadnog toplinsko izolacijskog sustava s izolacijskim pločama od kamene vune debljine 10 cm | C71: m2 | D71: 388.2 | E71: 130 | F71: =D71*$E71 -> 50466
A72: c) | B72: Izvedba ETICS fasadnog toplinsko izolacijskog sustava s izolacijskim pločama od kamene vune debljine 8 cm | C72: m2 | D72: 59 | E72: 128 | F72: =D72*$E72 -> 7552
A73: d) | B73: Izvedba ETICS fasadnog toplinsko izolacijskog sustava s izolacijskim pločama od kamene vune debljine 5 cm | C73: m2 | D73: 63 | E73: 125 | F73: =D73*$E73 -> 7875
A74: e) | B74: Obrada špaleta širine do 25 cm | C74: m' | D74: 124 | E74: 83 | F74: =D74*$E74 -> 10292
B75: FASADA SVJETLOSNE GRANICE HBW≥20
A76: 23.3. | B76: Dobava i ugradnja potrebnih materijala za izvedbu sokla ETICS fasadnog toplinsko izolacijskog sustava s izolacijskim pločama XPS, namjenskih ploča za podnožje, koeficijenta toplinske provodljivosti λ≤0,035, d=10 cm, armirnih slojeva i završne silikonske žbuke ojačane karbonskim vlaknima u svijetloj nijansi (HBW≥ 20) i premazuje završnom fasadnom bojom ojačanom karbonskim vlaknima. Kao opciju stavka uključuje i vodoodbojnu zaštitu najdonjeg dijela sokla vodoodbojnim premazom. Cijena stavke uključuje dobavu i postavu komponenti prema uputama proizvođača. Sve elemente fasade ponuditi u okviru atestiranog sustava proizvođača fasade. Obaveza je također provjeriti stanje podloge te prema potrebi podlogu adekvatno pripremiti pranjem, čišćenjem i nanošenjem odgovarajućeg temeljnog premaza što je obračunato u stavci. Kako se većina fasade izvodi na podlozi od betona ukoliko je podloga upojna preporuka je izvedba temeljnog vodorazrjedivog premaza razrijeđenog s vodom ovisno o upojnosti podloge. Redoslijed izvođenja:
B77: 1) U zoni podnožja, ljepljenje izolacijskih XPS, namjenskih ploča za podnožje (do max 20 cm ispod razine tla) iz atestiranog sustava proizvođača fasade isključivo namjenjenih za izolaciju sokla, koeficijenta toplinske provodljivosti λ≤0,035, tlačne čvrstoće CS (10)150≥ 150 kPa, difuzijskog upijanja vode EN12088 WD(V)5≤5%, vodoupojnosti kod potpunog uranjanja EN12087 WL(T)3≤3%. Debljina ploče d= 20 cm. Lijepljenje se izvodi cementom vezanim mineralnim suhim mortom poboljšanim umjetnom smolom namijenjenim za lijepljenje izolacijskih materijala, isključivo iz atestiranog sustava proizvođača fasade, uz ostvarivanje kontaktne površine od min. 40%. Tehničke karakteristike koje mort mora zadovoljiti: • Gustoća čvrstog morta (ÖN EN 1015-10=: 1,70 g/cm³ • Klasa morta ÖN EN 998-1: CS IV • Toplinska provodljivost: λ10, suho EN 1745: 0,77 W/(m.K) Tablična srednja vrijednost (P=50%) • Difuzijski otpor μ (H2 O): μ= 75 (EN ISO 7783) • Vlačna čvrstoća vezanja: ÖN EN 1015-12: 0,5 N/m2, EPS-F/MW*/LS */Konoplja* ETAG 004: ≥0,08N/mm² * ili lom izolacijskog materijala • Ponašanje u požaru: Klasa A1
B78: 2) Kompletno armiranje izolacijskih ploča nanošenjem armirnog sloja od svijetlog, mineralnog morta za lijepljenje i armiranje, hidratiziranog vapna i visokokvalitetnog, frakcioniranog, drobljenog pješčanog vapnenca, isključivo iz atestiranog sustava proizvođača fasade. Tehničke karakteristike morta: • Gustoća: 1,68 g/cm3 (svježi mort) • veličina zrna: 1,2 mm • Koeficijent apsorpcije vode: < 0,5 kg/m2/24 h • Konzistentnost: Prah • ispitan prema normi ÖNORM B 6121 ili jednakovrijednoj U mort se u svježem stanju utiskuje tekstilno-staklena, alkalno otporna mrežica 160 g/m2, veličine otvora 4×4 mm s preklopom od minimalno 10 cm. Pozicija mrežice u polovini do gornje trećine debljine sloja. Debljina armirnog sloja min 5 mm. Obavezno dodatno ojačanje kuteva otvora dijagonalno postavljenim mrežicama dimenzija 20×40 cm ili 30×50 cm, sve iz sustava proizvođača fasade. Sve preklope armirne mrežice odraditi prema uputama proizvođača.
B79: 3) Po izvedbi armirnog sloja nakon odgovarajućeg sušenja a prije izvedbe završnih slojeva izvodi se temeljni premaz iz sustava proizvođača fasadnog sustava. Temeljni premaz je sredstvo za bolje prijanjanje strukturne žbuke na mineralnim podlogama i fasadnim sustavima. Toniranti u nijansu prema završnoj strukturnoj žbuci. Kombinacija veziva od akrilat-kopolimera, silikonskih smola i silikata.
B80: 4) Nakon adekvatnog sušenja na naneseni temeljni premaz nanosi se sloj završne žbuke, vrlo difuzivne, ojačane karbonskim vlaknima, s istaknutim efektom vodenih perli i fotokatalitičkim djelovanjem, u veličini zrna d=2 mm i svijetloj nijansi (svjetlosna granica HBW≥20) prema izboru projektanta (u nijansi završne boje). • Stopa propusnosti vode w prema ÖN EN 1062-3 ili jednakovrijednoj: ≤ 0,05 [kg/(m2xh0,5)] W3 niska • Difuzijski otpor µ prema EN ISO 7783 ili jednakovrijednoj: 65 V1 visok • Toplinska provodljivost λ10,suho prema EN 1745 ili jednakovrijednoj: 1,09 W/(m.K) Tablična srednja vrijednost (P=50 %) • Reakcija na požar prema ÖN EN 13501-1 ili jednakovrijednoj: Euroklasa A2 Žbuka se izvodi u dvije granulacije: na ravnom dijelu fasade u krupnijoj i na mjestima prozora finijoj.
B81: 5) Kao opcija: Po adekvatnom sušenju, na izvedeni sloj žbuke u podnožju se izvodi zaštitni premaz 2-komponentnom masa za lijepljenje i armiranje, ojačanom karbonskim vlaknima kao zaštitni brtveni premaz u podnožju / području dodira s tlom ( izvodi se ispod razine tla dokle seže završna žbuka i 5 cm iznad razine tla). Služi kao prikladna zaštita od vlage u vidu predpremaza ili izravnavajućeg sloja na armirnim masama ispod razine zemlje i dijela sokla iznad. Premaz se izvodi 5 cm iznad razine tla. Nanosi se kistom ili četkom razrijeđen s maks. 5% čiste vode. Prije korištenja premaz se miješa sa cementom u omjerima prema uputi iz tehničke informacije proizvoda. Premazom obavezno temeljito zaštititi završnu površinu žbuke ispod zemlje. Karakteristike premaza: • Gustoća: 1,1 g/cm3 bez dodatka cementa • Difuzivno ekvivalentna debljina zračnog sloja sdH2O: Difuzivno ekvivalentna debljina zračnog sloja sdH2O ca. 2,2 m prema DIN EN ISO 7783 ili jednakovrijednoj(pri 2 mm) • Baza veziva: Vodena stiroakrilatna-kopolimerna disperzija • Permeabilnost vode (w-vrijednost): w: ca. 0,02 kg/(m2 h1/2) prema DIN EN 1062-3 Klasa W3 (niska) prema DIN EN 1062 ili jednakovrijednoj
B82: 6) 'Nakon adekvatnog vremena sušenja izvodi se završno bojanje fasade u jednoj ruci sa strukturnom bojom ojačanom karbonskim vlaknima na bazi kombiniranog veziva i silikonskih smola u svjetloj nijansi (svjetlosna granica HBW≥20). Svojstva završnog premaza: - otpornost na vremenske utjecaje - vodopropusnost (vrijednost w ): ≤ 0,06 [kg/(m2  h0,5)], odgovara razredu "niska vodopropusnost” prema normi DIN EN 1062 ili jednakovrijednoj - paropropusnost (vrijednost sd-H2O): ≤ 0,03 m , odgovara razredu "visok stupanj difuzije vodene pare” prema normi DIN EN 1062-2 ili jednakovrijednoj - ekstremna hidrofobnost sa efektom stvaranja vodenih kapljica, svodi onečišćenje fasade na najmanju mjeru - svojstvo samočišćenja zahvaljujući specijalnim pigmentima koji djeluju kao fotokatalizatori - otpornost na agresivne štetne tvari iz zraka - ojačana karbonskim vlaknima
B83: U stavci je obračunata dobava i postava svog ostalog pribora iz atestiranog sustava proizvođača (kutni profili, okapni profili, i dr). Obaveza je izvođača sve navedene elemente izvesti u sustavu odabranog proizvođača fasadnog sustava. Sve radove izvesti prema tehničkim uputama proizvođača fasadnog sustava te u skladu s važećim tehničkih propisima i zakonskom regulativom poštujući smjernice za ugradnju fasadnih sustava. Stavka uključuje sav rad i materijal osnovni i pomoćni sve do potpune gotovosti. | C83: m2 | D83: 129.4 | E83: 74 | F83: =D83*$E83 -> 9575.6
A84: 23.4. | B84: Dobava i ugradnja potrebnih materijala za izvedbu ETICS fasadnog toplinsko izolacijskog sustava s izolacijskim pločama od mineralne vune, koeficijenta toplinske provodljivosti λ≤0,035, d=5-14 cm, armirnih slojeva i završne silikonske žbuke u svijetloj nijansi (HBW ≥20). Prije izvođenja obaveza je izvođača prema zahtjevima iz projekta u svrhu ispravno riješenih detalja te osiguranja trajnosti izvedenog fasadnog sustava definirati sve detalje izvedbe unutar odabranog ponuđača fasadnog sustava. To se naročito odnosi na sve spojeve sa bravarijom, stolarijom i limarijom, uskladiti postavu kutnih, rubnih i ostalih pribora prema zahtjevima na samoj fasadi. Sokl se izvodi u nastavku i ravnini sa gornjim dijelom fasade, bez vidljivog prijelaza, bez izvedbe razvajajuće šine, sa istim slojem završne silikonske žbuke i premazuje završnom fasadnom bojom ojačanom karbonskim vlaknima. Obaveza je također provjeriti stanje podloge te prema potrebi podlogu adekvatno pripremiti pranjem, čišćenjem i nanošenjem odgovarajućeg temeljnog premaza što je obračunato u stavci. Ukoliko je podloga upojna preporuka je izvedba temeljnog vodorazrjedivog premaza razrijeđenog s vodom ovisno o upojnosti podloge. Redoslijed izvođenja:
B85: 1) Lijepljenje fasadnih izolacijskih ploča od mineralne vune Tehničke karakteristike proizvoda: • reakcija na požar: razred A1 prema HRN EN 13501-1 ili jednakovrijednoj • deklarirana toplinska provodljivost,λd ≤ 0,035 W/mK prema HRN EN 12667 ili jednakovrijednoj • tlačna čvrstoća kod 10% deformacije CS(10): ≥ 15 kPa prema HRN EN 826 ili jednakovrijednoj • delaminacijska čvrstoća (TR) ≥ 7,5 kPa prema HRN EN 1607 ili jednakovrijednoj Lijepljenje se izvodi cementom vezanim mineralnim suhim mortom poboljšanim umjetnom smolom namijenjenim za lijepljenje izolacijskih materijala, isključivo iz atestiranog sustava proizvođača fasade, uz ostvarivanje kontaktne površine od min. 40%. Tehničke karakteristike koje mort mora zadovoljit: • Gustoća čvrstog morta (ÖN EN 1015-10 ili jednakovrijednoj) =: 1,70 g/cm³ • Klasa morta ÖN EN 998-1 ili jednakovrijednoj: CS IV • Toplinska provodljivost: λ10, suho EN 1745 ili jednakovrijednoj: 0,77 W/(m.K) Tablična srednja vrijednost (P=50%) • Difuzijski otpor μ (H2 O): μ= 75 (EN ISO 7783 ili jednakovrijednoj) • Vlačna čvrstoća vezanja: ÖN EN 1015-12 ili jednakovrijednoj: 0,5 N/m2 EPS-F/MW*/LS */Konoplja* ETAG 004: ≥0,08N/mm² * ili lom izolacijskog materijala • Ponašanje u požaru: Klasa A1
B86: 2) Mehaničko pričvršćivanje odgovarajućim upuštenim pričvrsnicama, u iz atestiranog sustava proizvođača, a njihov broj po m² površine potrebno je dokazati statičkim proračunom (u praksi min. 6 kom/m²). Upuštene pričvrsnice zatvoriti rondelama za mineralnu vunu. Tip pričvrsnice obavezno uskaditi sa vrstom podloge na koju se postavljaju.
B87: 3) Kompletno armiranje izolacijskih ploča nanošenjem armirnog sloja od svijetlog, mineralnog morta za lijepljenje i armiranje, hidratiziranog vapna i visokokvalitetnog, frakcioniranog, drobljenog pješčanog vapnenca, isključivo iz atestiranog sustava proizvođača fasade. Tehničke karakteristike morta: • Gustoća: 1,68 g/cm3 (svježi mort) • veličina zrna: 1,2 mm • Koeficijent apsorpcije vode: < 0,5 kg/m2/24 h • Konzistentnost: Prah • ispitan prema normi ÖNORM B 6121 ili jednakovrijednoj U mort se u svježem stanju utiskuje tekstilno-staklena, alkalno otporna mrežica 160 g/m2, veličine otvora 4×4 mm s preklopom od minimalno 10 cm. Pozicija mrežice u polovini do gornje trećine debljine sloja. Debljina armirnog sloja min 5 mm. Obavezno dodatno ojačanje kuteva otvora dijagonalno postavljenim mrežicama dimenzija 20×40 cm ili 30×50 cm, sve iz sustava proizvođača fasade. Sve preklope armirne mrežice odraditi prema uputama proizvođača.
B88: 4) Po izvedbi armirnog sloja nakon odgovarajućeg sušenja a prije izvedbe završnih slojeva izvodi se temeljni premaz Putzgrund iz sustava proizvođača fasadnog sustava. Temeljni premaz je sredstvo za bolje prijanjanje strukturne žbuke na mineralnim podlogama i fasadnim sustavima. Toniranti u nijansu prema završnoj strukturnoj žbuci. Kombinacija veziva od akrilat-kopolimera, silikonskih smola i silikata.
B89: 5) Nakon adekvatnog sušenja na naneseni temeljni premaz nanosi se sloj završne žbuke, vrlo difuzivne, ojačane karbonskim vlaknima, s istaknutim efektom vodenih perli i fotokatalitičkim djelovanjem, u veličini zrna d=2 mm i svjetloj nijansi (svjetlosna granica HBW≥20) prema izboru projektanta (u nijansi završne boje). • Stopa propusnosti vode w prema ÖN EN 1062-3 ili jednakovrijednoj: ≤ 0,05 [kg/(m2xh0,5)] W3 niska • Difuzijski otpor µ prema EN ISO 7783 ili jednakovrijednoj: 65 V1 visok • Toplinska provodljivost λ10,suho prema EN 1745 ili jednakovrijednoj: 1,09 W/(m.K) Tablična srednja vrijednost (P=50 %) • Reakcija na požar prema ÖN EN 13501-1 ili jednakovrijednoj: Euroklasa A2 Žbuka se izvodi u dvije granulacije: na ravnom dijelu fasade u krupnijoj i na mjestima prozora finijoj.
B90: 6) Nakon adekvatnog vremena sušenja izvodi se završno bojanje fasade u jednoj ruci sa strukturnom bojom ojačanom karbonskim vlaknima na bazi kombiniranog veziva Silacryla i silikonskih smola u svjetloj nijansi (svjetlosna granica HBW≥20). Svojstva završnog premaza: - otpornost na vremenske utjecaje - vodopropusnost (vrijednost w ): ≤ 0,06 [kg/(m²  h0,5)], odgovara razredu "niska vodopropusnost” prema normi DIN EN 1062 ili jednakovrijednoj - paropropusnost (vrijednost sd-H2O): ≤ 0,03 m , odgovara razredu "visok stupanj difuzije vodene pare” prema normi DIN EN 1062-2 ili jednakovrijednoj - ekstremna hidrofobnost sa efektom stvaranja vodenih kapljica, svodi onečišćenje fasade na najmanju mjeru - svojstvo samočišćenja zahvaljujući specijalnim pigmentima koji djeluju kao fotokatalizatori - otpornost na agresivne štetne tvari iz zraka - ojačana karbonskim vlaknima
B91: Dobava i postava ostalog pribora (kutni profili i okapni profili, te špaletni elementi za prozore i vrata i dr. koji su sastavni dio sistema). Sve radove izvesti prema tehničkim uputama proizvođača fasadnog sustava te u skladu s važećim tehničkih propisima i zakonskom regulativom poštujući smjernice za ugradnju fasadnih sustava. Stavka uključuje sav rad i materijal osnovni i pomoćni sve do potpune gotovosti.
A92: a) | B92: Izvedba ETICS fasadnog toplinsko izolacijskog sustava s izolacijskim pločama od kamene vune debljine 14 cm | C92: m2 | D92: 129.4 | E92: 78 | F92: =D92*$E92 -> 10093.2
A93: b) | B93: Izvedba ETICS fasadnog toplinsko izolacijskog sustava s izolacijskim pločama od kamene vune debljine 10 cm | C93: m2 | D93: 129.4 | E93: 74 | F93: =D93*$E93 -> 9575.6
A94: c) | B94: Izvedba ETICS fasadnog toplinsko izolacijskog sustava s izolacijskim pločama od kamene vune debljine 8 cm | C94: m2 | D94: 59 | E94: 72 | F94: =D94*$E94 -> 4248
A95: d) | B95: Izvedba ETICS fasadnog toplinsko izolacijskog sustava s izolacijskim pločama od kamene vune debljine 5 cm | C95: m2 | D95: 63 | E95: 69 | F95: =D95*$E95 -> 4347
A96: e) | B96: Obrada špaleta širine do 25 cm | C96: m' | D96: 42 | E96: 48 | F96: =D96*$E96 -> 2016
B97: 23. Fasaderski radovi ukupno: | F97: =SUM(F60:F96) -> 218525.2
A100: 26. | B100: RAZNI RADOVI
A101: 26.1. | B101: Zaštita hodne površine ispod skele dvostrukom čvrstom PVC folijom i OSB pločama. U cijenu uključen sav potreban rad i materijal. | C101: m2 | D101: 190.5 | F101: =D101*$E101 -> 0
B102: 26. Razni radovi ukupno: | F102: =SUM(F101) -> 0

Sheet Zgrada 13
A1: stavka | B1: opis stavke | C1: jedin. mjere | D1: količina | E1: jedinična cijena (euro) | F1: ukupno (euro)
A3: III. | B3: ZGRADA 13
A5: A. | B5: GRAĐEVINSKO-OBRNIČKI RADOVI
A7: 1. | B7: SKELA
A8: 1.1. | B8: Dobava, postava, skidanje i otprema cijevne fasadne skele, od bešavnih cijevi. Skelu izvesti prema važećim HTZ propisima. Skelu je potrebno osigurati od prevrtanja, sidrennjem u građevinu, a od udara munje uzemljenjem. Potrebno je izvesti pomične željezne ili drvene ljestve – penjalice u svrhu osiguranja vertikalne komunikacije po skeli. Prije izvedbe skele izvođač je dužan izraditi projekt skele, što je u cijeni stavke. Obračun se vrši po m² vertikalne projekcije površine skele. Stavka uključuje rad i materijal osnovni i pomoćni, sve do potpune funkcionalnosti. | C8: m2 | D8: 698 | E8: 11.55 | F8: =D8*$E8 -> 8061.9
B9: 1. Skela ukupno: | F9: =SUM(F8) -> 8061.9
A11: 3. | B11: RUŠENJE I RAZGRADNJA
A12: 3.36. | B12: Otucanje preostale žbuke fasade prizemlja, zidovi od opeke. U stavci uračunata upotreba radne skele. Stavka uključuje i skidanje keramičkih pločica sa zidova gdje je ista postavljena. U cijenu stavke uračunat utovar i odvoz razgrađenog materijala (razvrstanog po vrstama) na najbližu odgovarajuću deponiju, kao i svi troškovi istovara i korištenja odgovarajuće deponije. | C12: m2 | D12: 501 | F12: =D12*$E12 -> 0
A13: 3.37. | B13: Čišćenje reški fasade prizemlja, do dubine od 5 cm u zidu od opeke sa temeljitim otprašivanjem i ispiranjem, sve uz upotrebu odgovarajuće skele. Uključeno čišćenje spojnica sa otprašivanjem. U cijenu stavke uračunat utovar i odvoz razgrađenog materijala (razvrstanog po vrstama) na najbližu odgovarajuću deponiju, kao i svi troškovi istovara i korištenja odgovarajuće deponije. | C13: m2 | D13: 501 | F13: =D13*$E13 -> 0
A14: 3.38. | B14: Otucanje preostale žbuke sa zidova prostorija prizemlja, zidovi od opeke. U stavci uračunata upotreba radne skele. Stavka uključuje i skidanje keramičkih pločica sa zidova gdje je ista postavljena. U cijenu stavke uračunat utovar i odvoz razgrađenog materijala (razvrstanog po vrstama) na najbližu odgovarajuću deponiju, kao i svi troškovi istovara i korištenja odgovarajuće deponije. | C14: m2 | D14: 987 | F14: =D14*$E14 -> 0
B15: 3. Rušenje i razgradnja ukupno: | F15: =SUM(F12:F14) -> 0
A18: 8. | B18: ZIDARSKI RADOVI
A19: 8.9. | B19: Izrada i ugradnja grube žbuke pročelja zgrade od opeke. Prije žbukanja podlogu špricati rijetkim cementnim mortom. Žbuka se produžnim mortom M-10 debljine do 4 cm. Visina žbukanja do 5,0 m. Stavka uključuje sav materijal, rad i upotrebu radne skele. | C19: m2 | D19: 479.8 | E19: 55 | F19: =D19*$E19 -> 26389
A20: 8.10. | B20: Izrada i ugradnja grube i fine žbuke s vanjske strane temelja i sokla prije postavljanje hidroizolacije. Prije žbukanja podlogu špricati rijetkim cementnim mortom. Žbuka se produžnim mortom M-10 debljine do 4 cm. Visina žbukanja do 5,0 m. Stavka uključuje sav materijal, rad. | C20: m2 | D20: 194.5 | E20: 55 | F20: =D20*$E20 -> 10697.5
B21: 8. Zidarski radovi ukupno: | F21: =SUM(F19:F20) -> 37086.5
A23: 9. | B23: RAZNI ZIDARSKI RADOVI
A24: 9.1. | B24: Brtvljenje fasadnih otvora (prozora, stijena i vrata) samoljepljivom trakom. Dobava i ugradnja samoljepljive gumirane trake za fiksiranje. Tehničke karakteristike koje proizvod mora zadovoljiti: - Širina min. 5cm - Otpornost na trganje: ≥150 N/50 mm - Izduženje do sloma: ≥20% Trake se lijepe na prethodno otprašenu podlogu, otprašivanje uključeno u stavci. Stavka uključuje sav rad i materijal osnovni i pomoćni. Sve izvesti prema pravilima struke i po uputi proizvođača. Obračun po m'.
A25: a) | B25: postava s vanjske strane | C25: m' | D25: 165 | F25: =D25*$E25 -> 0
A26: b) | B26: postava s unutarnje strane | C26: m' | D26: 165 | F26: =D26*$E26 -> 0
A27: 9.2. | B27: Obrada špaleta oko otvora u vanjskom zidu. Krpanje i nanos izravnavajućeg sloja produžnim mortom M-5. Stavka uključuje sav materijal i rad, te upotrebu radne skele.
A28: a) | B28: vanjska obrada špalete | C28: m' | D28: 165 | E28: 16 | F28: =D28*$E28 -> 2640
A29: b) | B29: unutarnja obrada špalete | C29: m' | D29: 165 | E29: 16 | F29: =D29*$E29 -> 2640
B30: 9. Razni zdarski radovi ukupno: | F30: =SUM(F25:F29) -> 5280
A32: 13. | B32: TERMOIZOLACIJSKI RADOVI
B33: NAPOMENA: Kod svih stavaka u cijenu uključiti detaljan pregled površine na koju se hidroizolacija postavlja i njeno eventualno potrebno pranje, odmašćivanje, čišćenje od neravnina.
A34: 13.2. | B34: Dobava i postava rubne trake od kamene vune uz pregradne i nosive zidove u debljini od 2 cm u visini slojeva poda. Tehničke karakteristike koje kamena vuna mora zadovoljiti su: • reakcija na požar: razred A1 prema HRN EN 13501-1 ili jednakovrijednoj • toplinska provodljivost ʎ ≤ 0,038 W/mK prema HRN EN 12667 ili jednakovrijednoj • razina stišljivosti CP2 prema HRN EN 12431 ili jednakovrijednoj • dinamička krutost SD ≤ 48 MN/m³ prema HRN EN 29052-1 ili jednakovrijednoj Stavka uključuje rad i materijal osnovni i pomoćni, sve prema nacrtu projektanta. | C34: m' | D34: 340 | F34: =D34*$E34 -> 0
A35: 13.3. | B35: Dobava i ugradnja materijala za izolaciju stropa prizemlja između veznih greda na način da se između greda ispunjava kompaktnim pločama od kamene mineralne vune specifične gustoće 30 kg/m³, vrijednosti toplinske provodljivosti λ ≤ 0,037 W/mK. Potrebna debljina izolacije između rogova je 12,00 cm. Sve izvesti prema pravilima struke i prema uputama proizvođača. U stavku uključen sav rad i materijal osnovni i pomoćni, sve do potpune gotovosti. | C35: m2 | D35: 540.9 | F35: =D35*$E35 -> 0
A36: 13.4. | B36: Dobava i ugradnja materijala za izolaciju stropa prizemlja, na način da se ispod veznih greda postavlja višenamjenska izolacijska ploča od kamene vune kaširana s alu folijom s donje strane. Potrebna debljina izolacije ispod rogova je d = 4,0 cm. Karakteristike tražene izolacije su: - gustoća 30 kg/m³ - toplinske provodljivosti λ ≤ 0,037 W/mK prema normi HRN EN 12667 ili jednakovrijednoj - HRN EN 13162: MW-EN13162-T5-DS(TH)-WS-AF5 ili jednakovrijednoj - klasa gorivosti prema normi HRN EN 13501-1: A1 ili jednakovrijednoj Sve izvesti prema pravilima struke i prema uputama proizvođača. U stavku uključen sav rad i materijal osnovni i pomoćni, sve do potpune gotovosti. | C36: m2 | D36: 540.9 | F36: =D36*$E36 -> 0
B37: 13. Termoizolaterski radovi ukupno: | F37: =SUM(F34:F36) -> 0
A43: 23. | B43: FASADERSKI RADOVI
B44: FASADA SVJETLOSNE GRANICE 20≥HBW≥8
A45: 23.1. | B45: Dobava i ugradnja potrebnih materijala za izvedbu sokla fasadnog toplinsko izolacijskog sustava (svjetlosna granica 20≥HBW≥8) sa namjenskim izolacijskim pločama XPS namijenjenih za izolaciju sokla, d= 10 cm, armirnog sloja ojačanog karbonskim vlaknima, završne silikonske žbuke ojačane karbonskim vlaknima, te završnog bojanja fasadnom bojom ojačanom karbonskim vlaknima u tamnoj nijansi (svjetlosna granica HBW≥8). Cijena stavke uključuje dobavu i postavu komponenti prema uputama proizvođača. Sve elemente fasade ponuditi u okviru atestiranog sustava proizvođača fasade. Prije izvođenja dužnost je izvođača i obračunato je u stavci pripremiti i po potrebi očistiti podlogu, provjeriti stanje i nosivost podloge, ukloniti sve nenosive dijelove, ukoniti sve masnoće i tvari koje razdvajaju. Sokl se izvodi u nastavku i ravnini sa gornjim dijelom fasade, bez vidljivog prijelaza, bez izvedbe razvajajuće šine, sa istim slojem završne žbuke ojačane karbonskim vlaknima. Završni sloj žbuke dodtano se zaštićuje na dijelu netom ispod razine tla i 5 cm iznad tla sa vodoodbojnim premazom i premazuje završnom fasadnom bojom ojačanom karbonskim vlaknima. Detalj izvesti prema projektu i prema tipskom detalju odabranog proizvođača fasadnog sustava. Redoslijed izvođenja:
B46: 1) U zoni podnožja, ljepljenje izolacijskih XPS namjenskih ploča za podnožje (do max 20 cm ispod razine tla) iz atestiranog sustava proizvođača fasade isključivo namjenjenih za izolaciju sokla, koeficijenta toplinske provodljivosti λ≤0,035, tlačne čvrstoće CS (10)150≥ 150 kPa, difuzijskog upijanja vode EN12088 WD(V)5≤5%, vodoupojnosti kod potpunog uranjanja EN12087 WL(T)3≤3%. Debljina ploče d= 10 cm. Lijepljenje se izvodi vapno/cementnim suhim mortom, s hidrauličkim vezanjem, namijenjen za lijepljenje fasadnih izolacijskih ploča i ploča za sokl, posebno na bitumenskim podlogama, isključivo iz atestiranog sustava proizvođača fasade, uz ostvarivanje kontaktne površine od min. 40%. Tehničke karakteristike koje mort mora zadovoljit: • gustoća svježeg morta prema EN 1015-10 ili jednakovrijedno: 1,70 g/cm³ • prionjivost prema EN 1015-12 ili jednakovrijedno: 0,5 N/mm²
B47: 2) Mehaničko pričvršćivanje odgovarajućim pričvrsnicama, u iz atestiranog sustava proizvođača, samo u zoni više od 30 cm iznad razine tla, a njihov broj po m² površine potrebno je dokazati statičkim proračunom (u praksi min. 6 kom/m²). Upuštene pričvrsnice zatvoriti odgovarajućim rondelama iz sustava proizvođača. Tip pričvrsnice obavezno uskaditi sa traženom nosivosti i vrstom podloge na koju se postavljaju. Obaveza je izvođača provjeriti razinu izvedene hidroizolacije kako se prilikom izvedbi pričvrsnica hidroizolacija ne bi oštetila.
B48: 3) Kompletno armiranje postavljenih izolacijskih ploča nanošenjem, mineralnog, karbonskim vlaknima ojačanog, bijelog vapnenocementnog morta za armiranje. Debljina prvog sloja je 3 mm u koji se utiskuje tekstilno-staklena, alkalno otporna mrežica, veličine otvora 4×4 mm s preklopom od minimalno 10 cm. Po izvedenom utiskivanje mrežice nanosi se drugi izravnavajući sloj armirne mase. Ukupna debljina armirnog sloja treba biti min 5 mm. Položaj mrežice u gornjoj trećini sloja. Tehničke karakteristike armirne mase: • Gustoća čvrstog morta (ÖN EN 1015-10): 1,40 g/cm³ • Klasa morta ÖN EN 998-1: CS IV • Toplinska provodljivost: λ10, suho EN 1745: 0,464W/(m.K) Tablična srednja vrijednost (P=50%) • Difuzijski otpor μ (H2O): μ=ca. 50 (EN ISO 7783) • Ponašanje u požaru: Klasa A1 • Koeficijent apsorpcije vode: ÖN EN 998-1: Klasa Wc 2 ETAG 004: ≤ 0,15 kg/m²/24h • Konzistentnost: prah • Vlačna čvrstoća: ÖN EN 1015-12: ≥ 0,5 N/mm2, EPS-F / ETAG 004: ≥0,08N/mm² ili lom izolacijskog materijala
B49: 4) Po izvedbi armirnog sloja nakon odgovarajućeg sušenja a prije izvedbe završnih slojeva izvodi se specijalni pigmentirani temeljni premaz iz sustava proizvođača fasadnog sustava. Temeljni premaz protiv IR zraka, namijen je za premazivanje mineralnih i pastoznih armirnih masa – umjesto temeljnih premaza – za smanjenje termičkog zagrijavanja na visokoizoliranim podlogama pod pastoznim strukturnim žbukama. Premaz se nanosi nerazrijeđen.
B50: 5) Nakon adekvatnog sušenja na naneseni temeljni premaz nanosi se sloj završne žbuke, vrlo difuzivne, ojačane karbonskim vlaknima, s istaknutim efektom vodenih perli i fotokatalitičkim djelovanjem, u veličini zrna d=2 mm i tamnoj nijansi (svjetlosna granica HBW≥8) prema izboru projektanta (u nijansi završne boje). • Stopa propusnosti vode w prema ÖN EN 1062-3: ≤ 0,05 [kg/(m2xh0,5)] W3 niska • Difuzijski otpor µ prema EN ISO 7783: 65 V1 visok • Toplinska provodljivost λ10,suho prema EN 1745: 1,09 W/(m.K) Tablična srednja vrijednost (P=50 %) • Reakcija na požar prema ÖN EN 13501-1: Euroklasa A2
B51: 6) Po adekvatnom sušenju, na izvedeni sloj žbuke u podnožju se izvodi zaštitni premaz 2-komponentnom masa za lijepljenje i armiranje, ojačanom karbonskim vlaknima kao zaštitni brtveni premaz u podnožju / području dodira s tlom (izvodi se ispod razine tla dokle seže završna žbuka i 5 cm iznad razine tla). Služi kao prikladna zaštita od vlage u vidu predpremaza ili izravnavajućeg sloja na armirnim masama ispod razine zemlje i 30 cm iznad. Premaz se izvodi 5 cm iznad razine tla. Nanosi se kistom ili četkom razrijeđen s maks. 5% čiste vode. Premazom obavezno temeljito zaštititi završnu površinu žbuke ispod zemlje. Prije upotrebe materijal se miješa sa cementom prema uputi iz tehničke informacije. Karekteristike premaza: • Difuzijski otpor µ (H2 O): 1350 • Difuzivno ekvivalentna debljina zračnog sloja Sd H2O: 2,7 m (DIN 52615 ili jednakovrijedno) • Koeficijent apsorpcije vode: razred III, nizak, prema DIN EN 1062-3 ili jednakovrijedno • Kapilarno upijanje vode:Kapilarno upijanje vode < 0,02 kg/m2 h 0,5 prema DIN EN 1062 ili jednakovrijedno zajamčena granična vrijednost: 0,1 kg/m2 h0,5
B52: 7) Nakon sušenja završne žbuke i izvedenog vodoodbojnog premaza, dodatni zaštitni premaz visokokvalitetnom nanohibridnom fasadnom bojom za optimalnu solarnu refleksiju kod tamnih tonova, ojačanom karbonskim vlaknima hidrofobne, velike paropropusnosti, s efektom vodenih perli, efektom samočišćenja i otporne na atmosferilije i mikroorganizme. Boju tonirati u tamnoj nijansi prema izboru projektanta (svjetlosna granica HBW≥8). • vodoupropusnost (w vrijednost): < 0,06 [kg/(m2 x h0,5 )], razred "niska vodopropusnost” prema normi DIN EN 1062 ili jednakovrijednoj • paropropusnost (sd-H20): < 0,03 m, razred "visoki stupanj difuzije vodene pare” prema normi DIN EN 1062-2 ili jednakovrijednoj
B53: U stavci je obračunata dobava i postava svog ostalog pribora iz atestiranog sustava proizvođača (kutni profili, okapni profili, i dr). Obaveza je izvođača sve navedene elemente izvesti u sustavu odabranog proizvođača fasadnog sustava. Sve radove izvesti prema tehničkim uputama proizvođača fasadnog sustava te u skladu s važećim tehničkih propisima i zakonskom regulativom poštujući smjernice za ugradnju fasadnih sustava. Stavka uključuje sav rad i materijal osnovni i pomoćni sve do potpune gotovosti. | C53: m2 | D53: 388.2 | E53: 130 | F53: =D53*$E53 -> 50466
A54: 23.2. | B54: Dobava i ugradnja potrebnih materijala za izvedbu ETICS fasadnog toplinsko izolacijskog sustava za tamne fasade (svjetlosna granica 20≥HBW≥8) s izolacijskim pločama od mineralne vune, koeficijenta toplinske provodljivosti λ≤0,035, d= 5-14 cm, armirnih slojeva ojačanim karbonskim vlaknima, završne žbuke ojačane karbonskim vlaknima te završnog bojanja nanohibridnom fasadnom bojom ojačanom karbonskim vlaknima za optimalnu refleksiju kod tamnih tonova kao u tamnoj nijansi (svjetlosna granica HBW≥8). Prije izvođenja obaveza je izvođača prema zahtjevima iz projekta u svrhu ispravno riješenih detalja te osiguranja trajnosti izvedenog fasadnog sustava definirati sve detalje izvedbe unutar odabranog ponuđača fasadnog sustava. To se naročito odnosi na sve spojeve sa bravarijom, stolarijom i limarijom, uskladiti postavu kutnih, rubnih i ostalih pribora prema zahtjevima na samoj fasadi. Obaveza je također provjeriti stanje podloge te prema potrebi podlogu adekvatno pripremiti pranjem, čišćenjem i nanošenjem odgovarajućeg temeljnog premaza. Sokl se izvodi u nastavku i ravnini sa gornjim dijelom fasade, bez vidljivog prijelaza, bez izvedbe razvajajuće šine, sa istim slojem završne silikonske žbuke ojačane karbonskim vlaknima i premazuje završnom fasadnom bojom ojačanom karbonskim vlaknima. Cijena stavke uključuje dobavu i postavu komponenti prema uputama proizvođača. Sve elemente fasade ponuditi u okviru atestiranog sustava proizvođača fasade. Redoslijed izvođenja:
B55: 1) Lijepljenje fasadnih izolacijskih ploča od mineralne vune, debljine, d = 5-14 cm. Tehničke karakteristike proizvoda: • reakcija na požar: razred A1 prema HRN EN 13501-1 ili jednakovrijednoj • deklarirana toplinska provodljivost, λd ≤ 0,035 W/mK prema HRN EN 12667 ili jednakovrijednoj • tlačna čvrstoća kod 10% deformacije CS(10): ≥ 15 kPa prema HRN EN 826 ili jednakovrijednoj • delaminacijska čvrstoća (TR) ≥ 7,5 kPa prema HRN EN 1607 ili jednakovrijednoj Lijepljenje se izvodi cementom vezanim mineralnim suhim mortom poboljšanim umjetnom smolom namijenjenim za lijepljenje izolacijskih materijala, isključivo iz atestiranog sustava proizvođača fasade, uz ostvarivanje kontaktne površine od min. 40%.
B56: Tehničke karakteristike koje mort mora zadovoljit: • Gustoća čvrstog morta (ÖN EN 1015-10 ili jednakovrijedno): 1,70 g/cm³ • Klasa morta ÖN EN 998-1 ili jednakovrijedno: CS IV • Toplinska provodljivost: λ10, suho EN 1745 ili jednakovrijedno: 0,77 W/(m.K) Tablična srednja vrijednost (P=50%) • Difuzijski otpor μ (H2 O): μ= 75 (EN ISO 7783 ili jednakovrijedno) • Vlačna čvrstoća vezanja: ÖN EN 1015-12 ili jednakovrijedno: 0,5 N/m2, EPS-F/MW*/LS */Konoplja* ETAG 004: ≥0,08N/mm² * ili lom izolacijskog materijala • Ponašanje u požaru: Klasa A1
B57: 2) Mehaničko pričvršćivanje odgovarajućim upuštenim pričvrsnicama, u iz atestiranog sustava proizvođača, a njihov broj po m² površine potrebno je dokazati statičkim proračunom (u praksi min. 6 kom/m²). Upuštene pričvrsnice zatvoriti rondelama za mineralnu vunu. Tip pričvrsnice obavezno uskaditi sa vrstom podloge na koju se postavljaju.
B58: 3) Kompletno armiranje postavljenih izolacijskih ploča nanošenjem, mineralnog, karbonskim vlaknima ojačanog, bijelog vapnenocementnog morta za armiranje. Debljina prvog sloja je 3 mm u koji se utiskuje tekstilno-staklena, alkalno otporna mrežica, veličine otvora 4×4 mm s preklopom od minimalno 10 cm. Po izvedenom utiskivanje mrežice nanosi se drugi izravnavajući sloj armirne mase. Ukupna debljina armirnog sloja treba biti 5 mm. Položaj mrežice u gornjoj trećini sloja. Tehničke karakteristike armirane mase: • Gustoća čvrstog morta (ÖN EN 1015-10 ili jednakovrijedno): 1,40 g/cm³ • Klasa morta ÖN EN 998-1 ili jednakovrijedno: CS IV • Toplinska provodljivost: λ10, suho EN 1745 ili jednakovrijedno: 0,464W/(m.K) Tablična srednja vrijednost (P=50%) • Difuzijski otpor μ (H2O): μ=50 (EN ISO 7783 ili jednakovrijedno) • Ponašanje u požaru: Klasa A1 • Koeficijent apsorpcije vode: ÖN EN 998-1 ili jednakovrijedno: Klasa Wc 2, ETAG 004: ≤ 0,15 kg/m²/24h • Konzistentnost: prah • Vlačna čvrstoća: ÖN EN 1015-12 ili jednakovrijedno: ≥ 0,5 N/mm2, EPS-F / ETAG 004: ≥0,08N/mm² ili lom izolacijskog materijala
B59: 4) Po izvedbi armirnog sloja nakon odgovarajućeg sušenja a prije izvedbe završnih slojeva izvodi se specijalni pigmentirani temeljni premaz iz sustava proizvođača fasadnog sustava. Temeljni premaz protiv IR zraka, namijen je za premazivanje mineralnih i pastoznih armirnih masa – umjesto temeljnih premaza – za smanjenje termičkog zagrijavanja na visokoizoliranim podlogama pod pastoznim strukturnim žbukama. Premaz se nanosi nerazrijeđen.
B60: 5) Nakon adekvatnog sušenja na naneseni temeljni premaz nanosi se sloj završne žbuke, vrlo difuzivne, ojačane karbonskim vlaknima, s istaknutim efektom vodenih perli i fotokatalitičkim djelovanjem, u veličini zrna d=2 mm i tamnoj nijansi (svjetlosna granica HBW≥8) prema izboru projektanta (u nijansi završne boje). • Stopa propusnosti vode w prema ÖN EN 1062-3 ili jednakovrijedno: ≤ 0,05 [kg/(m2xh0,5)] W3 niska • Difuzijski otpor µ prema EN ISO 7783 ili jednakovrijedno: 65 V1 visok • Toplinska provodljivost λ10, suho prema EN 1745 ili jednakovrijedno: 1,09 W/(m.K) Tablična srednja vrijednost (P=50 %) • Reakcija na požar prema ÖN EN 13501-1 ili jednakovrijedno: Euroklasa A2 Žbuka se izvodi u dvije granulacije: na ravnom dijelu fasade u krupnijoj i na mjestima prozora finijoj.
B61: 6) Nakon sušenja završne žbuke, dodatni zaštitni premaz visokokvalitetnom nanohibridnom fasadnom bojom za optimalnu solarnu refleksiju kod tamnih tonova, ojačanom karbonskim vlaknima hidrofobne, velike paropropusnosti, s efektom vodenih perli, efektom samočišćenja i otporne na atmosferilije i mikroorganizme. Boju nanijeti u jednom sloju. Boju tonirati u nijansi prema izboru projektanta (svjetlosna granica HBW≥8). • vodoupropusnost (w vrijednost): < 0,06 [kg/(m2 x h0,5 )], razred "niska vodopropusnost” prema normi DIN EN 1062 ili jednakovrijednoj • paropropusnost (sd-H20): < 0,03 m, razred "visoki stupanj difuzije vodene pare” prema normi DIN EN 1062-2 ili jednakovrijednoj
B62: Dobava i postava ostalog pribora (kutni profili, okapni profili, te špaletni elementi za prozore i vrata, dilatacijskih profila, završnih profila za žbuku i dr. koji su sastavni dio sistema). Sve radove izvesti prema tehničkim uputama proizvođača fasadnog sustava te u skladu s važećim tehničkih propisima i zakonskom regulativom poštujući smjernice za ugradnju fasadnih sustava. Stavka uključuje sav rad i materijal osnovni i pomoćni sve do potpune gotovosti.
A63: a) | B63: Izvedba ETICS fasadnog toplinsko izolacijskog sustava s izolacijskim pločama od kamene vune debljine 14 cm | C63: m2 | D63: 388.2 | E63: 134 | F63: =D63*$E63 -> 52018.8
A64: b) | B64: Izvedba ETICS fasadnog toplinsko izolacijskog sustava s izolacijskim pločama od kamene vune debljine 10 cm | C64: m2 | D64: 388.2 | E64: 130 | F64: =D64*$E64 -> 50466
A65: c) | B65: Izvedba ETICS fasadnog toplinsko izolacijskog sustava s izolacijskim pločama od kamene vune debljine 8 cm | C65: m2 | D65: 59 | E65: 128 | F65: =D65*$E65 -> 7552
A66: d) | B66: Izvedba ETICS fasadnog toplinsko izolacijskog sustava s izolacijskim pločama od kamene vune debljine 5 cm | C66: m2 | D66: 63 | E66: 125 | F66: =D66*$E66 -> 7875
A67: e) | B67: Obrada špaleta širine do 25 cm | C67: m' | D67: 124 | E67: 83 | F67: =D67*$E67 -> 10292
B68: FASADA SVJETLOSNE GRANICE HBW≥20
A69: 23.3. | B69: Dobava i ugradnja potrebnih materijala za izvedbu sokla ETICS fasadnog toplinsko izolacijskog sustava s izolacijskim pločama XPS, namjenskih ploča za podnožje, koeficijenta toplinske provodljivosti λ≤0,035, d=10 cm, armirnih slojeva i završne silikonske žbuke ojačane karbonskim vlaknima u svijetloj nijansi (HBW≥ 20) i premazuje završnom fasadnom bojom ojačanom karbonskim vlaknima. Kao opciju stavka uključuje i vodoodbojnu zaštitu najdonjeg dijela sokla vodoodbojnim premazom. Cijena stavke uključuje dobavu i postavu komponenti prema uputama proizvođača. Sve elemente fasade ponuditi u okviru atestiranog sustava proizvođača fasade. Obaveza je također provjeriti stanje podloge te prema potrebi podlogu adekvatno pripremiti pranjem, čišćenjem i nanošenjem odgovarajućeg temeljnog premaza što je obračunato u stavci. Kako se većina fasade izvodi na podlozi od betona ukoliko je podloga upojna preporuka je izvedba temeljnog vodorazrjedivog premaza razrijeđenog s vodom ovisno o upojnosti podloge. Redoslijed izvođenja:
B70: 1) U zoni podnožja, ljepljenje izolacijskih XPS, namjenskih ploča za podnožje (do max 20 cm ispod razine tla) iz atestiranog sustava proizvođača fasade isključivo namjenjenih za izolaciju sokla, koeficijenta toplinske provodljivosti λ≤0,035, tlačne čvrstoće CS (10)150≥ 150 kPa, difuzijskog upijanja vode EN12088 WD(V)5≤5%, vodoupojnosti kod potpunog uranjanja EN12087 WL(T)3≤3%. Debljina ploče d= 20 cm. Lijepljenje se izvodi cementom vezanim mineralnim suhim mortom poboljšanim umjetnom smolom namijenjenim za lijepljenje izolacijskih materijala, isključivo iz atestiranog sustava proizvođača fasade, uz ostvarivanje kontaktne površine od min. 40%. Tehničke karakteristike koje mort mora zadovoljiti: • Gustoća čvrstog morta (ÖN EN 1015-10=: 1,70 g/cm³ • Klasa morta ÖN EN 998-1: CS IV • Toplinska provodljivost: λ10, suho EN 1745: 0,77 W/(m.K) Tablična srednja vrijednost (P=50%) • Difuzijski otpor μ (H2 O): μ= 75 (EN ISO 7783) • Vlačna čvrstoća vezanja: ÖN EN 1015-12: 0,5 N/m2, EPS-F/MW*/LS */Konoplja* ETAG 004: ≥0,08N/mm² * ili lom izolacijskog materijala • Ponašanje u požaru: Klasa A1
B71: 2) Kompletno armiranje izolacijskih ploča nanošenjem armirnog sloja od svijetlog, mineralnog morta za lijepljenje i armiranje, hidratiziranog vapna i visokokvalitetnog, frakcioniranog, drobljenog pješčanog vapnenca, isključivo iz atestiranog sustava proizvođača fasade. Tehničke karakteristike morta: • Gustoća: 1,68 g/cm3 (svježi mort) • veličina zrna: 1,2 mm • Koeficijent apsorpcije vode: < 0,5 kg/m2/24 h • Konzistentnost: Prah • ispitan prema normi ÖNORM B 6121 ili jednakovrijednoj U mort se u svježem stanju utiskuje tekstilno-staklena, alkalno otporna mrežica 160 g/m2, veličine otvora 4×4 mm s preklopom od minimalno 10 cm. Pozicija mrežice u polovini do gornje trećine debljine sloja. Debljina armirnog sloja min 5 mm. Obavezno dodatno ojačanje kuteva otvora dijagonalno postavljenim mrežicama dimenzija 20×40 cm ili 30×50 cm, sve iz sustava proizvođača fasade. Sve preklope armirne mrežice odraditi prema uputama proizvođača.
B72: 3) Po izvedbi armirnog sloja nakon odgovarajućeg sušenja a prije izvedbe završnih slojeva izvodi se temeljni premaz iz sustava proizvođača fasadnog sustava. Temeljni premaz je sredstvo za bolje prijanjanje strukturne žbuke na mineralnim podlogama i fasadnim sustavima. Toniranti u nijansu prema završnoj strukturnoj žbuci. Kombinacija veziva od akrilat-kopolimera, silikonskih smola i silikata.
B73: 4) Nakon adekvatnog sušenja na naneseni temeljni premaz nanosi se sloj završne žbuke, vrlo difuzivne, ojačane karbonskim vlaknima, s istaknutim efektom vodenih perli i fotokatalitičkim djelovanjem, u veličini zrna d=2 mm i svijetloj nijansi (svjetlosna granica HBW≥20) prema izboru projektanta (u nijansi završne boje). • Stopa propusnosti vode w prema ÖN EN 1062-3 ili jednakovrijednoj: ≤ 0,05 [kg/(m2xh0,5)] W3 niska • Difuzijski otpor µ prema EN ISO 7783 ili jednakovrijednoj: 65 V1 visok • Toplinska provodljivost λ10,suho prema EN 1745 ili jednakovrijednoj: 1,09 W/(m.K) Tablična srednja vrijednost (P=50 %) • Reakcija na požar prema ÖN EN 13501-1 ili jednakovrijednoj: Euroklasa A2 Žbuka se izvodi u dvije granulacije: na ravnom dijelu fasade u krupnijoj i na mjestima prozora finijoj.
B74: 5) Kao opcija: Po adekvatnom sušenju, na izvedeni sloj žbuke u podnožju se izvodi zaštitni premaz 2-komponentnom masa za lijepljenje i armiranje, ojačanom karbonskim vlaknima kao zaštitni brtveni premaz u podnožju / području dodira s tlom ( izvodi se ispod razine tla dokle seže završna žbuka i 5 cm iznad razine tla). Služi kao prikladna zaštita od vlage u vidu predpremaza ili izravnavajućeg sloja na armirnim masama ispod razine zemlje i dijela sokla iznad. Premaz se izvodi 5 cm iznad razine tla. Nanosi se kistom ili četkom razrijeđen s maks. 5% čiste vode. Prije korištenja premaz se miješa sa cementom u omjerima prema uputi iz tehničke informacije proizvoda. Premazom obavezno temeljito zaštititi završnu površinu žbuke ispod zemlje. Karakteristike premaza: • Gustoća: 1,1 g/cm3 bez dodatka cementa • Difuzivno ekvivalentna debljina zračnog sloja sdH2O: Difuzivno ekvivalentna debljina zračnog sloja sdH2O ca. 2,2 m prema DIN EN ISO 7783 ili jednakovrijednoj(pri 2 mm) • Baza veziva: Vodena stiroakrilatna-kopolimerna disperzija • Permeabilnost vode (w-vrijednost): w: ca. 0,02 kg/(m2 h1/2) prema DIN EN 1062-3 Klasa W3 (niska) prema DIN EN 1062 ili jednakovrijednoj
B75: 6) 'Nakon adekvatnog vremena sušenja izvodi se završno bojanje fasade u jednoj ruci sa strukturnom bojom ojačanom karbonskim vlaknima na bazi kombiniranog veziva i silikonskih smola u svjetloj nijansi (svjetlosna granica HBW≥20). Svojstva završnog premaza: - otpornost na vremenske utjecaje - vodopropusnost (vrijednost w ): ≤ 0,06 [kg/(m2  h0,5)], odgovara razredu "niska vodopropusnost” prema normi DIN EN 1062 ili jednakovrijednoj - paropropusnost (vrijednost sd-H2O): ≤ 0,03 m , odgovara razredu "visok stupanj difuzije vodene pare” prema normi DIN EN 1062-2 ili jednakovrijednoj - ekstremna hidrofobnost sa efektom stvaranja vodenih kapljica, svodi onečišćenje fasade na najmanju mjeru - svojstvo samočišćenja zahvaljujući specijalnim pigmentima koji djeluju kao fotokatalizatori - otpornost na agresivne štetne tvari iz zraka - ojačana karbonskim vlaknima
B76: U stavci je obračunata dobava i postava svog ostalog pribora iz atestiranog sustava proizvođača (kutni profili, okapni profili, i dr). Obaveza je izvođača sve navedene elemente izvesti u sustavu odabranog proizvođača fasadnog sustava. Sve radove izvesti prema tehničkim uputama proizvođača fasadnog sustava te u skladu s važećim tehničkih propisima i zakonskom regulativom poštujući smjernice za ugradnju fasadnih sustava. Stavka uključuje sav rad i materijal osnovni i pomoćni sve do potpune gotovosti. | C76: m2 | D76: 129.4 | E76: 74 | F76: =D76*$E76 -> 9575.6
A77: 23.4. | B77: Dobava i ugradnja potrebnih materijala za izvedbu ETICS fasadnog toplinsko izolacijskog sustava s izolacijskim pločama od mineralne vune, koeficijenta toplinske provodljivosti λ≤0,035, d=5-14 cm, armirnih slojeva i završne silikonske žbuke u svijetloj nijansi (HBW ≥20). Prije izvođenja obaveza je izvođača prema zahtjevima iz projekta u svrhu ispravno riješenih detalja te osiguranja trajnosti izvedenog fasadnog sustava definirati sve detalje izvedbe unutar odabranog ponuđača fasadnog sustava. To se naročito odnosi na sve spojeve sa bravarijom, stolarijom i limarijom, uskladiti postavu kutnih, rubnih i ostalih pribora prema zahtjevima na samoj fasadi. Sokl se izvodi u nastavku i ravnini sa gornjim dijelom fasade, bez vidljivog prijelaza, bez izvedbe razvajajuće šine, sa istim slojem završne silikonske žbuke i premazuje završnom fasadnom bojom ojačanom karbonskim vlaknima. Obaveza je također provjeriti stanje podloge te prema potrebi podlogu adekvatno pripremiti pranjem, čišćenjem i nanošenjem odgovarajućeg temeljnog premaza što je obračunato u stavci. Ukoliko je podloga upojna preporuka je izvedba temeljnog vodorazrjedivog premaza razrijeđenog s vodom ovisno o upojnosti podloge. Redoslijed izvođenja:
B78: 1) Lijepljenje fasadnih izolacijskih ploča od mineralne vune Tehničke karakteristike proizvoda: • reakcija na požar: razred A1 prema HRN EN 13501-1 ili jednakovrijednoj • deklarirana toplinska provodljivost,λd ≤ 0,035 W/mK prema HRN EN 12667 ili jednakovrijednoj • tlačna čvrstoća kod 10% deformacije CS(10): ≥ 15 kPa prema HRN EN 826 ili jednakovrijednoj • delaminacijska čvrstoća (TR) ≥ 7,5 kPa prema HRN EN 1607 ili jednakovrijednoj Lijepljenje se izvodi cementom vezanim mineralnim suhim mortom poboljšanim umjetnom smolom namijenjenim za lijepljenje izolacijskih materijala, isključivo iz atestiranog sustava proizvođača fasade, uz ostvarivanje kontaktne površine od min. 40%. Tehničke karakteristike koje mort mora zadovoljit: • Gustoća čvrstog morta (ÖN EN 1015-10 ili jednakovrijednoj) =: 1,70 g/cm³ • Klasa morta ÖN EN 998-1 ili jednakovrijednoj: CS IV • Toplinska provodljivost: λ10, suho EN 1745 ili jednakovrijednoj: 0,77 W/(m.K) Tablična srednja vrijednost (P=50%) • Difuzijski otpor μ (H2 O): μ= 75 (EN ISO 7783 ili jednakovrijednoj) • Vlačna čvrstoća vezanja: ÖN EN 1015-12 ili jednakovrijednoj: 0,5 N/m2 EPS-F/MW*/LS */Konoplja* ETAG 004: ≥0,08N/mm² * ili lom izolacijskog materijala • Ponašanje u požaru: Klasa A1
B79: 2) Mehaničko pričvršćivanje odgovarajućim upuštenim pričvrsnicama, u iz atestiranog sustava proizvođača, a njihov broj po m² površine potrebno je dokazati statičkim proračunom (u praksi min. 6 kom/m²). Upuštene pričvrsnice zatvoriti rondelama za mineralnu vunu. Tip pričvrsnice obavezno uskaditi sa vrstom podloge na koju se postavljaju.
B80: 3) Kompletno armiranje izolacijskih ploča nanošenjem armirnog sloja od svijetlog, mineralnog morta za lijepljenje i armiranje, hidratiziranog vapna i visokokvalitetnog, frakcioniranog, drobljenog pješčanog vapnenca, isključivo iz atestiranog sustava proizvođača fasade. Tehničke karakteristike morta: • Gustoća: 1,68 g/cm3 (svježi mort) • veličina zrna: 1,2 mm • Koeficijent apsorpcije vode: < 0,5 kg/m2/24 h • Konzistentnost: Prah • ispitan prema normi ÖNORM B 6121 ili jednakovrijednoj U mort se u svježem stanju utiskuje tekstilno-staklena, alkalno otporna mrežica 160 g/m2, veličine otvora 4×4 mm s preklopom od minimalno 10 cm. Pozicija mrežice u polovini do gornje trećine debljine sloja. Debljina armirnog sloja min 5 mm. Obavezno dodatno ojačanje kuteva otvora dijagonalno postavljenim mrežicama dimenzija 20×40 cm ili 30×50 cm, sve iz sustava proizvođača fasade. Sve preklope armirne mrežice odraditi prema uputama proizvođača.
B81: 4) Po izvedbi armirnog sloja nakon odgovarajućeg sušenja a prije izvedbe završnih slojeva izvodi se temeljni premaz Putzgrund iz sustava proizvođača fasadnog sustava. Temeljni premaz je sredstvo za bolje prijanjanje strukturne žbuke na mineralnim podlogama i fasadnim sustavima. Toniranti u nijansu prema završnoj strukturnoj žbuci. Kombinacija veziva od akrilat-kopolimera, silikonskih smola i silikata.
B82: 5) Nakon adekvatnog sušenja na naneseni temeljni premaz nanosi se sloj završne žbuke, vrlo difuzivne, ojačane karbonskim vlaknima, s istaknutim efektom vodenih perli i fotokatalitičkim djelovanjem, u veličini zrna d=2 mm i svjetloj nijansi (svjetlosna granica HBW≥20) prema izboru projektanta (u nijansi završne boje). • Stopa propusnosti vode w prema ÖN EN 1062-3 ili jednakovrijednoj: ≤ 0,05 [kg/(m2xh0,5)] W3 niska • Difuzijski otpor µ prema EN ISO 7783 ili jednakovrijednoj: 65 V1 visok • Toplinska provodljivost λ10,suho prema EN 1745 ili jednakovrijednoj: 1,09 W/(m.K) Tablična srednja vrijednost (P=50 %) • Reakcija na požar prema ÖN EN 13501-1 ili jednakovrijednoj: Euroklasa A2 Žbuka se izvodi u dvije granulacije: na ravnom dijelu fasade u krupnijoj i na mjestima prozora finijoj.
B83: 6) Nakon adekvatnog vremena sušenja izvodi se završno bojanje fasade u jednoj ruci sa strukturnom bojom ojačanom karbonskim vlaknima na bazi kombiniranog veziva Silacryla i silikonskih smola u svjetloj nijansi (svjetlosna granica HBW≥20). Svojstva završnog premaza: - otpornost na vremenske utjecaje - vodopropusnost (vrijednost w ): ≤ 0,06 [kg/(m²  h0,5)], odgovara razredu "niska vodopropusnost” prema normi DIN EN 1062 ili jednakovrijednoj - paropropusnost (vrijednost sd-H2O): ≤ 0,03 m , odgovara razredu "visok stupanj difuzije vodene pare” prema normi DIN EN 1062-2 ili jednakovrijednoj - ekstremna hidrofobnost sa efektom stvaranja vodenih kapljica, svodi onečišćenje fasade na najmanju mjeru - svojstvo samočišćenja zahvaljujući specijalnim pigmentima koji djeluju kao fotokatalizatori - otpornost na agresivne štetne tvari iz zraka - ojačana karbonskim vlaknima
B84: Dobava i postava ostalog pribora (kutni profili i okapni profili, te špaletni elementi za prozore i vrata i dr. koji su sastavni dio sistema). Sve radove izvesti prema tehničkim uputama proizvođača fasadnog sustava te u skladu s važećim tehničkih propisima i zakonskom regulativom poštujući smjernice za ugradnju fasadnih sustava. Stavka uključuje sav rad i materijal osnovni i pomoćni sve do potpune gotovosti.
A85: a) | B85: Izvedba ETICS fasadnog toplinsko izolacijskog sustava s izolacijskim pločama od kamene vune debljine 14 cm | C85: m2 | D85: 129.4 | E85: 78 | F85: =D85*$E85 -> 10093.2
A86: b) | B86: Izvedba ETICS fasadnog toplinsko izolacijskog sustava s izolacijskim pločama od kamene vune debljine 10 cm | C86: m2 | D86: 129.4 | E86: 74 | F86: =D86*$E86 -> 9575.6
A87: c) | B87: Izvedba ETICS fasadnog toplinsko izolacijskog sustava s izolacijskim pločama od kamene vune debljine 8 cm | C87: m2 | D87: 59 | E87: 72 | F87: =D87*$E87 -> 4248
A88: d) | B88: Izvedba ETICS fasadnog toplinsko izolacijskog sustava s izolacijskim pločama od kamene vune debljine 5 cm | C88: m2 | D88: 63 | E88: 69 | F88: =D88*$E88 -> 4347
A89: e) | B89: Obrada špaleta širine do 25 cm | C89: m' | D89: 42 | E89: 48 | F89: =D89*$E89 -> 2016
B90: 23. Fasaderski radovi ukupno: | F90: =SUM(F53:F89) -> 218525.2
A94: 26. | B94: RAZNI RADOVI
A95: 26.1. | B95: Zaštita hodne površine ispod skele dvostrukom čvrstom PVC folijom i OSB pločama. U cijenu uključen sav potreban rad i materijal. | C95: m2 | D95: 190.5 | E95: 9.45 | F95: =D95*$E95 -> 1800.225

Sheet Zgrada 14
A1: stavka | B1: opis stavke | C1: jedin. mjere | D1: količina | E1: jedinična cijena (euro) | F1: ukupno (euro)
A3: IV. | B3: ZGRADA 14
A5: A. | B5: GRAĐEVINSKO-OBRNIČKI RADOVI
A7: 1. | B7: SKELA
A8: 1.1. | B8: Dobava, postava, skidanje i otprema cijevne fasadne skele, od bešavnih cijevi. Skelu izvesti prema važećim HTZ propisima. Skelu je potrebno osigurati od prevrtanja, sidrennjem u građevinu, a od udara munje uzemljenjem. Potrebno je izvesti pomične željezne ili drvene ljestve – penjalice u svrhu osiguranja vertikalne komunikacije po skeli. Prije izvedbe skele izvođač je dužan izraditi projekt skele, što je u cijeni stavke. Obračun se vrši po m² vertikalne projekcije površine skele. Stavka uključuje rad i materijal osnovni i pomoćni, sve do potpune funkcionalnosti. | C8: m2 | D8: 698 | E8: 11.55 | F8: =D8*$E8 -> 8061.9
B9: 1. Skela ukupno: | F9: =SUM(F8) -> 8061.9
A11: 3.37. | B11: Čišćenje reški fasade prizemlja, do dubine od 5 cm u zidu od opeke sa temeljitim otprašivanjem i ispiranjem, sve uz upotrebu odgovarajuće skele. Uključeno čišćenje spojnica sa otprašivanjem. U cijenu stavke uračunat utovar i odvoz razgrađenog materijala (razvrstanog po vrstama) na najbližu odgovarajuću deponiju, kao i svi troškovi istovara i korištenja odgovarajuće deponije. | C11: m2 | D11: 499 | E11: 10.5 | F11: =D11*$E11 -> 5239.5
A14: 8. | B14: ZIDARSKI RADOVI
A15: 8.10. | B15: Izrada i ugradnja grube žbuke pročelja zgrade od opeke. Prije žbukanja podlogu špricati rijetkim cementnim mortom. Žbuka se produžnim mortom M-10 debljine do 4 cm. Visina žbukanja do 5,0 m. Stavka uključuje sav materijal, rad i upotrebu radne skele. | C15: m2 | D15: 479.8 | E15: 55 | F15: =D15*$E15 -> 26389
A16: 8.11. | B16: Izrada i ugradnja grube i fine žbuke s vanjske strane temelja i sokla prije postavljanje hidroizolacije. Prije žbukanja podlogu špricati rijetkim cementnim mortom. Žbuka se produžnim mortom M-10 debljine do 4 cm. Visina žbukanja do 5,0 m. Stavka uključuje sav materijal, rad. | C16: m2 | D16: 194.5 | E16: 55 | F16: =D16*$E16 -> 10697.5
B17: 8. Zidarski radovi ukupno: | F17: =SUM(F15:F16) -> 37086.5
A19: 9. | B19: RAZNI ZIDARSKI RADOVI
A20: 9.1. | B20: Brtvljenje fasadnih otvora (prozora, stijena i vrata) samoljepljivom trakom. Dobava i ugradnja samoljepljive gumirane trake za fiksiranje. Tehničke karakteristike koje proizvod mora zadovoljiti: - Širina min. 5cm - Otpornost na trganje: ≥150 N/50 mm - Izduženje do sloma: ≥20% Trake se lijepe na prethodno otprašenu podlogu, otprašivanje uključeno u stavci. Stavka uključuje sav rad i materijal osnovni i pomoćni. Sve izvesti prema pravilima struke i po uputi proizvođača. Obračun po m'.
A21: a) | B21: postava s vanjske strane | C21: m' | D21: 160.5 | F21: =D21*$E21 -> 0
A22: b) | B22: postava s unutarnje strane | C22: m' | D22: 160.5 | F22: =D22*$E22 -> 0
A23: 9.2. | B23: Obrada špaleta oko otvora u vanjskom zidu. Krpanje i nanos izravnavajućeg sloja produžnim mortom M-5. Stavka uključuje sav materijal i rad, te upotrebu radne skele.
A24: a) | B24: vanjska obrada špalete | C24: m' | D24: 160.5 | E24: 16 | F24: =D24*$E24 -> 2568
A25: b) | B25: unutarnja obrada špalete | C25: m' | D25: 160.5 | E25: 16 | F25: =D25*$E25 -> 2568
B26: 9. Razni zdarski radovi ukupno: | F26: =SUM(F21:F25) -> 5136
A29: 13. | B29: TERMOIZOLACIJSKI RADOVI
B30: NAPOMENA: Kod svih stavaka u cijenu uključiti detaljan pregled površine na koju se hidroizolacija postavlja i njeno eventualno potrebno pranje, odmašćivanje, čišćenje od neravnina.
A31: 13.2. | B31: Dobava i postava rubne trake od kamene vune uz pregradne i nosive zidove u debljini od 2 cm u visini slojeva poda. Tehničke karakteristike koje kamena vuna mora zadovoljiti su: • reakcija na požar: razred A1 prema HRN EN 13501-1 ili jednakovrijednoj • toplinska provodljivost ʎ ≤ 0,038 W/mK prema HRN EN 12667 ili jednakovrijednoj • razina stišljivosti CP2 prema HRN EN 12431 ili jednakovrijednoj • dinamička krutost SD ≤ 48 MN/m³ prema HRN EN 29052-1 ili jednakovrijednoj Stavka uključuje rad i materijal osnovni i pomoćni, sve prema nacrtu projektanta. | C31: m' | D31: 331 | F31: =D31*$E31 -> 0
A32: 13.3. | B32: Dobava i ugradnja materijala za izolaciju stropa prizemlja između veznih greda na način da se između greda ispunjava kompaktnim pločama od kamene mineralne vune specifične gustoće 30 kg/m³, vrijednosti toplinske provodljivosti λ ≤ 0,037 W/mK. Potrebna debljina izolacije između rogova je 12,00 cm. Sve izvesti prema pravilima struke i prema uputama proizvođača. U stavku uključen sav rad i materijal osnovni i pomoćni, sve do potpune gotovosti. | C32: m2 | D32: 504.5 | F32: =D32*$E32 -> 0
A33: 13.4. | B33: Dobava i ugradnja materijala za izolaciju stropa prizemlja, na način da se ispod veznih greda postavlja višenamjenska izolacijska ploča od kamene vune kaširana s alu folijom s donje strane. Potrebna debljina izolacije ispod rogova je d = 4,0 cm. Karakteristike tražene izolacije su: - gustoća 30 kg/m³ - toplinske provodljivosti λ ≤ 0,037 W/mK prema normi HRN EN 12667 ili jednakovrijednoj - HRN EN 13162: MW-EN13162-T5-DS(TH)-WS-AF5 ili jednakovrijednoj - klasa gorivosti prema normi HRN EN 13501-1: A1 ili jednakovrijednoj Sve izvesti prema pravilima struke i prema uputama proizvođača. U stavku uključen sav rad i materijal osnovni i pomoćni, sve do potpune gotovosti. | C33: m2 | D33: 504.5 | F33: =D33*$E33 -> 0
A34: 13.7. | B34: Dobava i ugradnja ekstrudiranog polistirena (XPS) debljine 10 cm glatke površine i stepenastog ruba, koeficijenta toplinske provodljivosti λ≤0,035W/mK, tlačne čvrstoće 300 kPa. Ploče se postavljaju vertikalno kao toplinska izolacija nadtemeljnog zida i temelja. Izolaciju je potrebno zaljepiti za podlogu koristeći polimer-bitumensko ljepilo (1,6 kg/m²), uključeno u cijenu stavke. Sve izvesti pravilima struke i uputama proizvođača. U stavku uključen sav rad i materijal osnovni i pomoćni, sve do potpune gotovosti. | C34: m2 | D34: 153 | F34: =D34*$E34 -> 0
B35: 13. Termoizolaterski radovi ukupno: | F35: =SUM(F31:F34) -> 0
A38: 24. | B38: FASADERSKI RADOVI
B39: FASADA SVJETLOSNE GRANICE 20≥HBW≥8
A40: 24.1. | B40: Dobava i ugradnja potrebnih materijala za izvedbu sokla fasadnog toplinsko izolacijskog sustava (svjetlosna granica 20≥HBW≥8) sa namjenskim izolacijskim pločama XPS namijenjenih za izolaciju sokla, d= 10 cm, armirnog sloja ojačanog karbonskim vlaknima, završne silikonske žbuke ojačane karbonskim vlaknima, te završnog bojanja fasadnom bojom ojačanom karbonskim vlaknima u tamnoj nijansi (svjetlosna granica HBW≥8). Cijena stavke uključuje dobavu i postavu komponenti prema uputama proizvođača. Sve elemente fasade ponuditi u okviru atestiranog sustava proizvođača fasade. Prije izvođenja dužnost je izvođača i obračunato je u stavci pripremiti i po potrebi očistiti podlogu, provjeriti stanje i nosivost podloge, ukloniti sve nenosive dijelove, ukoniti sve masnoće i tvari koje razdvajaju. Sokl se izvodi u nastavku i ravnini sa gornjim dijelom fasade, bez vidljivog prijelaza, bez izvedbe razvajajuće šine, sa istim slojem završne žbuke ojačane karbonskim vlaknima. Završni sloj žbuke dodtano se zaštićuje na dijelu netom ispod razine tla i 5 cm iznad tla sa vodoodbojnim premazom i premazuje završnom fasadnom bojom ojačanom karbonskim vlaknima. Detalj izvesti prema projektu i prema tipskom detalju odabranog proizvođača fasadnog sustava. Redoslijed izvođenja:
B41: 1) U zoni podnožja, ljepljenje izolacijskih XPS namjenskih ploča za podnožje (do max 20 cm ispod razine tla) iz atestiranog sustava proizvođača fasade isključivo namjenjenih za izolaciju sokla, koeficijenta toplinske provodljivosti λ≤0,035, tlačne čvrstoće CS (10)150≥ 150 kPa, difuzijskog upijanja vode EN12088 WD(V)5≤5%, vodoupojnosti kod potpunog uranjanja EN12087 WL(T)3≤3%. Debljina ploče d= 10 cm. Lijepljenje se izvodi vapno/cementnim suhim mortom, s hidrauličkim vezanjem, namijenjen za lijepljenje fasadnih izolacijskih ploča i ploča za sokl, posebno na bitumenskim podlogama, isključivo iz atestiranog sustava proizvođača fasade, uz ostvarivanje kontaktne površine od min. 40%. Tehničke karakteristike koje mort mora zadovoljit: • gustoća svježeg morta prema EN 1015-10 ili jednakovrijedno: 1,70 g/cm³ • prionjivost prema EN 1015-12 ili jednakovrijedno: 0,5 N/mm²
B42: 2) Mehaničko pričvršćivanje odgovarajućim pričvrsnicama, u iz atestiranog sustava proizvođača, samo u zoni više od 30 cm iznad razine tla, a njihov broj po m² površine potrebno je dokazati statičkim proračunom (u praksi min. 6 kom/m²). Upuštene pričvrsnice zatvoriti odgovarajućim rondelama iz sustava proizvođača. Tip pričvrsnice obavezno uskaditi sa traženom nosivosti i vrstom podloge na koju se postavljaju. Obaveza je izvođača provjeriti razinu izvedene hidroizolacije kako se prilikom izvedbi pričvrsnica hidroizolacija ne bi oštetila.
B43: 3) Kompletno armiranje postavljenih izolacijskih ploča nanošenjem, mineralnog, karbonskim vlaknima ojačanog, bijelog vapnenocementnog morta za armiranje. Debljina prvog sloja je 3 mm u koji se utiskuje tekstilno-staklena, alkalno otporna mrežica, veličine otvora 4×4 mm s preklopom od minimalno 10 cm. Po izvedenom utiskivanje mrežice nanosi se drugi izravnavajući sloj armirne mase. Ukupna debljina armirnog sloja treba biti min 5 mm. Položaj mrežice u gornjoj trećini sloja. Tehničke karakteristike armirne mase: • Gustoća čvrstog morta (ÖN EN 1015-10): 1,40 g/cm³ • Klasa morta ÖN EN 998-1: CS IV • Toplinska provodljivost: λ10, suho EN 1745: 0,464W/(m.K) Tablična srednja vrijednost (P=50%) • Difuzijski otpor μ (H2O): μ=ca. 50 (EN ISO 7783) • Ponašanje u požaru: Klasa A1 • Koeficijent apsorpcije vode: ÖN EN 998-1: Klasa Wc 2 ETAG 004: ≤ 0,15 kg/m²/24h • Konzistentnost: prah • Vlačna čvrstoća: ÖN EN 1015-12: ≥ 0,5 N/mm2, EPS-F / ETAG 004: ≥0,08N/mm² ili lom izolacijskog materijala
B44: 4) Po izvedbi armirnog sloja nakon odgovarajućeg sušenja a prije izvedbe završnih slojeva izvodi se specijalni pigmentirani temeljni premaz iz sustava proizvođača fasadnog sustava. Temeljni premaz protiv IR zraka, namijen je za premazivanje mineralnih i pastoznih armirnih masa – umjesto temeljnih premaza – za smanjenje termičkog zagrijavanja na visokoizoliranim podlogama pod pastoznim strukturnim žbukama. Premaz se nanosi nerazrijeđen.
B45: 5) Nakon adekvatnog sušenja na naneseni temeljni premaz nanosi se sloj završne žbuke, vrlo difuzivne, ojačane karbonskim vlaknima, s istaknutim efektom vodenih perli i fotokatalitičkim djelovanjem, u veličini zrna d=2 mm i tamnoj nijansi (svjetlosna granica HBW≥8) prema izboru projektanta (u nijansi završne boje). • Stopa propusnosti vode w prema ÖN EN 1062-3: ≤ 0,05 [kg/(m2xh0,5)] W3 niska • Difuzijski otpor µ prema EN ISO 7783: 65 V1 visok • Toplinska provodljivost λ10,suho prema EN 1745: 1,09 W/(m.K) Tablična srednja vrijednost (P=50 %) • Reakcija na požar prema ÖN EN 13501-1: Euroklasa A2
B46: 6) Po adekvatnom sušenju, na izvedeni sloj žbuke u podnožju se izvodi zaštitni premaz 2-komponentnom masa za lijepljenje i armiranje, ojačanom karbonskim vlaknima kao zaštitni brtveni premaz u podnožju / području dodira s tlom (izvodi se ispod razine tla dokle seže završna žbuka i 5 cm iznad razine tla). Služi kao prikladna zaštita od vlage u vidu predpremaza ili izravnavajućeg sloja na armirnim masama ispod razine zemlje i 30 cm iznad. Premaz se izvodi 5 cm iznad razine tla. Nanosi se kistom ili četkom razrijeđen s maks. 5% čiste vode. Premazom obavezno temeljito zaštititi završnu površinu žbuke ispod zemlje. Prije upotrebe materijal se miješa sa cementom prema uputi iz tehničke informacije. Karekteristike premaza: • Difuzijski otpor µ (H2 O): 1350 • Difuzivno ekvivalentna debljina zračnog sloja Sd H2O: 2,7 m (DIN 52615 ili jednakovrijedno) • Koeficijent apsorpcije vode: razred III, nizak, prema DIN EN 1062-3 ili jednakovrijedno • Kapilarno upijanje vode:Kapilarno upijanje vode < 0,02 kg/m2 h 0,5 prema DIN EN 1062 ili jednakovrijedno zajamčena granična vrijednost: 0,1 kg/m2 h0,5
B47: 7) Nakon sušenja završne žbuke i izvedenog vodoodbojnog premaza, dodatni zaštitni premaz visokokvalitetnom nanohibridnom fasadnom bojom za optimalnu solarnu refleksiju kod tamnih tonova, ojačanom karbonskim vlaknima hidrofobne, velike paropropusnosti, s efektom vodenih perli, efektom samočišćenja i otporne na atmosferilije i mikroorganizme. Boju tonirati u tamnoj nijansi prema izboru projektanta (svjetlosna granica HBW≥8). • vodoupropusnost (w vrijednost): < 0,06 [kg/(m2 x h0,5 )], razred "niska vodopropusnost” prema normi DIN EN 1062 ili jednakovrijednoj • paropropusnost (sd-H20): < 0,03 m, razred "visoki stupanj difuzije vodene pare” prema normi DIN EN 1062-2 ili jednakovrijednoj
B48: U stavci je obračunata dobava i postava svog ostalog pribora iz atestiranog sustava proizvođača (kutni profili, okapni profili, i dr). Obaveza je izvođača sve navedene elemente izvesti u sustavu odabranog proizvođača fasadnog sustava. Sve radove izvesti prema tehničkim uputama proizvođača fasadnog sustava te u skladu s važećim tehničkih propisima i zakonskom regulativom poštujući smjernice za ugradnju fasadnih sustava. Stavka uključuje sav rad i materijal osnovni i pomoćni sve do potpune gotovosti. | C48: m2 | D48: 388.2 | E48: 130 | F48: =D48*$E48 -> 50466
A49: 24.2. | B49: Dobava i ugradnja potrebnih materijala za izvedbu ETICS fasadnog toplinsko izolacijskog sustava za tamne fasade (svjetlosna granica 20≥HBW≥8) s izolacijskim pločama od mineralne vune, koeficijenta toplinske provodljivosti λ≤0,035, d= 5-14 cm, armirnih slojeva ojačanim karbonskim vlaknima, završne žbuke ojačane karbonskim vlaknima te završnog bojanja nanohibridnom fasadnom bojom ojačanom karbonskim vlaknima za optimalnu refleksiju kod tamnih tonova kao u tamnoj nijansi (svjetlosna granica HBW≥8). Prije izvođenja obaveza je izvođača prema zahtjevima iz projekta u svrhu ispravno riješenih detalja te osiguranja trajnosti izvedenog fasadnog sustava definirati sve detalje izvedbe unutar odabranog ponuđača fasadnog sustava. To se naročito odnosi na sve spojeve sa bravarijom, stolarijom i limarijom, uskladiti postavu kutnih, rubnih i ostalih pribora prema zahtjevima na samoj fasadi. Obaveza je također provjeriti stanje podloge te prema potrebi podlogu adekvatno pripremiti pranjem, čišćenjem i nanošenjem odgovarajućeg temeljnog premaza. Sokl se izvodi u nastavku i ravnini sa gornjim dijelom fasade, bez vidljivog prijelaza, bez izvedbe razvajajuće šine, sa istim slojem završne silikonske žbuke ojačane karbonskim vlaknima i premazuje završnom fasadnom bojom ojačanom karbonskim vlaknima. Cijena stavke uključuje dobavu i postavu komponenti prema uputama proizvođača. Sve elemente fasade ponuditi u okviru atestiranog sustava proizvođača fasade. Redoslijed izvođenja:
B50: 1) Lijepljenje fasadnih izolacijskih ploča od mineralne vune, debljine, d = 5-14 cm. Tehničke karakteristike proizvoda: • reakcija na požar: razred A1 prema HRN EN 13501-1 ili jednakovrijednoj • deklarirana toplinska provodljivost, λd ≤ 0,035 W/mK prema HRN EN 12667 ili jednakovrijednoj • tlačna čvrstoća kod 10% deformacije CS(10): ≥ 15 kPa prema HRN EN 826 ili jednakovrijednoj • delaminacijska čvrstoća (TR) ≥ 7,5 kPa prema HRN EN 1607 ili jednakovrijednoj Lijepljenje se izvodi cementom vezanim mineralnim suhim mortom poboljšanim umjetnom smolom namijenjenim za lijepljenje izolacijskih materijala, isključivo iz atestiranog sustava proizvođača fasade, uz ostvarivanje kontaktne površine od min. 40%.
B51: Tehničke karakteristike koje mort mora zadovoljit: • Gustoća čvrstog morta (ÖN EN 1015-10 ili jednakovrijedno): 1,70 g/cm³ • Klasa morta ÖN EN 998-1 ili jednakovrijedno: CS IV • Toplinska provodljivost: λ10, suho EN 1745 ili jednakovrijedno: 0,77 W/(m.K) Tablična srednja vrijednost (P=50%) • Difuzijski otpor μ (H2 O): μ= 75 (EN ISO 7783 ili jednakovrijedno) • Vlačna čvrstoća vezanja: ÖN EN 1015-12 ili jednakovrijedno: 0,5 N/m2, EPS-F/MW*/LS */Konoplja* ETAG 004: ≥0,08N/mm² * ili lom izolacijskog materijala • Ponašanje u požaru: Klasa A1
B52: 2) Mehaničko pričvršćivanje odgovarajućim upuštenim pričvrsnicama, u iz atestiranog sustava proizvođača, a njihov broj po m² površine potrebno je dokazati statičkim proračunom (u praksi min. 6 kom/m²). Upuštene pričvrsnice zatvoriti rondelama za mineralnu vunu. Tip pričvrsnice obavezno uskaditi sa vrstom podloge na koju se postavljaju.
B53: 3) Kompletno armiranje postavljenih izolacijskih ploča nanošenjem, mineralnog, karbonskim vlaknima ojačanog, bijelog vapnenocementnog morta za armiranje. Debljina prvog sloja je 3 mm u koji se utiskuje tekstilno-staklena, alkalno otporna mrežica, veličine otvora 4×4 mm s preklopom od minimalno 10 cm. Po izvedenom utiskivanje mrežice nanosi se drugi izravnavajući sloj armirne mase. Ukupna debljina armirnog sloja treba biti 5 mm. Položaj mrežice u gornjoj trećini sloja. Tehničke karakteristike armirane mase: • Gustoća čvrstog morta (ÖN EN 1015-10 ili jednakovrijedno): 1,40 g/cm³ • Klasa morta ÖN EN 998-1 ili jednakovrijedno: CS IV • Toplinska provodljivost: λ10, suho EN 1745 ili jednakovrijedno: 0,464W/(m.K) Tablična srednja vrijednost (P=50%) • Difuzijski otpor μ (H2O): μ=50 (EN ISO 7783 ili jednakovrijedno) • Ponašanje u požaru: Klasa A1 • Koeficijent apsorpcije vode: ÖN EN 998-1 ili jednakovrijedno: Klasa Wc 2, ETAG 004: ≤ 0,15 kg/m²/24h • Konzistentnost: prah • Vlačna čvrstoća: ÖN EN 1015-12 ili jednakovrijedno: ≥ 0,5 N/mm2, EPS-F / ETAG 004: ≥0,08N/mm² ili lom izolacijskog materijala
B54: 4) Po izvedbi armirnog sloja nakon odgovarajućeg sušenja a prije izvedbe završnih slojeva izvodi se specijalni pigmentirani temeljni premaz iz sustava proizvođača fasadnog sustava. Temeljni premaz protiv IR zraka, namijen je za premazivanje mineralnih i pastoznih armirnih masa – umjesto temeljnih premaza – za smanjenje termičkog zagrijavanja na visokoizoliranim podlogama pod pastoznim strukturnim žbukama. Premaz se nanosi nerazrijeđen.
B55: 5) Nakon adekvatnog sušenja na naneseni temeljni premaz nanosi se sloj završne žbuke, vrlo difuzivne, ojačane karbonskim vlaknima, s istaknutim efektom vodenih perli i fotokatalitičkim djelovanjem, u veličini zrna d=2 mm i tamnoj nijansi (svjetlosna granica HBW≥8) prema izboru projektanta (u nijansi završne boje). • Stopa propusnosti vode w prema ÖN EN 1062-3 ili jednakovrijedno: ≤ 0,05 [kg/(m2xh0,5)] W3 niska • Difuzijski otpor µ prema EN ISO 7783 ili jednakovrijedno: 65 V1 visok • Toplinska provodljivost λ10, suho prema EN 1745 ili jednakovrijedno: 1,09 W/(m.K) Tablična srednja vrijednost (P=50 %) • Reakcija na požar prema ÖN EN 13501-1 ili jednakovrijedno: Euroklasa A2 Žbuka se izvodi u dvije granulacije: na ravnom dijelu fasade u krupnijoj i na mjestima prozora finijoj.
B56: 6) Nakon sušenja završne žbuke, dodatni zaštitni premaz visokokvalitetnom nanohibridnom fasadnom bojom za optimalnu solarnu refleksiju kod tamnih tonova, ojačanom karbonskim vlaknima hidrofobne, velike paropropusnosti, s efektom vodenih perli, efektom samočišćenja i otporne na atmosferilije i mikroorganizme. Boju nanijeti u jednom sloju. Boju tonirati u nijansi prema izboru projektanta (svjetlosna granica HBW≥8). • vodoupropusnost (w vrijednost): < 0,06 [kg/(m2 x h0,5 )], razred "niska vodopropusnost” prema normi DIN EN 1062 ili jednakovrijednoj • paropropusnost (sd-H20): < 0,03 m, razred "visoki stupanj difuzije vodene pare” prema normi DIN EN 1062-2 ili jednakovrijednoj
B57: Dobava i postava ostalog pribora (kutni profili, okapni profili, te špaletni elementi za prozore i vrata, dilatacijskih profila, završnih profila za žbuku i dr. koji su sastavni dio sistema). Sve radove izvesti prema tehničkim uputama proizvođača fasadnog sustava te u skladu s važećim tehničkih propisima i zakonskom regulativom poštujući smjernice za ugradnju fasadnih sustava. Stavka uključuje sav rad i materijal osnovni i pomoćni sve do potpune gotovosti.
A58: a) | B58: Izvedba ETICS fasadnog toplinsko izolacijskog sustava s izolacijskim pločama od kamene vune debljine 14 cm | C58: m2 | D58: 388.2 | E58: 134 | F58: =D58*$E58 -> 52018.8
A59: b) | B59: Izvedba ETICS fasadnog toplinsko izolacijskog sustava s izolacijskim pločama od kamene vune debljine 10 cm | C59: m2 | D59: 388.2 | E59: 130 | F59: =D59*$E59 -> 50466
A60: c) | B60: Izvedba ETICS fasadnog toplinsko izolacijskog sustava s izolacijskim pločama od kamene vune debljine 8 cm | C60: m2 | D60: 59 | E60: 128 | F60: =D60*$E60 -> 7552
A61: d) | B61: Izvedba ETICS fasadnog toplinsko izolacijskog sustava s izolacijskim pločama od kamene vune debljine 5 cm | C61: m2 | D61: 63 | E61: 125 | F61: =D61*$E61 -> 7875
A62: e) | B62: Obrada špaleta širine do 25 cm | C62: m' | D62: 124 | E62: 83 | F62: =D62*$E62 -> 10292
B63: FASADA SVJETLOSNE GRANICE HBW≥20
A64: 24.3. | B64: Dobava i ugradnja potrebnih materijala za izvedbu sokla ETICS fasadnog toplinsko izolacijskog sustava s izolacijskim pločama XPS, namjenskih ploča za podnožje, koeficijenta toplinske provodljivosti λ≤0,035, d=10 cm, armirnih slojeva i završne silikonske žbuke ojačane karbonskim vlaknima u svijetloj nijansi (HBW≥ 20) i premazuje završnom fasadnom bojom ojačanom karbonskim vlaknima. Kao opciju stavka uključuje i vodoodbojnu zaštitu najdonjeg dijela sokla vodoodbojnim premazom. Cijena stavke uključuje dobavu i postavu komponenti prema uputama proizvođača. Sve elemente fasade ponuditi u okviru atestiranog sustava proizvođača fasade. Obaveza je također provjeriti stanje podloge te prema potrebi podlogu adekvatno pripremiti pranjem, čišćenjem i nanošenjem odgovarajućeg temeljnog premaza što je obračunato u stavci. Kako se većina fasade izvodi na podlozi od betona ukoliko je podloga upojna preporuka je izvedba temeljnog vodorazrjedivog premaza razrijeđenog s vodom ovisno o upojnosti podloge. Redoslijed izvođenja:
B65: 1) U zoni podnožja, ljepljenje izolacijskih XPS, namjenskih ploča za podnožje (do max 20 cm ispod razine tla) iz atestiranog sustava proizvođača fasade isključivo namjenjenih za izolaciju sokla, koeficijenta toplinske provodljivosti λ≤0,035, tlačne čvrstoće CS (10)150≥ 150 kPa, difuzijskog upijanja vode EN12088 WD(V)5≤5%, vodoupojnosti kod potpunog uranjanja EN12087 WL(T)3≤3%. Debljina ploče d= 20 cm. Lijepljenje se izvodi cementom vezanim mineralnim suhim mortom poboljšanim umjetnom smolom namijenjenim za lijepljenje izolacijskih materijala, isključivo iz atestiranog sustava proizvođača fasade, uz ostvarivanje kontaktne površine od min. 40%. Tehničke karakteristike koje mort mora zadovoljiti: • Gustoća čvrstog morta (ÖN EN 1015-10=: 1,70 g/cm³ • Klasa morta ÖN EN 998-1: CS IV • Toplinska provodljivost: λ10, suho EN 1745: 0,77 W/(m.K) Tablična srednja vrijednost (P=50%) • Difuzijski otpor μ (H2 O): μ= 75 (EN ISO 7783) • Vlačna čvrstoća vezanja: ÖN EN 1015-12: 0,5 N/m2, EPS-F/MW*/LS */Konoplja* ETAG 004: ≥0,08N/mm² * ili lom izolacijskog materijala • Ponašanje u požaru: Klasa A1
B66: 2) Kompletno armiranje izolacijskih ploča nanošenjem armirnog sloja od svijetlog, mineralnog morta za lijepljenje i armiranje, hidratiziranog vapna i visokokvalitetnog, frakcioniranog, drobljenog pješčanog vapnenca, isključivo iz atestiranog sustava proizvođača fasade. Tehničke karakteristike morta: • Gustoća: 1,68 g/cm3 (svježi mort) • veličina zrna: 1,2 mm • Koeficijent apsorpcije vode: < 0,5 kg/m2/24 h • Konzistentnost: Prah • ispitan prema normi ÖNORM B 6121 ili jednakovrijednoj U mort se u svježem stanju utiskuje tekstilno-staklena, alkalno otporna mrežica 160 g/m2, veličine otvora 4×4 mm s preklopom od minimalno 10 cm. Pozicija mrežice u polovini do gornje trećine debljine sloja. Debljina armirnog sloja min 5 mm. Obavezno dodatno ojačanje kuteva otvora dijagonalno postavljenim mrežicama dimenzija 20×40 cm ili 30×50 cm, sve iz sustava proizvođača fasade. Sve preklope armirne mrežice odraditi prema uputama proizvođača.
B67: 3) Po izvedbi armirnog sloja nakon odgovarajućeg sušenja a prije izvedbe završnih slojeva izvodi se temeljni premaz iz sustava proizvođača fasadnog sustava. Temeljni premaz je sredstvo za bolje prijanjanje strukturne žbuke na mineralnim podlogama i fasadnim sustavima. Toniranti u nijansu prema završnoj strukturnoj žbuci. Kombinacija veziva od akrilat-kopolimera, silikonskih smola i silikata.
B68: 4) Nakon adekvatnog sušenja na naneseni temeljni premaz nanosi se sloj završne žbuke, vrlo difuzivne, ojačane karbonskim vlaknima, s istaknutim efektom vodenih perli i fotokatalitičkim djelovanjem, u veličini zrna d=2 mm i svijetloj nijansi (svjetlosna granica HBW≥20) prema izboru projektanta (u nijansi završne boje). • Stopa propusnosti vode w prema ÖN EN 1062-3 ili jednakovrijednoj: ≤ 0,05 [kg/(m2xh0,5)] W3 niska • Difuzijski otpor µ prema EN ISO 7783 ili jednakovrijednoj: 65 V1 visok • Toplinska provodljivost λ10,suho prema EN 1745 ili jednakovrijednoj: 1,09 W/(m.K) Tablična srednja vrijednost (P=50 %) • Reakcija na požar prema ÖN EN 13501-1 ili jednakovrijednoj: Euroklasa A2 Žbuka se izvodi u dvije granulacije: na ravnom dijelu fasade u krupnijoj i na mjestima prozora finijoj.
B69: 5) Kao opcija: Po adekvatnom sušenju, na izvedeni sloj žbuke u podnožju se izvodi zaštitni premaz 2-komponentnom masa za lijepljenje i armiranje, ojačanom karbonskim vlaknima kao zaštitni brtveni premaz u podnožju / području dodira s tlom ( izvodi se ispod razine tla dokle seže završna žbuka i 5 cm iznad razine tla). Služi kao prikladna zaštita od vlage u vidu predpremaza ili izravnavajućeg sloja na armirnim masama ispod razine zemlje i dijela sokla iznad. Premaz se izvodi 5 cm iznad razine tla. Nanosi se kistom ili četkom razrijeđen s maks. 5% čiste vode. Prije korištenja premaz se miješa sa cementom u omjerima prema uputi iz tehničke informacije proizvoda. Premazom obavezno temeljito zaštititi završnu površinu žbuke ispod zemlje. Karakteristike premaza: • Gustoća: 1,1 g/cm3 bez dodatka cementa • Difuzivno ekvivalentna debljina zračnog sloja sdH2O: Difuzivno ekvivalentna debljina zračnog sloja sdH2O ca. 2,2 m prema DIN EN ISO 7783 ili jednakovrijednoj(pri 2 mm) • Baza veziva: Vodena stiroakrilatna-kopolimerna disperzija • Permeabilnost vode (w-vrijednost): w: ca. 0,02 kg/(m2 h1/2) prema DIN EN 1062-3 Klasa W3 (niska) prema DIN EN 1062 ili jednakovrijednoj
B70: 6) 'Nakon adekvatnog vremena sušenja izvodi se završno bojanje fasade u jednoj ruci sa strukturnom bojom ojačanom karbonskim vlaknima na bazi kombiniranog veziva i silikonskih smola u svjetloj nijansi (svjetlosna granica HBW≥20). Svojstva završnog premaza: - otpornost na vremenske utjecaje - vodopropusnost (vrijednost w ): ≤ 0,06 [kg/(m2  h0,5)], odgovara razredu "niska vodopropusnost” prema normi DIN EN 1062 ili jednakovrijednoj - paropropusnost (vrijednost sd-H2O): ≤ 0,03 m , odgovara razredu "visok stupanj difuzije vodene pare” prema normi DIN EN 1062-2 ili jednakovrijednoj - ekstremna hidrofobnost sa efektom stvaranja vodenih kapljica, svodi onečišćenje fasade na najmanju mjeru - svojstvo samočišćenja zahvaljujući specijalnim pigmentima koji djeluju kao fotokatalizatori - otpornost na agresivne štetne tvari iz zraka - ojačana karbonskim vlaknima
B71: U stavci je obračunata dobava i postava svog ostalog pribora iz atestiranog sustava proizvođača (kutni profili, okapni profili, i dr). Obaveza je izvođača sve navedene elemente izvesti u sustavu odabranog proizvođača fasadnog sustava. Sve radove izvesti prema tehničkim uputama proizvođača fasadnog sustava te u skladu s važećim tehničkih propisima i zakonskom regulativom poštujući smjernice za ugradnju fasadnih sustava. Stavka uključuje sav rad i materijal osnovni i pomoćni sve do potpune gotovosti. | C71: m2 | D71: 129.4 | E71: 74 | F71: =D71*$E71 -> 9575.6
A72: 24.4. | B72: Dobava i ugradnja potrebnih materijala za izvedbu ETICS fasadnog toplinsko izolacijskog sustava s izolacijskim pločama od mineralne vune, koeficijenta toplinske provodljivosti λ≤0,035, d=5-14 cm, armirnih slojeva i završne silikonske žbuke u svijetloj nijansi (HBW ≥20). Prije izvođenja obaveza je izvođača prema zahtjevima iz projekta u svrhu ispravno riješenih detalja te osiguranja trajnosti izvedenog fasadnog sustava definirati sve detalje izvedbe unutar odabranog ponuđača fasadnog sustava. To se naročito odnosi na sve spojeve sa bravarijom, stolarijom i limarijom, uskladiti postavu kutnih, rubnih i ostalih pribora prema zahtjevima na samoj fasadi. Sokl se izvodi u nastavku i ravnini sa gornjim dijelom fasade, bez vidljivog prijelaza, bez izvedbe razvajajuće šine, sa istim slojem završne silikonske žbuke i premazuje završnom fasadnom bojom ojačanom karbonskim vlaknima. Obaveza je također provjeriti stanje podloge te prema potrebi podlogu adekvatno pripremiti pranjem, čišćenjem i nanošenjem odgovarajućeg temeljnog premaza što je obračunato u stavci. Ukoliko je podloga upojna preporuka je izvedba temeljnog vodorazrjedivog premaza razrijeđenog s vodom ovisno o upojnosti podloge. Redoslijed izvođenja:
B73: 1) Lijepljenje fasadnih izolacijskih ploča od mineralne vune Tehničke karakteristike proizvoda: • reakcija na požar: razred A1 prema HRN EN 13501-1 ili jednakovrijednoj • deklarirana toplinska provodljivost,λd ≤ 0,035 W/mK prema HRN EN 12667 ili jednakovrijednoj • tlačna čvrstoća kod 10% deformacije CS(10): ≥ 15 kPa prema HRN EN 826 ili jednakovrijednoj • delaminacijska čvrstoća (TR) ≥ 7,5 kPa prema HRN EN 1607 ili jednakovrijednoj Lijepljenje se izvodi cementom vezanim mineralnim suhim mortom poboljšanim umjetnom smolom namijenjenim za lijepljenje izolacijskih materijala, isključivo iz atestiranog sustava proizvođača fasade, uz ostvarivanje kontaktne površine od min. 40%. Tehničke karakteristike koje mort mora zadovoljit: • Gustoća čvrstog morta (ÖN EN 1015-10 ili jednakovrijednoj) =: 1,70 g/cm³ • Klasa morta ÖN EN 998-1 ili jednakovrijednoj: CS IV • Toplinska provodljivost: λ10, suho EN 1745 ili jednakovrijednoj: 0,77 W/(m.K) Tablična srednja vrijednost (P=50%) • Difuzijski otpor μ (H2 O): μ= 75 (EN ISO 7783 ili jednakovrijednoj) • Vlačna čvrstoća vezanja: ÖN EN 1015-12 ili jednakovrijednoj: 0,5 N/m2 EPS-F/MW*/LS */Konoplja* ETAG 004: ≥0,08N/mm² * ili lom izolacijskog materijala • Ponašanje u požaru: Klasa A1
B74: 2) Mehaničko pričvršćivanje odgovarajućim upuštenim pričvrsnicama, u iz atestiranog sustava proizvođača, a njihov broj po m² površine potrebno je dokazati statičkim proračunom (u praksi min. 6 kom/m²). Upuštene pričvrsnice zatvoriti rondelama za mineralnu vunu. Tip pričvrsnice obavezno uskaditi sa vrstom podloge na koju se postavljaju.
B75: 3) Kompletno armiranje izolacijskih ploča nanošenjem armirnog sloja od svijetlog, mineralnog morta za lijepljenje i armiranje, hidratiziranog vapna i visokokvalitetnog, frakcioniranog, drobljenog pješčanog vapnenca, isključivo iz atestiranog sustava proizvođača fasade. Tehničke karakteristike morta: • Gustoća: 1,68 g/cm3 (svježi mort) • veličina zrna: 1,2 mm • Koeficijent apsorpcije vode: < 0,5 kg/m2/24 h • Konzistentnost: Prah • ispitan prema normi ÖNORM B 6121 ili jednakovrijednoj U mort se u svježem stanju utiskuje tekstilno-staklena, alkalno otporna mrežica 160 g/m2, veličine otvora 4×4 mm s preklopom od minimalno 10 cm. Pozicija mrežice u polovini do gornje trećine debljine sloja. Debljina armirnog sloja min 5 mm. Obavezno dodatno ojačanje kuteva otvora dijagonalno postavljenim mrežicama dimenzija 20×40 cm ili 30×50 cm, sve iz sustava proizvođača fasade. Sve preklope armirne mrežice odraditi prema uputama proizvođača.
B76: 4) Po izvedbi armirnog sloja nakon odgovarajućeg sušenja a prije izvedbe završnih slojeva izvodi se temeljni premaz Putzgrund iz sustava proizvođača fasadnog sustava. Temeljni premaz je sredstvo za bolje prijanjanje strukturne žbuke na mineralnim podlogama i fasadnim sustavima. Toniranti u nijansu prema završnoj strukturnoj žbuci. Kombinacija veziva od akrilat-kopolimera, silikonskih smola i silikata.
B77: 5) Nakon adekvatnog sušenja na naneseni temeljni premaz nanosi se sloj završne žbuke, vrlo difuzivne, ojačane karbonskim vlaknima, s istaknutim efektom vodenih perli i fotokatalitičkim djelovanjem, u veličini zrna d=2 mm i svjetloj nijansi (svjetlosna granica HBW≥20) prema izboru projektanta (u nijansi završne boje). • Stopa propusnosti vode w prema ÖN EN 1062-3 ili jednakovrijednoj: ≤ 0,05 [kg/(m2xh0,5)] W3 niska • Difuzijski otpor µ prema EN ISO 7783 ili jednakovrijednoj: 65 V1 visok • Toplinska provodljivost λ10,suho prema EN 1745 ili jednakovrijednoj: 1,09 W/(m.K) Tablična srednja vrijednost (P=50 %) • Reakcija na požar prema ÖN EN 13501-1 ili jednakovrijednoj: Euroklasa A2 Žbuka se izvodi u dvije granulacije: na ravnom dijelu fasade u krupnijoj i na mjestima prozora finijoj.
B78: 6) Nakon adekvatnog vremena sušenja izvodi se završno bojanje fasade u jednoj ruci sa strukturnom bojom ojačanom karbonskim vlaknima na bazi kombiniranog veziva Silacryla i silikonskih smola u svjetloj nijansi (svjetlosna granica HBW≥20). Svojstva završnog premaza: - otpornost na vremenske utjecaje - vodopropusnost (vrijednost w ): ≤ 0,06 [kg/(m²  h0,5)], odgovara razredu "niska vodopropusnost” prema normi DIN EN 1062 ili jednakovrijednoj - paropropusnost (vrijednost sd-H2O): ≤ 0,03 m , odgovara razredu "visok stupanj difuzije vodene pare” prema normi DIN EN 1062-2 ili jednakovrijednoj - ekstremna hidrofobnost sa efektom stvaranja vodenih kapljica, svodi onečišćenje fasade na najmanju mjeru - svojstvo samočišćenja zahvaljujući specijalnim pigmentima koji djeluju kao fotokatalizatori - otpornost na agresivne štetne tvari iz zraka - ojačana karbonskim vlaknima
B79: Dobava i postava ostalog pribora (kutni profili i okapni profili, te špaletni elementi za prozore i vrata i dr. koji su sastavni dio sistema). Sve radove izvesti prema tehničkim uputama proizvođača fasadnog sustava te u skladu s važećim tehničkih propisima i zakonskom regulativom poštujući smjernice za ugradnju fasadnih sustava. Stavka uključuje sav rad i materijal osnovni i pomoćni sve do potpune gotovosti.
A80: a) | B80: Izvedba ETICS fasadnog toplinsko izolacijskog sustava s izolacijskim pločama od kamene vune debljine 14 cm | C80: m2 | D80: 129.4 | E80: 78 | F80: =D80*$E80 -> 10093.2
A81: b) | B81: Izvedba ETICS fasadnog toplinsko izolacijskog sustava s izolacijskim pločama od kamene vune debljine 10 cm | C81: m2 | D81: 129.4 | E81: 74 | F81: =D81*$E81 -> 9575.6
A82: c) | B82: Izvedba ETICS fasadnog toplinsko izolacijskog sustava s izolacijskim pločama od kamene vune debljine 8 cm | C82: m2 | D82: 59 | E82: 72 | F82: =D82*$E82 -> 4248
A83: d) | B83: Izvedba ETICS fasadnog toplinsko izolacijskog sustava s izolacijskim pločama od kamene vune debljine 5 cm | C83: m2 | D83: 63 | E83: 69 | F83: =D83*$E83 -> 4347
A84: e) | B84: Obrada špaleta širine do 25 cm | C84: m' | D84: 42 | E84: 48 | F84: =D84*$E84 -> 2016
B85: 24. Fasaderski radovi ukupno: | F85: =SUM(F48:F84) -> 218525.2

Sheet Zgrada 15
A1: stavka | B1: opis stavke | C1: jedin. mjere | D1: količina | E1: jedinična cijena (euro) | F1: ukupno (euro)
A3: V. | B3: ZGRADA 15
A5: A. | B5: GRAĐEVINSKO-OBRNIČKI RADOVI
A7: 1. | B7: SKELA
A8: 1.1. | B8: Dobava, postava, skidanje i otprema cijevne fasadne skele, od bešavnih cijevi. Skelu izvesti prema važećim HTZ propisima. Skelu je potrebno osigurati od prevrtanja, sidrennjem u građevinu, a od udara munje uzemljenjem. Potrebno je izvesti pomične željezne ili drvene ljestve – penjalice u svrhu osiguranja vertikalne komunikacije po skeli. Prije izvedbe skele izvođač je dužan izraditi projekt skele, što je u cijeni stavke. Obračun se vrši po m² vertikalne projekcije površine skele. Stavka uključuje rad i materijal osnovni i pomoćni, sve do potpune funkcionalnosti. | C8: m2 | D8: 698 | E8: 11.55 | F8: =D8*$E8 -> 8061.9
B9: 1. Skela ukupno: | F9: =SUM(F8) -> 8061.9
A11: 3.37. | B11: Čišćenje reški fasade prizemlja, do dubine od 5 cm u zidu od opeke sa temeljitim otprašivanjem i ispiranjem, sve uz upotrebu odgovarajuće skele. Uključeno čišćenje spojnica sa otprašivanjem. U cijenu stavke uračunat utovar i odvoz razgrađenog materijala (razvrstanog po vrstama) na najbližu odgovarajuću deponiju, kao i svi troškovi istovara i korištenja odgovarajuće deponije. | C11: m2 | D11: 499 | F11: =D11*$E11 -> 0
A13: 8. | B13: ZIDARSKI RADOVI
A14: 8.10. | B14: Izrada i ugradnja grube žbuke pročelja zgrade od opeke. Prije žbukanja podlogu špricati rijetkim cementnim mortom. Žbuka se produžnim mortom M-10 debljine do 4 cm. Visina žbukanja do 5,0 m. Stavka uključuje sav materijal, rad i upotrebu radne skele. | C14: m2 | D14: 473 | E14: 55 | F14: =D14*$E14 -> 26015
A15: 8.11. | B15: Izrada i ugradnja grube i fine žbuke s vanjske strane temelja i sokla prije postavljanje hidroizolacije. Prije žbukanja podlogu špricati rijetkim cementnim mortom. Žbuka se produžnim mortom M-10 debljine do 4 cm. Visina žbukanja do 5,0 m. Stavka uključuje sav materijal, rad. | C15: m2 | D15: 192 | E15: 55 | F15: =D15*$E15 -> 10560
B16: 8. Zidarski radovi ukupno: | F16: =SUM(F14:F15) -> 36575
A18: 9. | B18: RAZNI ZIDARSKI RADOVI
A19: 9.2. | B19: Obrada špaleta oko otvora u vanjskom zidu. Krpanje i nanos izravnavajućeg sloja produžnim mortom M-5. Stavka uključuje sav materijal i rad, te upotrebu radne skele.
A20: a) | B20: vanjska obrada špalete | C20: m' | D20: 175.5 | E20: 16 | F20: =D20*$E20 -> 2808
A21: b) | B21: unutarnja obrada špalete | C21: m' | D21: 175.5 | E21: 16 | F21: =D21*$E21 -> 2808
A22: 9.3. | B22: Zidarski popravak površina ispod prozorskih klupčica koji obuhvaća: - nabavu nedostajućih cigli - nabavu i pripremu veznog materijala - zidarsko zatvaranje i dopunjavanje rupa. Stavka uključuje sav materijal i rad, te upotrebu radne skele. | C22: m2 | D22: 12.6 | F22: =D22*$E22 -> 0
B23: 9. Razni zdarski radovi ukupno: | F23: =SUM(F19:F22) -> 5616
A26: 13. | B26: TERMOIZOLACIJSKI RADOVI
B27: NAPOMENA: Kod svih stavaka u cijenu uključiti detaljan pregled površine na koju se hidroizolacija postavlja i njeno eventualno potrebno pranje, odmašćivanje, čišćenje od neravnina.
A28: 13.2. | B28: Dobava i postava rubne trake od kamene vune uz pregradne i nosive zidove u debljini od 2 cm u visini slojeva poda. Tehničke karakteristike koje kamena vuna mora zadovoljiti su: • reakcija na požar: razred A1 prema HRN EN 13501-1 ili jednakovrijednoj • toplinska provodljivost ʎ ≤ 0,038 W/mK prema HRN EN 12667 ili jednakovrijednoj • razina stišljivosti CP2 prema HRN EN 12431 ili jednakovrijednoj • dinamička krutost SD ≤ 48 MN/m³ prema HRN EN 29052-1 ili jednakovrijednoj Stavka uključuje rad i materijal osnovni i pomoćni, sve prema nacrtu projektanta. | C28: m' | D28: 332.5 | F28: =D28*$E28 -> 0
A29: 13.3. | B29: Dobava i ugradnja materijala za izolaciju stropa prizemlja između veznih greda na način da se između greda ispunjava kompaktnim pločama od kamene mineralne vune specifične gustoće 30 kg/m³, vrijednosti toplinske provodljivosti λ ≤ 0,037 W/mK. Potrebna debljina izolacije između rogova je 12,00 cm. Sve izvesti prema pravilima struke i prema uputama proizvođača. U stavku uključen sav rad i materijal osnovni i pomoćni, sve do potpune gotovosti. | C29: m2 | D29: 535.5 | F29: =D29*$E29 -> 0
A30: 13.4. | B30: Dobava i ugradnja materijala za izolaciju stropa prizemlja, na način da se ispod veznih greda postavlja višenamjenska izolacijska ploča od kamene vune kaširana s alu folijom s donje strane. Potrebna debljina izolacije ispod rogova je d = 4,0 cm. Karakteristike tražene izolacije su: - gustoća 30 kg/m³ - toplinske provodljivosti λ ≤ 0,037 W/mK prema normi HRN EN 12667 ili jednakovrijednoj - HRN EN 13162: MW-EN13162-T5-DS(TH)-WS-AF5 ili jednakovrijednoj - klasa gorivosti prema normi HRN EN 13501-1: A1 ili jednakovrijednoj Sve izvesti prema pravilima struke i prema uputama proizvođača. U stavku uključen sav rad i materijal osnovni i pomoćni, sve do potpune gotovosti. | C30: m2 | D30: 535.5 | F30: =D30*$E30 -> 0
A31: 13.7. | B31: Dobava i ugradnja ekstrudiranog polistirena (XPS) debljine 10 cm glatke površine i stepenastog ruba, koeficijenta toplinske provodljivosti λ≤0,035W/mK, tlačne čvrstoće 300 kPa. Ploče se postavljaju vertikalno kao toplinska izolacija nadtemeljnog zida i temelja. Izolaciju je potrebno zaljepiti za podlogu koristeći polimer-bitumensko ljepilo (1,6 kg/m²), uključeno u cijenu stavke. Sve izvesti pravilima struke i uputama proizvođača. U stavku uključen sav rad i materijal osnovni i pomoćni, sve do potpune gotovosti. | C31: m2 | D31: 153 | F31: =D31*$E31 -> 0
B32: 13. Termoizolaterski radovi ukupno: | F32: =SUM(F28:F31) -> 0
A35: 23. | B35: FASADERSKI RADOVI
B36: FASADA SVJETLOSNE GRANICE 20≥HBW≥8
A37: 23.1. | B37: Dobava i ugradnja potrebnih materijala za izvedbu sokla fasadnog toplinsko izolacijskog sustava (svjetlosna granica 20≥HBW≥8) sa namjenskim izolacijskim pločama XPS namijenjenih za izolaciju sokla, d= 10 cm, armirnog sloja ojačanog karbonskim vlaknima, završne silikonske žbuke ojačane karbonskim vlaknima, te završnog bojanja fasadnom bojom ojačanom karbonskim vlaknima u tamnoj nijansi (svjetlosna granica HBW≥8). Cijena stavke uključuje dobavu i postavu komponenti prema uputama proizvođača. Sve elemente fasade ponuditi u okviru atestiranog sustava proizvođača fasade. Prije izvođenja dužnost je izvođača i obračunato je u stavci pripremiti i po potrebi očistiti podlogu, provjeriti stanje i nosivost podloge, ukloniti sve nenosive dijelove, ukoniti sve masnoće i tvari koje razdvajaju. Sokl se izvodi u nastavku i ravnini sa gornjim dijelom fasade, bez vidljivog prijelaza, bez izvedbe razvajajuće šine, sa istim slojem završne žbuke ojačane karbonskim vlaknima. Završni sloj žbuke dodtano se zaštićuje na dijelu netom ispod razine tla i 5 cm iznad tla sa vodoodbojnim premazom i premazuje završnom fasadnom bojom ojačanom karbonskim vlaknima. Detalj izvesti prema projektu i prema tipskom detalju odabranog proizvođača fasadnog sustava. Redoslijed izvođenja:
B38: 1) U zoni podnožja, ljepljenje izolacijskih XPS namjenskih ploča za podnožje (do max 20 cm ispod razine tla) iz atestiranog sustava proizvođača fasade isključivo namjenjenih za izolaciju sokla, koeficijenta toplinske provodljivosti λ≤0,035, tlačne čvrstoće CS (10)150≥ 150 kPa, difuzijskog upijanja vode EN12088 WD(V)5≤5%, vodoupojnosti kod potpunog uranjanja EN12087 WL(T)3≤3%. Debljina ploče d= 10 cm. Lijepljenje se izvodi vapno/cementnim suhim mortom, s hidrauličkim vezanjem, namijenjen za lijepljenje fasadnih izolacijskih ploča i ploča za sokl, posebno na bitumenskim podlogama, isključivo iz atestiranog sustava proizvođača fasade, uz ostvarivanje kontaktne površine od min. 40%. Tehničke karakteristike koje mort mora zadovoljit: • gustoća svježeg morta prema EN 1015-10 ili jednakovrijedno: 1,70 g/cm³ • prionjivost prema EN 1015-12 ili jednakovrijedno: 0,5 N/mm²
B39: 2) Mehaničko pričvršćivanje odgovarajućim pričvrsnicama, u iz atestiranog sustava proizvođača, samo u zoni više od 30 cm iznad razine tla, a njihov broj po m² površine potrebno je dokazati statičkim proračunom (u praksi min. 6 kom/m²). Upuštene pričvrsnice zatvoriti odgovarajućim rondelama iz sustava proizvođača. Tip pričvrsnice obavezno uskaditi sa traženom nosivosti i vrstom podloge na koju se postavljaju. Obaveza je izvođača provjeriti razinu izvedene hidroizolacije kako se prilikom izvedbi pričvrsnica hidroizolacija ne bi oštetila.
B40: 3) Kompletno armiranje postavljenih izolacijskih ploča nanošenjem, mineralnog, karbonskim vlaknima ojačanog, bijelog vapnenocementnog morta za armiranje. Debljina prvog sloja je 3 mm u koji se utiskuje tekstilno-staklena, alkalno otporna mrežica, veličine otvora 4×4 mm s preklopom od minimalno 10 cm. Po izvedenom utiskivanje mrežice nanosi se drugi izravnavajući sloj armirne mase. Ukupna debljina armirnog sloja treba biti min 5 mm. Položaj mrežice u gornjoj trećini sloja. Tehničke karakteristike armirne mase: • Gustoća čvrstog morta (ÖN EN 1015-10): 1,40 g/cm³ • Klasa morta ÖN EN 998-1: CS IV • Toplinska provodljivost: λ10, suho EN 1745: 0,464W/(m.K) Tablična srednja vrijednost (P=50%) • Difuzijski otpor μ (H2O): μ=ca. 50 (EN ISO 7783) • Ponašanje u požaru: Klasa A1 • Koeficijent apsorpcije vode: ÖN EN 998-1: Klasa Wc 2 ETAG 004: ≤ 0,15 kg/m²/24h • Konzistentnost: prah • Vlačna čvrstoća: ÖN EN 1015-12: ≥ 0,5 N/mm2, EPS-F / ETAG 004: ≥0,08N/mm² ili lom izolacijskog materijala
B41: 4) Po izvedbi armirnog sloja nakon odgovarajućeg sušenja a prije izvedbe završnih slojeva izvodi se specijalni pigmentirani temeljni premaz iz sustava proizvođača fasadnog sustava. Temeljni premaz protiv IR zraka, namijen je za premazivanje mineralnih i pastoznih armirnih masa – umjesto temeljnih premaza – za smanjenje termičkog zagrijavanja na visokoizoliranim podlogama pod pastoznim strukturnim žbukama. Premaz se nanosi nerazrijeđen.
B42: 5) Nakon adekvatnog sušenja na naneseni temeljni premaz nanosi se sloj završne žbuke, vrlo difuzivne, ojačane karbonskim vlaknima, s istaknutim efektom vodenih perli i fotokatalitičkim djelovanjem, u veličini zrna d=2 mm i tamnoj nijansi (svjetlosna granica HBW≥8) prema izboru projektanta (u nijansi završne boje). • Stopa propusnosti vode w prema ÖN EN 1062-3: ≤ 0,05 [kg/(m2xh0,5)] W3 niska • Difuzijski otpor µ prema EN ISO 7783: 65 V1 visok • Toplinska provodljivost λ10,suho prema EN 1745: 1,09 W/(m.K) Tablična srednja vrijednost (P=50 %) • Reakcija na požar prema ÖN EN 13501-1: Euroklasa A2
B43: 6) Po adekvatnom sušenju, na izvedeni sloj žbuke u podnožju se izvodi zaštitni premaz 2-komponentnom masa za lijepljenje i armiranje, ojačanom karbonskim vlaknima kao zaštitni brtveni premaz u podnožju / području dodira s tlom (izvodi se ispod razine tla dokle seže završna žbuka i 5 cm iznad razine tla). Služi kao prikladna zaštita od vlage u vidu predpremaza ili izravnavajućeg sloja na armirnim masama ispod razine zemlje i 30 cm iznad. Premaz se izvodi 5 cm iznad razine tla. Nanosi se kistom ili četkom razrijeđen s maks. 5% čiste vode. Premazom obavezno temeljito zaštititi završnu površinu žbuke ispod zemlje. Prije upotrebe materijal se miješa sa cementom prema uputi iz tehničke informacije. Karekteristike premaza: • Difuzijski otpor µ (H2 O): 1350 • Difuzivno ekvivalentna debljina zračnog sloja Sd H2O: 2,7 m (DIN 52615 ili jednakovrijedno) • Koeficijent apsorpcije vode: razred III, nizak, prema DIN EN 1062-3 ili jednakovrijedno • Kapilarno upijanje vode:Kapilarno upijanje vode < 0,02 kg/m2 h 0,5 prema DIN EN 1062 ili jednakovrijedno zajamčena granična vrijednost: 0,1 kg/m2 h0,5
B44: 7) Nakon sušenja završne žbuke i izvedenog vodoodbojnog premaza, dodatni zaštitni premaz visokokvalitetnom nanohibridnom fasadnom bojom za optimalnu solarnu refleksiju kod tamnih tonova, ojačanom karbonskim vlaknima hidrofobne, velike paropropusnosti, s efektom vodenih perli, efektom samočišćenja i otporne na atmosferilije i mikroorganizme. Boju tonirati u tamnoj nijansi prema izboru projektanta (svjetlosna granica HBW≥8). • vodoupropusnost (w vrijednost): < 0,06 [kg/(m2 x h0,5 )], razred "niska vodopropusnost” prema normi DIN EN 1062 ili jednakovrijednoj • paropropusnost (sd-H20): < 0,03 m, razred "visoki stupanj difuzije vodene pare” prema normi DIN EN 1062-2 ili jednakovrijednoj
B45: U stavci je obračunata dobava i postava svog ostalog pribora iz atestiranog sustava proizvođača (kutni profili, okapni profili, i dr). Obaveza je izvođača sve navedene elemente izvesti u sustavu odabranog proizvođača fasadnog sustava. Sve radove izvesti prema tehničkim uputama proizvođača fasadnog sustava te u skladu s važećim tehničkih propisima i zakonskom regulativom poštujući smjernice za ugradnju fasadnih sustava. Stavka uključuje sav rad i materijal osnovni i pomoćni sve do potpune gotovosti. | C45: m2 | D45: 388.2 | E45: 130 | F45: =D45*$E45 -> 50466
A46: 23.2. | B46: Dobava i ugradnja potrebnih materijala za izvedbu ETICS fasadnog toplinsko izolacijskog sustava za tamne fasade (svjetlosna granica 20≥HBW≥8) s izolacijskim pločama od mineralne vune, koeficijenta toplinske provodljivosti λ≤0,035, d= 5-14 cm, armirnih slojeva ojačanim karbonskim vlaknima, završne žbuke ojačane karbonskim vlaknima te završnog bojanja nanohibridnom fasadnom bojom ojačanom karbonskim vlaknima za optimalnu refleksiju kod tamnih tonova kao u tamnoj nijansi (svjetlosna granica HBW≥8). Prije izvođenja obaveza je izvođača prema zahtjevima iz projekta u svrhu ispravno riješenih detalja te osiguranja trajnosti izvedenog fasadnog sustava definirati sve detalje izvedbe unutar odabranog ponuđača fasadnog sustava. To se naročito odnosi na sve spojeve sa bravarijom, stolarijom i limarijom, uskladiti postavu kutnih, rubnih i ostalih pribora prema zahtjevima na samoj fasadi. Obaveza je također provjeriti stanje podloge te prema potrebi podlogu adekvatno pripremiti pranjem, čišćenjem i nanošenjem odgovarajućeg temeljnog premaza. Sokl se izvodi u nastavku i ravnini sa gornjim dijelom fasade, bez vidljivog prijelaza, bez izvedbe razvajajuće šine, sa istim slojem završne silikonske žbuke ojačane karbonskim vlaknima i premazuje završnom fasadnom bojom ojačanom karbonskim vlaknima. Cijena stavke uključuje dobavu i postavu komponenti prema uputama proizvođača. Sve elemente fasade ponuditi u okviru atestiranog sustava proizvođača fasade. Redoslijed izvođenja:
B47: 1) Lijepljenje fasadnih izolacijskih ploča od mineralne vune, debljine, d = 5-14 cm. Tehničke karakteristike proizvoda: • reakcija na požar: razred A1 prema HRN EN 13501-1 ili jednakovrijednoj • deklarirana toplinska provodljivost, λd ≤ 0,035 W/mK prema HRN EN 12667 ili jednakovrijednoj • tlačna čvrstoća kod 10% deformacije CS(10): ≥ 15 kPa prema HRN EN 826 ili jednakovrijednoj • delaminacijska čvrstoća (TR) ≥ 7,5 kPa prema HRN EN 1607 ili jednakovrijednoj Lijepljenje se izvodi cementom vezanim mineralnim suhim mortom poboljšanim umjetnom smolom namijenjenim za lijepljenje izolacijskih materijala, isključivo iz atestiranog sustava proizvođača fasade, uz ostvarivanje kontaktne površine od min. 40%.
B48: Tehničke karakteristike koje mort mora zadovoljit: • Gustoća čvrstog morta (ÖN EN 1015-10 ili jednakovrijedno): 1,70 g/cm³ • Klasa morta ÖN EN 998-1 ili jednakovrijedno: CS IV • Toplinska provodljivost: λ10, suho EN 1745 ili jednakovrijedno: 0,77 W/(m.K) Tablična srednja vrijednost (P=50%) • Difuzijski otpor μ (H2 O): μ= 75 (EN ISO 7783 ili jednakovrijedno) • Vlačna čvrstoća vezanja: ÖN EN 1015-12 ili jednakovrijedno: 0,5 N/m2, EPS-F/MW*/LS */Konoplja* ETAG 004: ≥0,08N/mm² * ili lom izolacijskog materijala • Ponašanje u požaru: Klasa A1
B49: 2) Mehaničko pričvršćivanje odgovarajućim upuštenim pričvrsnicama, u iz atestiranog sustava proizvođača, a njihov broj po m² površine potrebno je dokazati statičkim proračunom (u praksi min. 6 kom/m²). Upuštene pričvrsnice zatvoriti rondelama za mineralnu vunu. Tip pričvrsnice obavezno uskaditi sa vrstom podloge na koju se postavljaju.
B50: 3) Kompletno armiranje postavljenih izolacijskih ploča nanošenjem, mineralnog, karbonskim vlaknima ojačanog, bijelog vapnenocementnog morta za armiranje. Debljina prvog sloja je 3 mm u koji se utiskuje tekstilno-staklena, alkalno otporna mrežica, veličine otvora 4×4 mm s preklopom od minimalno 10 cm. Po izvedenom utiskivanje mrežice nanosi se drugi izravnavajući sloj armirne mase. Ukupna debljina armirnog sloja treba biti 5 mm. Položaj mrežice u gornjoj trećini sloja. Tehničke karakteristike armirane mase: • Gustoća čvrstog morta (ÖN EN 1015-10 ili jednakovrijedno): 1,40 g/cm³ • Klasa morta ÖN EN 998-1 ili jednakovrijedno: CS IV • Toplinska provodljivost: λ10, suho EN 1745 ili jednakovrijedno: 0,464W/(m.K) Tablična srednja vrijednost (P=50%) • Difuzijski otpor μ (H2O): μ=50 (EN ISO 7783 ili jednakovrijedno) • Ponašanje u požaru: Klasa A1 • Koeficijent apsorpcije vode: ÖN EN 998-1 ili jednakovrijedno: Klasa Wc 2, ETAG 004: ≤ 0,15 kg/m²/24h • Konzistentnost: prah • Vlačna čvrstoća: ÖN EN 1015-12 ili jednakovrijedno: ≥ 0,5 N/mm2, EPS-F / ETAG 004: ≥0,08N/mm² ili lom izolacijskog materijala
B51: 4) Po izvedbi armirnog sloja nakon odgovarajućeg sušenja a prije izvedbe završnih slojeva izvodi se specijalni pigmentirani temeljni premaz iz sustava proizvođača fasadnog sustava. Temeljni premaz protiv IR zraka, namijen je za premazivanje mineralnih i pastoznih armirnih masa – umjesto temeljnih premaza – za smanjenje termičkog zagrijavanja na visokoizoliranim podlogama pod pastoznim strukturnim žbukama. Premaz se nanosi nerazrijeđen.
B52: 5) Nakon adekvatnog sušenja na naneseni temeljni premaz nanosi se sloj završne žbuke, vrlo difuzivne, ojačane karbonskim vlaknima, s istaknutim efektom vodenih perli i fotokatalitičkim djelovanjem, u veličini zrna d=2 mm i tamnoj nijansi (svjetlosna granica HBW≥8) prema izboru projektanta (u nijansi završne boje). • Stopa propusnosti vode w prema ÖN EN 1062-3 ili jednakovrijedno: ≤ 0,05 [kg/(m2xh0,5)] W3 niska • Difuzijski otpor µ prema EN ISO 7783 ili jednakovrijedno: 65 V1 visok • Toplinska provodljivost λ10, suho prema EN 1745 ili jednakovrijedno: 1,09 W/(m.K) Tablična srednja vrijednost (P=50 %) • Reakcija na požar prema ÖN EN 13501-1 ili jednakovrijedno: Euroklasa A2 Žbuka se izvodi u dvije granulacije: na ravnom dijelu fasade u krupnijoj i na mjestima prozora finijoj.
B53: 6) Nakon sušenja završne žbuke, dodatni zaštitni premaz visokokvalitetnom nanohibridnom fasadnom bojom za optimalnu solarnu refleksiju kod tamnih tonova, ojačanom karbonskim vlaknima hidrofobne, velike paropropusnosti, s efektom vodenih perli, efektom samočišćenja i otporne na atmosferilije i mikroorganizme. Boju nanijeti u jednom sloju. Boju tonirati u nijansi prema izboru projektanta (svjetlosna granica HBW≥8). • vodoupropusnost (w vrijednost): < 0,06 [kg/(m2 x h0,5 )], razred "niska vodopropusnost” prema normi DIN EN 1062 ili jednakovrijednoj • paropropusnost (sd-H20): < 0,03 m, razred "visoki stupanj difuzije vodene pare” prema normi DIN EN 1062-2 ili jednakovrijednoj
B54: Dobava i postava ostalog pribora (kutni profili, okapni profili, te špaletni elementi za prozore i vrata, dilatacijskih profila, završnih profila za žbuku i dr. koji su sastavni dio sistema). Sve radove izvesti prema tehničkim uputama proizvođača fasadnog sustava te u skladu s važećim tehničkih propisima i zakonskom regulativom poštujući smjernice za ugradnju fasadnih sustava. Stavka uključuje sav rad i materijal osnovni i pomoćni sve do potpune gotovosti.
A55: a) | B55: Izvedba ETICS fasadnog toplinsko izolacijskog sustava s izolacijskim pločama od kamene vune debljine 14 cm | C55: m2 | D55: 388.2 | E55: 134 | F55: =D55*$E55 -> 52018.8
A56: b) | B56: Izvedba ETICS fasadnog toplinsko izolacijskog sustava s izolacijskim pločama od kamene vune debljine 10 cm | C56: m2 | D56: 388.2 | E56: 130 | F56: =D56*$E56 -> 50466
A57: c) | B57: Izvedba ETICS fasadnog toplinsko izolacijskog sustava s izolacijskim pločama od kamene vune debljine 8 cm | C57: m2 | D57: 59 | E57: 128 | F57: =D57*$E57 -> 7552
A58: d) | B58: Izvedba ETICS fasadnog toplinsko izolacijskog sustava s izolacijskim pločama od kamene vune debljine 5 cm | C58: m2 | D58: 63 | E58: 125 | F58: =D58*$E58 -> 7875
A59: e) | B59: Obrada špaleta širine do 25 cm | C59: m' | D59: 124 | E59: 83 | F59: =D59*$E59 -> 10292
B60: FASADA SVJETLOSNE GRANICE HBW≥20
A61: 23.3. | B61: Dobava i ugradnja potrebnih materijala za izvedbu sokla ETICS fasadnog toplinsko izolacijskog sustava s izolacijskim pločama XPS, namjenskih ploča za podnožje, koeficijenta toplinske provodljivosti λ≤0,035, d=10 cm, armirnih slojeva i završne silikonske žbuke ojačane karbonskim vlaknima u svijetloj nijansi (HBW≥ 20) i premazuje završnom fasadnom bojom ojačanom karbonskim vlaknima. Kao opciju stavka uključuje i vodoodbojnu zaštitu najdonjeg dijela sokla vodoodbojnim premazom. Cijena stavke uključuje dobavu i postavu komponenti prema uputama proizvođača. Sve elemente fasade ponuditi u okviru atestiranog sustava proizvođača fasade. Obaveza je također provjeriti stanje podloge te prema potrebi podlogu adekvatno pripremiti pranjem, čišćenjem i nanošenjem odgovarajućeg temeljnog premaza što je obračunato u stavci. Kako se većina fasade izvodi na podlozi od betona ukoliko je podloga upojna preporuka je izvedba temeljnog vodorazrjedivog premaza razrijeđenog s vodom ovisno o upojnosti podloge. Redoslijed izvođenja:
B62: 1) U zoni podnožja, ljepljenje izolacijskih XPS, namjenskih ploča za podnožje (do max 20 cm ispod razine tla) iz atestiranog sustava proizvođača fasade isključivo namjenjenih za izolaciju sokla, koeficijenta toplinske provodljivosti λ≤0,035, tlačne čvrstoće CS (10)150≥ 150 kPa, difuzijskog upijanja vode EN12088 WD(V)5≤5%, vodoupojnosti kod potpunog uranjanja EN12087 WL(T)3≤3%. Debljina ploče d= 20 cm. Lijepljenje se izvodi cementom vezanim mineralnim suhim mortom poboljšanim umjetnom smolom namijenjenim za lijepljenje izolacijskih materijala, isključivo iz atestiranog sustava proizvođača fasade, uz ostvarivanje kontaktne površine od min. 40%. Tehničke karakteristike koje mort mora zadovoljiti: • Gustoća čvrstog morta (ÖN EN 1015-10=: 1,70 g/cm³ • Klasa morta ÖN EN 998-1: CS IV • Toplinska provodljivost: λ10, suho EN 1745: 0,77 W/(m.K) Tablična srednja vrijednost (P=50%) • Difuzijski otpor μ (H2 O): μ= 75 (EN ISO 7783) • Vlačna čvrstoća vezanja: ÖN EN 1015-12: 0,5 N/m2, EPS-F/MW*/LS */Konoplja* ETAG 004: ≥0,08N/mm² * ili lom izolacijskog materijala • Ponašanje u požaru: Klasa A1
B63: 2) Kompletno armiranje izolacijskih ploča nanošenjem armirnog sloja od svijetlog, mineralnog morta za lijepljenje i armiranje, hidratiziranog vapna i visokokvalitetnog, frakcioniranog, drobljenog pješčanog vapnenca, isključivo iz atestiranog sustava proizvođača fasade. Tehničke karakteristike morta: • Gustoća: 1,68 g/cm3 (svježi mort) • veličina zrna: 1,2 mm • Koeficijent apsorpcije vode: < 0,5 kg/m2/24 h • Konzistentnost: Prah • ispitan prema normi ÖNORM B 6121 ili jednakovrijednoj U mort se u svježem stanju utiskuje tekstilno-staklena, alkalno otporna mrežica 160 g/m2, veličine otvora 4×4 mm s preklopom od minimalno 10 cm. Pozicija mrežice u polovini do gornje trećine debljine sloja. Debljina armirnog sloja min 5 mm. Obavezno dodatno ojačanje kuteva otvora dijagonalno postavljenim mrežicama dimenzija 20×40 cm ili 30×50 cm, sve iz sustava proizvođača fasade. Sve preklope armirne mrežice odraditi prema uputama proizvođača.
B64: 3) Po izvedbi armirnog sloja nakon odgovarajućeg sušenja a prije izvedbe završnih slojeva izvodi se temeljni premaz iz sustava proizvođača fasadnog sustava. Temeljni premaz je sredstvo za bolje prijanjanje strukturne žbuke na mineralnim podlogama i fasadnim sustavima. Toniranti u nijansu prema završnoj strukturnoj žbuci. Kombinacija veziva od akrilat-kopolimera, silikonskih smola i silikata.
B65: 4) Nakon adekvatnog sušenja na naneseni temeljni premaz nanosi se sloj završne žbuke, vrlo difuzivne, ojačane karbonskim vlaknima, s istaknutim efektom vodenih perli i fotokatalitičkim djelovanjem, u veličini zrna d=2 mm i svijetloj nijansi (svjetlosna granica HBW≥20) prema izboru projektanta (u nijansi završne boje). • Stopa propusnosti vode w prema ÖN EN 1062-3 ili jednakovrijednoj: ≤ 0,05 [kg/(m2xh0,5)] W3 niska • Difuzijski otpor µ prema EN ISO 7783 ili jednakovrijednoj: 65 V1 visok • Toplinska provodljivost λ10,suho prema EN 1745 ili jednakovrijednoj: 1,09 W/(m.K) Tablična srednja vrijednost (P=50 %) • Reakcija na požar prema ÖN EN 13501-1 ili jednakovrijednoj: Euroklasa A2 Žbuka se izvodi u dvije granulacije: na ravnom dijelu fasade u krupnijoj i na mjestima prozora finijoj.
B66: 5) Kao opcija: Po adekvatnom sušenju, na izvedeni sloj žbuke u podnožju se izvodi zaštitni premaz 2-komponentnom masa za lijepljenje i armiranje, ojačanom karbonskim vlaknima kao zaštitni brtveni premaz u podnožju / području dodira s tlom ( izvodi se ispod razine tla dokle seže završna žbuka i 5 cm iznad razine tla). Služi kao prikladna zaštita od vlage u vidu predpremaza ili izravnavajućeg sloja na armirnim masama ispod razine zemlje i dijela sokla iznad. Premaz se izvodi 5 cm iznad razine tla. Nanosi se kistom ili četkom razrijeđen s maks. 5% čiste vode. Prije korištenja premaz se miješa sa cementom u omjerima prema uputi iz tehničke informacije proizvoda. Premazom obavezno temeljito zaštititi završnu površinu žbuke ispod zemlje. Karakteristike premaza: • Gustoća: 1,1 g/cm3 bez dodatka cementa • Difuzivno ekvivalentna debljina zračnog sloja sdH2O: Difuzivno ekvivalentna debljina zračnog sloja sdH2O ca. 2,2 m prema DIN EN ISO 7783 ili jednakovrijednoj(pri 2 mm) • Baza veziva: Vodena stiroakrilatna-kopolimerna disperzija • Permeabilnost vode (w-vrijednost): w: ca. 0,02 kg/(m2 h1/2) prema DIN EN 1062-3 Klasa W3 (niska) prema DIN EN 1062 ili jednakovrijednoj
B67: 6) 'Nakon adekvatnog vremena sušenja izvodi se završno bojanje fasade u jednoj ruci sa strukturnom bojom ojačanom karbonskim vlaknima na bazi kombiniranog veziva i silikonskih smola u svjetloj nijansi (svjetlosna granica HBW≥20). Svojstva završnog premaza: - otpornost na vremenske utjecaje - vodopropusnost (vrijednost w ): ≤ 0,06 [kg/(m2  h0,5)], odgovara razredu "niska vodopropusnost” prema normi DIN EN 1062 ili jednakovrijednoj - paropropusnost (vrijednost sd-H2O): ≤ 0,03 m , odgovara razredu "visok stupanj difuzije vodene pare” prema normi DIN EN 1062-2 ili jednakovrijednoj - ekstremna hidrofobnost sa efektom stvaranja vodenih kapljica, svodi onečišćenje fasade na najmanju mjeru - svojstvo samočišćenja zahvaljujući specijalnim pigmentima koji djeluju kao fotokatalizatori - otpornost na agresivne štetne tvari iz zraka - ojačana karbonskim vlaknima
B68: U stavci je obračunata dobava i postava svog ostalog pribora iz atestiranog sustava proizvođača (kutni profili, okapni profili, i dr). Obaveza je izvođača sve navedene elemente izvesti u sustavu odabranog proizvođača fasadnog sustava. Sve radove izvesti prema tehničkim uputama proizvođača fasadnog sustava te u skladu s važećim tehničkih propisima i zakonskom regulativom poštujući smjernice za ugradnju fasadnih sustava. Stavka uključuje sav rad i materijal osnovni i pomoćni sve do potpune gotovosti. | C68: m2 | D68: 129.4 | E68: 74 | F68: =D68*$E68 -> 9575.6
A69: 23.4. | B69: Dobava i ugradnja potrebnih materijala za izvedbu ETICS fasadnog toplinsko izolacijskog sustava s izolacijskim pločama od mineralne vune, koeficijenta toplinske provodljivosti λ≤0,035, d=5-14 cm, armirnih slojeva i završne silikonske žbuke u svijetloj nijansi (HBW ≥20). Prije izvođenja obaveza je izvođača prema zahtjevima iz projekta u svrhu ispravno riješenih detalja te osiguranja trajnosti izvedenog fasadnog sustava definirati sve detalje izvedbe unutar odabranog ponuđača fasadnog sustava. To se naročito odnosi na sve spojeve sa bravarijom, stolarijom i limarijom, uskladiti postavu kutnih, rubnih i ostalih pribora prema zahtjevima na samoj fasadi. Sokl se izvodi u nastavku i ravnini sa gornjim dijelom fasade, bez vidljivog prijelaza, bez izvedbe razvajajuće šine, sa istim slojem završne silikonske žbuke i premazuje završnom fasadnom bojom ojačanom karbonskim vlaknima. Obaveza je također provjeriti stanje podloge te prema potrebi podlogu adekvatno pripremiti pranjem, čišćenjem i nanošenjem odgovarajućeg temeljnog premaza što je obračunato u stavci. Ukoliko je podloga upojna preporuka je izvedba temeljnog vodorazrjedivog premaza razrijeđenog s vodom ovisno o upojnosti podloge. Redoslijed izvođenja:
B70: 1) Lijepljenje fasadnih izolacijskih ploča od mineralne vune Tehničke karakteristike proizvoda: • reakcija na požar: razred A1 prema HRN EN 13501-1 ili jednakovrijednoj • deklarirana toplinska provodljivost,λd ≤ 0,035 W/mK prema HRN EN 12667 ili jednakovrijednoj • tlačna čvrstoća kod 10% deformacije CS(10): ≥ 15 kPa prema HRN EN 826 ili jednakovrijednoj • delaminacijska čvrstoća (TR) ≥ 7,5 kPa prema HRN EN 1607 ili jednakovrijednoj Lijepljenje se izvodi cementom vezanim mineralnim suhim mortom poboljšanim umjetnom smolom namijenjenim za lijepljenje izolacijskih materijala, isključivo iz atestiranog sustava proizvođača fasade, uz ostvarivanje kontaktne površine od min. 40%. Tehničke karakteristike koje mort mora zadovoljit: • Gustoća čvrstog morta (ÖN EN 1015-10 ili jednakovrijednoj) =: 1,70 g/cm³ • Klasa morta ÖN EN 998-1 ili jednakovrijednoj: CS IV • Toplinska provodljivost: λ10, suho EN 1745 ili jednakovrijednoj: 0,77 W/(m.K) Tablična srednja vrijednost (P=50%) • Difuzijski otpor μ (H2 O): μ= 75 (EN ISO 7783 ili jednakovrijednoj) • Vlačna čvrstoća vezanja: ÖN EN 1015-12 ili jednakovrijednoj: 0,5 N/m2 EPS-F/MW*/LS */Konoplja* ETAG 004: ≥0,08N/mm² * ili lom izolacijskog materijala • Ponašanje u požaru: Klasa A1
B71: 2) Mehaničko pričvršćivanje odgovarajućim upuštenim pričvrsnicama, u iz atestiranog sustava proizvođača, a njihov broj po m² površine potrebno je dokazati statičkim proračunom (u praksi min. 6 kom/m²). Upuštene pričvrsnice zatvoriti rondelama za mineralnu vunu. Tip pričvrsnice obavezno uskaditi sa vrstom podloge na koju se postavljaju.
B72: 3) Kompletno armiranje izolacijskih ploča nanošenjem armirnog sloja od svijetlog, mineralnog morta za lijepljenje i armiranje, hidratiziranog vapna i visokokvalitetnog, frakcioniranog, drobljenog pješčanog vapnenca, isključivo iz atestiranog sustava proizvođača fasade. Tehničke karakteristike morta: • Gustoća: 1,68 g/cm3 (svježi mort) • veličina zrna: 1,2 mm • Koeficijent apsorpcije vode: < 0,5 kg/m2/24 h • Konzistentnost: Prah • ispitan prema normi ÖNORM B 6121 ili jednakovrijednoj U mort se u svježem stanju utiskuje tekstilno-staklena, alkalno otporna mrežica 160 g/m2, veličine otvora 4×4 mm s preklopom od minimalno 10 cm. Pozicija mrežice u polovini do gornje trećine debljine sloja. Debljina armirnog sloja min 5 mm. Obavezno dodatno ojačanje kuteva otvora dijagonalno postavljenim mrežicama dimenzija 20×40 cm ili 30×50 cm, sve iz sustava proizvođača fasade. Sve preklope armirne mrežice odraditi prema uputama proizvođača.
B73: 4) Po izvedbi armirnog sloja nakon odgovarajućeg sušenja a prije izvedbe završnih slojeva izvodi se temeljni premaz Putzgrund iz sustava proizvođača fasadnog sustava. Temeljni premaz je sredstvo za bolje prijanjanje strukturne žbuke na mineralnim podlogama i fasadnim sustavima. Toniranti u nijansu prema završnoj strukturnoj žbuci. Kombinacija veziva od akrilat-kopolimera, silikonskih smola i silikata.
B74: 5) Nakon adekvatnog sušenja na naneseni temeljni premaz nanosi se sloj završne žbuke, vrlo difuzivne, ojačane karbonskim vlaknima, s istaknutim efektom vodenih perli i fotokatalitičkim djelovanjem, u veličini zrna d=2 mm i svjetloj nijansi (svjetlosna granica HBW≥20) prema izboru projektanta (u nijansi završne boje). • Stopa propusnosti vode w prema ÖN EN 1062-3 ili jednakovrijednoj: ≤ 0,05 [kg/(m2xh0,5)] W3 niska • Difuzijski otpor µ prema EN ISO 7783 ili jednakovrijednoj: 65 V1 visok • Toplinska provodljivost λ10,suho prema EN 1745 ili jednakovrijednoj: 1,09 W/(m.K) Tablična srednja vrijednost (P=50 %) • Reakcija na požar prema ÖN EN 13501-1 ili jednakovrijednoj: Euroklasa A2 Žbuka se izvodi u dvije granulacije: na ravnom dijelu fasade u krupnijoj i na mjestima prozora finijoj.
B75: 6) Nakon adekvatnog vremena sušenja izvodi se završno bojanje fasade u jednoj ruci sa strukturnom bojom ojačanom karbonskim vlaknima na bazi kombiniranog veziva Silacryla i silikonskih smola u svjetloj nijansi (svjetlosna granica HBW≥20). Svojstva završnog premaza: - otpornost na vremenske utjecaje - vodopropusnost (vrijednost w ): ≤ 0,06 [kg/(m²  h0,5)], odgovara razredu "niska vodopropusnost” prema normi DIN EN 1062 ili jednakovrijednoj - paropropusnost (vrijednost sd-H2O): ≤ 0,03 m , odgovara razredu "visok stupanj difuzije vodene pare” prema normi DIN EN 1062-2 ili jednakovrijednoj - ekstremna hidrofobnost sa efektom stvaranja vodenih kapljica, svodi onečišćenje fasade na najmanju mjeru - svojstvo samočišćenja zahvaljujući specijalnim pigmentima koji djeluju kao fotokatalizatori - otpornost na agresivne štetne tvari iz zraka - ojačana karbonskim vlaknima
B76: Dobava i postava ostalog pribora (kutni profili i okapni profili, te špaletni elementi za prozore i vrata i dr. koji su sastavni dio sistema). Sve radove izvesti prema tehničkim uputama proizvođača fasadnog sustava te u skladu s važećim tehničkih propisima i zakonskom regulativom poštujući smjernice za ugradnju fasadnih sustava. Stavka uključuje sav rad i materijal osnovni i pomoćni sve do potpune gotovosti.
A77: a) | B77: Izvedba ETICS fasadnog toplinsko izolacijskog sustava s izolacijskim pločama od kamene vune debljine 14 cm | C77: m2 | D77: 129.4 | E77: 78 | F77: =D77*$E77 -> 10093.2
A78: b) | B78: Izvedba ETICS fasadnog toplinsko izolacijskog sustava s izolacijskim pločama od kamene vune debljine 10 cm | C78: m2 | D78: 129.4 | E78: 74 | F78: =D78*$E78 -> 9575.6
A79: c) | B79: Izvedba ETICS fasadnog toplinsko izolacijskog sustava s izolacijskim pločama od kamene vune debljine 8 cm | C79: m2 | D79: 59 | E79: 72 | F79: =D79*$E79 -> 4248
A80: d) | B80: Izvedba ETICS fasadnog toplinsko izolacijskog sustava s izolacijskim pločama od kamene vune debljine 5 cm | C80: m2 | D80: 63 | E80: 69 | F80: =D80*$E80 -> 4347
A81: e) | B81: Obrada špaleta širine do 25 cm | C81: m' | D81: 42 | E81: 48 | F81: =D81*$E81 -> 2016
B82: 23. Fasaderski radovi ukupno: | F82: =SUM(F40:F75) -> 188245.4
A85: 26. | B85: RAZNI RADOVI
A86: 26.1. | B86: Zaštita hodne površine ispod skele dvostrukom čvrstom PVC folijom i OSB pločama. U cijenu uključen sav potreban rad i materijal. | C86: m2 | D86: 190.5 | E86: 9.45 | F86: =D86*$E86 -> 1800.225
B87: 26. Razni radovi ukupno: | F87: =SUM(F86) -> 1800.225

Sheet Zgrada 20
A1: stavka | B1: opis stavke | C1: jedin. mjere | D1: količina | E1: jedinična cijena (euro) | F1: ukupno (euro)
A3: VI. | B3: ZGRADA 20
A5: A. | B5: GRAĐEVINSKO-OBRNIČKI RADOVI
A7: 1. | B7: SKELA
A8: 1.1. | B8: Dobava, postava, skidanje i otprema cijevne fasadne skele, od bešavnih cijevi. Skelu izvesti prema važećim HTZ propisima. Skelu je potrebno osigurati od prevrtanja, sidrennjem u građevinu, a od udara munje uzemljenjem. Potrebno je izvesti pomične željezne ili drvene ljestve – penjalice u svrhu osiguranja vertikalne komunikacije po skeli. Prije izvedbe skele izvođač je dužan izraditi projekt skele, što je u cijeni stavke. Obračun se vrši po m² vertikalne projekcije površine skele. Stavka uključuje rad i materijal osnovni i pomoćni, sve do potpune funkcionalnosti. | C8: m2 | D8: 777.5 | E8: 11.55 | F8: =D8*$E8 -> 8980.125
B9: 1. Skela ukupno: | F9: =SUM(F8) -> 8980.125
A13: 9. | B13: RAZNI ZIDARSKI RADOVI
A14: 9.1. | B14: Brtvljenje fasadnih otvora (prozora, stijena i vrata) samoljepljivom trakom. Dobava i ugradnja samoljepljive gumirane trake za fiksiranje. Tehničke karakteristike koje proizvod mora zadovoljiti: - Širina min. 5 cm - Otpornost na trganje: ≥150 N/50 mm - Izduženje do sloma: ≥20% Trake se lijepe na prethodno otprašenu podlogu, otprašivanje uključeno u stavci. Stavka uključuje sav rad i materijal osnovni i pomoćni. Sve izvesti prema pravilima struke i po uputi proizvođača. Obračun po m'.
A15: a) | B15: postava s vanjske strane | C15: m' | D15: 164 | F15: =D15*$E15 -> 0
A16: b) | B16: postava s unutarnje strane | C16: m' | D16: 164 | F16: =D16*$E16 -> 0
A17: 9.2. | B17: Obrada špaleta oko otvora u vanjskom zidu. Krpanje i nanos izravnavajućeg sloja produžnim mortom M-5. Stavka uključuje sav materijal i rad, te upotrebu radne skele.
A18: a) | B18: vanjska obrada špalete | C18: m' | D18: 164 | E18: 16 | F18: =D18*$E18 -> 2624
A19: b) | B19: unutarnja obrada špalete | C19: m' | D19: 164 | E19: 16 | F19: =D19*$E19 -> 2624
A22: 13. | B22: TERMOIZOLACIJSKI RADOVI
B23: NAPOMENA: Kod svih stavaka u cijenu uključiti detaljan pregled površine na koju se hidroizolacija postavlja i njeno eventualno potrebno pranje, odmašćivanje, čišćenje od neravnina.
A24: 13.2. | B24: Dobava i postava rubne trake od kamene vune uz pregradne i nosive zidove u debljini od 2 cm u visini slojeva poda. Tehničke karakteristike koje kamena vuna mora zadovoljiti su: • reakcija na požar: razred A1 prema HRN EN 13501-1 ili jednakovrijednoj • toplinska provodljivost ʎ ≤ 0,038 W/mK prema HRN EN 12667 ili jednakovrijednoj • razina stišljivosti CP2 prema HRN EN 12431 ili jednakovrijednoj • dinamička krutost SD ≤ 48 MN/m³ prema HRN EN 29052-1 ili jednakovrijednoj Stavka uključuje rad i materijal osnovni i pomoćni, sve prema nacrtu projektanta. | C24: m' | D24: 310 | F24: =D24*$E24 -> 0
A25: 13.3. | B25: Dobava i ugradnja materijala za izolaciju stropa prizemlja između veznih greda na način da se između greda ispunjava kompaktnim pločama od kamene mineralne vune specifične gustoće 30 kg/m³, vrijednosti toplinske provodljivosti λ ≤ 0,037 W/mK. Potrebna debljina izolacije između rogova je 12,00 cm. Sve izvesti prema pravilima struke i prema uputama proizvođača. U stavku uključen sav rad i materijal osnovni i pomoćni, sve do potpune gotovosti. | C25: m2 | D25: 485 | F25: =D25*$E25 -> 0
A26: 13.4. | B26: Dobava i ugradnja materijala za izolaciju stropa prizemlja, na način da se ispod veznih greda postavlja višenamjenska izolacijska ploča od kamene vune kaširana s alu folijom s donje strane. Potrebna debljina izolacije ispod rogova je d = 4,0 cm. Karakteristike tražene izolacije su: - gustoća 30 kg/m³ - toplinske provodljivosti λ ≤ 0,037 W/mK prema normi HRN EN 12667 ili jednakovrijednoj - HRN EN 13162: MW-EN13162-T5-DS(TH)-WS-AF5 ili jednakovrijednoj - klasa gorivosti prema normi HRN EN 13501-1: A1 ili jednakovrijednoj Sve izvesti prema pravilima struke i prema uputama proizvođača. U stavku uključen sav rad i materijal osnovni i pomoćni, sve do potpune gotovosti. | C26: m2 | D26: 490 | F26: =D26*$E26 -> 0
A27: 13.6. | B27: Dobava i ugradnja ekstrudiranog polistirena (XPS) debljine 10 cm glatke površine i stepenastog ruba, koeficijenta toplinske provodljivosti λ≤0,035W/mK, tlačne čvrstoće 300 kPa. Ploče se postavljaju vertikalno kao toplinska izolacija nadtemeljnog zida i temelja. Izolaciju je potrebno zaljepiti za podlogu koristeći polimer-bitumensko ljepilo (1,6 kg/m²), uključeno u cijenu stavke. Sve izvesti pravilima struke i uputama proizvođača. U stavku uključen sav rad i materijal osnovni i pomoćni, sve do potpune gotovosti. | C27: m2 | D27: 50 | F27: =D27*$E27 -> 0
B28: 13. Termoizolaterski radovi ukupno: | F28: =SUM(F24:F27) -> 0
A31: 23. | B31: FASADERSKI RADOVI
B32: FASADA SVJETLOSNE GRANICE 20≥HBW≥8
A33: 23.1. | B33: Dobava i ugradnja potrebnih materijala za izvedbu sokla fasadnog toplinsko izolacijskog sustava (svjetlosna granica 20≥HBW≥8) sa namjenskim izolacijskim pločama XPS namijenjenih za izolaciju sokla, d= 10 cm, armirnog sloja ojačanog karbonskim vlaknima, završne silikonske žbuke ojačane karbonskim vlaknima, te završnog bojanja fasadnom bojom ojačanom karbonskim vlaknima u tamnoj nijansi (svjetlosna granica HBW≥8). Cijena stavke uključuje dobavu i postavu komponenti prema uputama proizvođača. Sve elemente fasade ponuditi u okviru atestiranog sustava proizvođača fasade. Prije izvođenja dužnost je izvođača i obračunato je u stavci pripremiti i po potrebi očistiti podlogu, provjeriti stanje i nosivost podloge, ukloniti sve nenosive dijelove, ukoniti sve masnoće i tvari koje razdvajaju. Sokl se izvodi u nastavku i ravnini sa gornjim dijelom fasade, bez vidljivog prijelaza, bez izvedbe razvajajuće šine, sa istim slojem završne žbuke ojačane karbonskim vlaknima. Završni sloj žbuke dodtano se zaštićuje na dijelu netom ispod razine tla i 5 cm iznad tla sa vodoodbojnim premazom i premazuje završnom fasadnom bojom ojačanom karbonskim vlaknima. Detalj izvesti prema projektu i prema tipskom detalju odabranog proizvođača fasadnog sustava. Redoslijed izvođenja:
B34: 1) U zoni podnožja, ljepljenje izolacijskih XPS namjenskih ploča za podnožje (do max 20 cm ispod razine tla) iz atestiranog sustava proizvođača fasade isključivo namjenjenih za izolaciju sokla, koeficijenta toplinske provodljivosti λ≤0,035, tlačne čvrstoće CS (10)150≥ 150 kPa, difuzijskog upijanja vode EN12088 WD(V)5≤5%, vodoupojnosti kod potpunog uranjanja EN12087 WL(T)3≤3%. Debljina ploče d= 10 cm. Lijepljenje se izvodi vapno/cementnim suhim mortom, s hidrauličkim vezanjem, namijenjen za lijepljenje fasadnih izolacijskih ploča i ploča za sokl, posebno na bitumenskim podlogama, isključivo iz atestiranog sustava proizvođača fasade, uz ostvarivanje kontaktne površine od min. 40%. Tehničke karakteristike koje mort mora zadovoljit: • gustoća svježeg morta prema EN 1015-10 ili jednakovrijedno: 1,70 g/cm³ • prionjivost prema EN 1015-12 ili jednakovrijedno: 0,5 N/mm²
B35: 2) Mehaničko pričvršćivanje odgovarajućim pričvrsnicama, u iz atestiranog sustava proizvođača, samo u zoni više od 30 cm iznad razine tla, a njihov broj po m² površine potrebno je dokazati statičkim proračunom (u praksi min. 6 kom/m²). Upuštene pričvrsnice zatvoriti odgovarajućim rondelama iz sustava proizvođača. Tip pričvrsnice obavezno uskaditi sa traženom nosivosti i vrstom podloge na koju se postavljaju. Obaveza je izvođača provjeriti razinu izvedene hidroizolacije kako se prilikom izvedbi pričvrsnica hidroizolacija ne bi oštetila.
B36: 3) Kompletno armiranje postavljenih izolacijskih ploča nanošenjem, mineralnog, karbonskim vlaknima ojačanog, bijelog vapnenocementnog morta za armiranje. Debljina prvog sloja je 3 mm u koji se utiskuje tekstilno-staklena, alkalno otporna mrežica, veličine otvora 4×4 mm s preklopom od minimalno 10 cm. Po izvedenom utiskivanje mrežice nanosi se drugi izravnavajući sloj armirne mase. Ukupna debljina armirnog sloja treba biti min 5 mm. Položaj mrežice u gornjoj trećini sloja. Tehničke karakteristike armirne mase: • Gustoća čvrstog morta (ÖN EN 1015-10): 1,40 g/cm³ • Klasa morta ÖN EN 998-1: CS IV • Toplinska provodljivost: λ10, suho EN 1745: 0,464W/(m.K) Tablična srednja vrijednost (P=50%) • Difuzijski otpor μ (H2O): μ=ca. 50 (EN ISO 7783) • Ponašanje u požaru: Klasa A1 • Koeficijent apsorpcije vode: ÖN EN 998-1: Klasa Wc 2 ETAG 004: ≤ 0,15 kg/m²/24h • Konzistentnost: prah • Vlačna čvrstoća: ÖN EN 1015-12: ≥ 0,5 N/mm2, EPS-F / ETAG 004: ≥0,08N/mm² ili lom izolacijskog materijala
B37: 4) Po izvedbi armirnog sloja nakon odgovarajućeg sušenja a prije izvedbe završnih slojeva izvodi se specijalni pigmentirani temeljni premaz iz sustava proizvođača fasadnog sustava. Temeljni premaz protiv IR zraka, namijen je za premazivanje mineralnih i pastoznih armirnih masa – umjesto temeljnih premaza – za smanjenje termičkog zagrijavanja na visokoizoliranim podlogama pod pastoznim strukturnim žbukama. Premaz se nanosi nerazrijeđen.
B38: 5) Nakon adekvatnog sušenja na naneseni temeljni premaz nanosi se sloj završne žbuke, vrlo difuzivne, ojačane karbonskim vlaknima, s istaknutim efektom vodenih perli i fotokatalitičkim djelovanjem, u veličini zrna d=2 mm i tamnoj nijansi (svjetlosna granica HBW≥8) prema izboru projektanta (u nijansi završne boje). • Stopa propusnosti vode w prema ÖN EN 1062-3: ≤ 0,05 [kg/(m2xh0,5)] W3 niska • Difuzijski otpor µ prema EN ISO 7783: 65 V1 visok • Toplinska provodljivost λ10,suho prema EN 1745: 1,09 W/(m.K) Tablična srednja vrijednost (P=50 %) • Reakcija na požar prema ÖN EN 13501-1: Euroklasa A2
B39: 6) Po adekvatnom sušenju, na izvedeni sloj žbuke u podnožju se izvodi zaštitni premaz 2-komponentnom masa za lijepljenje i armiranje, ojačanom karbonskim vlaknima kao zaštitni brtveni premaz u podnožju / području dodira s tlom (izvodi se ispod razine tla dokle seže završna žbuka i 5 cm iznad razine tla). Služi kao prikladna zaštita od vlage u vidu predpremaza ili izravnavajućeg sloja na armirnim masama ispod razine zemlje i 30 cm iznad. Premaz se izvodi 5 cm iznad razine tla. Nanosi se kistom ili četkom razrijeđen s maks. 5% čiste vode. Premazom obavezno temeljito zaštititi završnu površinu žbuke ispod zemlje. Prije upotrebe materijal se miješa sa cementom prema uputi iz tehničke informacije. Karekteristike premaza: • Difuzijski otpor µ (H2 O): 1350 • Difuzivno ekvivalentna debljina zračnog sloja Sd H2O: 2,7 m (DIN 52615 ili jednakovrijedno) • Koeficijent apsorpcije vode: razred III, nizak, prema DIN EN 1062-3 ili jednakovrijedno • Kapilarno upijanje vode:Kapilarno upijanje vode < 0,02 kg/m2 h 0,5 prema DIN EN 1062 ili jednakovrijedno zajamčena granična vrijednost: 0,1 kg/m2 h0,5
B40: 7) Nakon sušenja završne žbuke i izvedenog vodoodbojnog premaza, dodatni zaštitni premaz visokokvalitetnom nanohibridnom fasadnom bojom za optimalnu solarnu refleksiju kod tamnih tonova, ojačanom karbonskim vlaknima hidrofobne, velike paropropusnosti, s efektom vodenih perli, efektom samočišćenja i otporne na atmosferilije i mikroorganizme. Boju tonirati u tamnoj nijansi prema izboru projektanta (svjetlosna granica HBW≥8). • vodoupropusnost (w vrijednost): < 0,06 [kg/(m2 x h0,5 )], razred "niska vodopropusnost” prema normi DIN EN 1062 ili jednakovrijednoj • paropropusnost (sd-H20): < 0,03 m, razred "visoki stupanj difuzije vodene pare” prema normi DIN EN 1062-2 ili jednakovrijednoj
B41: U stavci je obračunata dobava i postava svog ostalog pribora iz atestiranog sustava proizvođača (kutni profili, okapni profili, i dr). Obaveza je izvođača sve navedene elemente izvesti u sustavu odabranog proizvođača fasadnog sustava. Sve radove izvesti prema tehničkim uputama proizvođača fasadnog sustava te u skladu s važećim tehničkih propisima i zakonskom regulativom poštujući smjernice za ugradnju fasadnih sustava. Stavka uključuje sav rad i materijal osnovni i pomoćni sve do potpune gotovosti. | C41: m2 | D41: 50 | E41: 130 | F41: =D41*$E41 -> 6500
