Workbook

Sheet Opći uvjeti
C1: GRAĐEVINA: Stambeno-poslovna građevina | E1: BR. PROJ. | G1: 5-2026-S
C2: Martićeva 8
C3: NARUČITELJ: GSKG d.o.o. | E3: ZOP | F3: 5-2026-MARTIĆEVA
C5: FAZA PROJEKTA: Glavni projekt | E5: DATUM | G5: veljača 2026.
C8: OPĆI UVJETI IZVOĐENJA I OPĆI UVJETI POJEDINIH VRSTA RADOVA
C9: Prije davanja ponude izvođač treba obavezno pročitati ove opće uvjete. Oni su sastavni dio troškovnika i u svemu ih se treba pridržavati. Troškovnik s općim uvjetima, grafički dijelovi (nacrti) s tehničkim opisom i ev. drugi dijelovi dokumentacije čine cjelinu koju izvođač treba proučiti. Nedovoljno upoznavanje s ostalim dijelovima projekta (grafičkim i tekstualnim) ne može biti razlog za povećanje jediničnih cijena ili greške u izvedbi Projektirani radovi moraju se izvoditi prema odobrenoj projektnoj dokumentaciji. Sve eventualne nejasnoće treba izvoditelj riješiti s projektantom prije davanja ponude, jer se naknadni zahtjevi neće uvažiti.
C10: Izvoditelj treba prije davanja ponude obići i pregledati gradilište/građevinu (zonu izvođenja radova), način i mogućnosti pristupa, montaže skele, mogućnost zauzimanja javne površine za potrebe izvođenja radova i sl. Razna otežanja radova (skučen prostor, male količine, rad noću i pod rasvjetom i slično) treba izvođač utvrditi prije davanja ponude i uračunati ih u jediničnu cijenu za odgovarajuću stavku, jer se nikakvi naknadni zahtjevi neće uvažavati.
C11: Izvođač prilikom uvođenja u posao i formiranja gradilišta, preuzimanja odgovornosti za nekretnini na kojoj izvodi radove i od tog trenutka pa do primopredaje odgovoran je za nju, stvari i osobe unutar gradilišta. U cijenistavke treba predvidjeti obavezno i sve troškove osiguranja uskladištenog materijala, sve do njegove ugradbe ili primopredaje. Izvođač je dužan, u okviru ugovorene cijene, osigurati gradilište od djelovanja više sile i krađe i uključiti sve troškove osiguranja uskladištenog materijala, sve do njegove ugradbe ili primopredaje.
C12: Investitor je dužan tijelu graditeljstva /nadležnim tijelima, najkasnije u roku od osam dana prije početka građenja ili nastavka radova, pismeno prijaviti početak građenja (o otvaranju gradilišta trebaju biti obaviještene nadležne službe). Izvođač treba s nadzornim inženjerom izraditi vremenski plan (gantogram) aktivnosti na gradilištu čime će odrediti dinamiku dobave materijala, opreme i drugog, financiranja itd.
C13: Obaveza izvoditelja radova je uredno voditi dokumentaciju gradilišta propisanu Zakonom o gradnji (NN 153/13, 20/17).
C14: Izvođač na gradilištu, ovisno o vrsti građevine, odnosno radova, mora imati:
C15: - građevinski dnevnik
C16: - dokaz o svojstvima ugrađenih građevnih proizvoda u odnosu na njihove bitne značajke, dokaze o sukladnosti ugrađene opreme i/ili postrojenja prema posebnom zakonu, isprave o sukladnosti određenih dijelova građevine temeljnim zahtjevima za građevinu, kao i dokaze kvalitete (rezultati ispitivanja, zapisi o provedenim procedurama kontrole kvalitete i dr.) za koje je obveza prikupljanja tijekom izvođenja građevinskih i drugih radova za sve izvedene dijelove građevine i za radove koji su u tijeku određena zakonom, posebnim propisom ili projektom
C17: - elaborat iskolčenja građevine, ako isti nije sastavni dio glavnog projekta, odnosno idejnog projekta
C18: - propisanu dokumentaciju o gospodarenju otpadom sukladno posebnim propisima koji uređuju gospodarenje otpadom.
C19: Svu zahtijevanu dokumentaciju dužan je izvoditelj dati na uvid ovlaštenim inspekcijskim službama.
... C193: -zaštite i osiguranja, primjena svih mjera zaštite na radu.

Sheet Dvorišna fasada
D1: ='Opći uvjeti'!C1 -> GRAĐEVINA: Stambeno-poslovna građevina | F1: BR. PROJ. | H1: 5-2026-S
D2: ='Opći uvjeti'!C2 -> Martićeva 8
D3: NARUČITELJ: GSKG d.o.o. | F3: ZOP | H3: 5-2026-MARTIĆEVA
D5: FAZA PROJEKTA: Glavni projekt | F5: DATUM | H5: veljača 2026.
C7: RAr. | D7: Opis stavke | E7: Jed. mjera | F7: Količina | G7: Jed. cijena | H7: Ukupno cijena
D9: NAPOMENA 1: Sve nejasnoće u troškovniku i u izvedbenom projektu treba riješiti s projektantom prije davanje ponude i početka radova.
D11: NAPOMENA 2: Izvođač je dužan u cijenu radova uključiti sve potrebne zaštite dijelova gradilišta koji nisu predmetom radova od oštećenja i prljanja, odvajanje prostora rada od ostatka prostora, izvedba daščanih prijelaza i sl.
C13: A | D13: OBNOVA DVORIŠNIH PROČELJA
C15: A.I | D15: Skele i pripremni radovi
C17: 1. | D17: Fasadna skela
D18: Doprema na gradilište, montaža, demontaža i odvoz fasadne skele od bešavnih cijevi. Izvesti je prema projektu i statičkom računu koji je izvodač dužan napraviti prije izvedbe skele, prema važećim zakonima, propisima, standardima, pravilima struke. Uključivo radne platforme i zaštitne ograde (visine minimalno 1,2 m), sva potrebna ukrućenja i sidrenja. Osigurati je sidrenjem u zgradu i zaštititi od groma uzemljenjem. U jediničnoj cijeni je i zaštitni zastor od jutenih ili PE traka, po cijeloj površini vanjske strane skele, željezne ili drvene ljestve, penjalice i sav pomoćni materijal i pribor. Minimalna širina skele 80 cm, od pročelja udaljena 15-20 cm, tj udaljenosti prikladnoj za izvođenje. Transport materijala, komunikacije i rad se vrše s vanjske strane zgrade preko skele, ne kroz zgradu. Prije davanja ponude izvodač može pregledom situacije utvrditi mogućnosti postave skele (balkoni i dr.), uvjete pristupa, zaštite prostora, vegetacije i ljudi. Potrebno je osigurati prostor za odlaganje materijala i ishoditi odobrenje susjeda za radove na zidu prema susjednim parcelama. Stavka obuhvaća i zaštite svih krovnih, podnih i drugih ploha koje nisu obuhvaćene posebnim stavkama, te Projekt i Dnevnik skele.
D19: Obračun po m2 vertikalne projekcije pročelja. Visina skele 18,92-20,95 m (+ do 1 m iznad krova)
D20: Obračun po površini vertikalne projekcije dijela pročelja.
D21: a) Dvorišno pročelje | E21: m2 | F21: 2166.4047 | H21: =F21*G21 -> 0
C23: 2. | D23: Tunelska skela
D24: Doprema na gradilište, montaža, demontaža i odvoz tipske tunelske skele širine do 1,0 m za prolaz i zaštitu pješaka.
D25: Tunelska skela se izrađuje od čeličnih bešavnih cijevi sa spojnim elementima i sa horizontalnim i kosim ukrućenjima, sidrenjem, gredica, fosni, zaštitnom ogradom po cijeloj visini i pokrovom od dva reda mosnica i nepropusne folije.
D26: Izvedba prema projektu , statičkom računu, važećim zakonima, propisima, standardima i pravilima struke.
D27: Nakon podizanja tunelske skele na skelu je potrebno postaviti svu signalizaciju (rasvjetu, znakovi upozorenja, putokazi), predvidjeti osiguranje ulaza u zgradu i prikladan prostor za odlaganje materijala.
D28: Obračun tunelske skele po m1.
D29: - podizanje i demontaža tunelske skele (2,50 m1) | E29: m1 | F29: 3.3 | H29: =SUM(F29*G29) -> 0
C31: 3. | D31: Konzervatorska ispitivanja
D32: lzvršiti konzervatorska istraživanja materijala i boje pročelja, nakon postave skele, a prije rušenja i demontaža, radi utvrđivanja izvorne obrade i izgleda. Otvoriti konzervatorske sonde na površinama sokla, prizemlja, katova, i drugo, po nalogu konzervatorskog nadzora. Stavka uključuje izradu nacrta istraživanja s ucrtanim opisanim nalazima, fotodok. i prijedlogom za obnovu.
D33: a) Obračun po broju istražnih sondi | E33: kom | F33: 2 | H33: =F33*G33 -> 0
D34: b) Obračun po kompletu elaborata istražnih radova | E34: kompl | F34: 1 | H34: =F34*G34 -> 0
C36: 4. | D36: Zaštita otvora i drugog
D37: Dobava, postave, skidanje i odvoz drevnih dasaka za zaštitu otvora ili drugog na pročeljima. Postavlja se na dovratnike i doprozornike ili slično, tako da ih ne ošteti. Uključiti zaštitu ventilacijskih otvora i drugog i dodatne potkonstrukcje i element (drvene grede - daske, mosnice, panoi i dr.).
D38: Obračun po m2 zaštićenih otvora / ploha na pročeljima.
D39: a) Dvorišno pročelje | E39: m2 | F39: 277.67201 | H39: =F39*G39 -> 0
C41: 5. | D41: Demontaže i blokada instalacija i slično
D42: Prije početka radova potrebno je otpojiti, s privremenom blokadom, elektroinstalacije, provjeriti izvore napajanja, izvode, kutije, poklopce itd. u zoni izvođenja radova, isključiti ih i osigurati za vrijeme radova i pustiti u pogon nakon dovršetka. Demontaža svih instalacijskih kablova i uređaja (antena, gromobrana, kanalica, rasvjetnih tijela i sl.) s nadžbuknih nosača, njihovih pričvrsnica, kuka i drugih elemenata. Nakon provjere, ako više nisu u funkciji, odstraniti iste na gradilišnu deponiju. Ako se koriste, deponirati do dovršetka radova iii vratiti vlasniku i nakon čiśčenja / obnove montirati na mjesto po odobrenju konzervatorskog nadzora i suvlasnika. Uključivo ostale eventualne instalacije osiguranje i zaštita. Radove izvode nadležne stručne osobe. Montiranje instalacijskih kablova (antenskih i sl.) po nalogu suvlasnika i konzervatosrkog nadzora u usjecima i kanalicama ispod žbuke obuhvaćeno je posebnom stavkom.
D43: Obračun po kompletu. | E43: kompl | F43: 1 | H43: =F43*G43 -> 0
C45: A.I | D45: Skele i pripremni radovi | E45: UKUPNO: | H45: =SUM(H18:H44) -> 0
C48: A.II | D48: Rušenja i transporti
C50: 1. | D50: Uklanjanje postojeće žbuke i priprema zida.
D51: Paljivo ručno obijanje postojeće žbuke (3-4 cm) do čiste, ravne, čvrste i suhe podloge, skupljanje šute i odvoz na gradilišnu deponiju. Uključivo žbuka istaka, sokla, špaleta, podgledi balkona, udubljenja i slično. Pri obijanju paziti da se na oštate druge plohe, razni otvori i dr. i da ne dode do prodala vode i vlage u konstrukciju ili unutrašnjost pd ispiranju i vlaženju. Stavka uključuje i: - sva snimanja, evidentiranja, uzimanja otisaka i izrada šablona, priprema uzoraka postojeće žbuke, dostava konzervatorskom nadzoru s ovjerom, sve zaštite i pomoćne konstrukcije - čišćenje čitave otucane površine žičanim četkama, temeljito otprašivanje i višekratno pranje vodom pod pritiskom koji treba utvrditi na probnom polju
D52: - čišćenje sljubnica od morta (do dubine od 2 cm), - sve potrebne popravke zida i profilacija od opeke, zatvaranje sljubnica, pukotina injektiranjem mortom na bazi hldrauličnog vapna velike čvrstoće radi poboljšanja cjelovitosti zidane konstrukcije (a nije izvedeno u B.III.1) - sve potrebne popravke, izravnanja i pripreme gornjih ploha parapeta i ploha špaleta i profilacija za izvedbu klupčica, opšava I RAL ugradnju prozora - provjeru vertikalnosti, izravnanje neravnina i krpanje VC žbukom na prethodno vodom navlaženoj podlozi - pripremu podloge, vlaženja i ostale radove po uputama prolzvodača nove obloge / žbuke - provjeru i zaštitu ventilacijskih otvora, svu zaštitu i osiguranja zgrada, okoliša - ostale radove po uputama proizvodača nove žbuke Obračunati sve koeficijente specifične profilacje (i ogoljelosti pročelja) i uključiti ih u jediničnu cijenu (bez povećanja / smanjenja obračunske površine), kao i otažanost pristupa uvučenim dijelovima pročelja.
D53: Obračunati sve koeficijente specifične profilacije i uključiti ih u jediničnu cijenu (bez povećanja obračunske površine).
D54: Ako se pri obijanju naiđe na ventilacijske otvore bilo koje vrste, treba izuzetno pažIjivo otucati žbuku u zoni tih otvora i zaštititi ih prije čišćenja i ispiranja.
D55: Obračun po površini vertikalne projekcije dijela pročelja.
D56: Dvorišno pročelje
D57: a) ravna fasadna žbuka po katovima - kompletno otucanje | E57: m2 | F57: 1671.6216 | H57: =F57*G57 -> 0
D58: b) žbuka sokla | E58: m2 | F58: 78.926715 | H58: =F58*G58 -> 0
D59: c) žbuka pogleda | E59: m2 | F59: 17.64 | H59: =F59*G59 -> 0
D60: d) žbuka špaleta prozora i vrata | E60: m1 | F60: 347.92275 | H60: =F60*G60 -> 0
D61: e) čišćenje sljubnica od morta (do dubine od 2 cm) | E61: m2 | F61: 1750.5483 | H61: =F61*G61 -> 0
C63: 2. | D63: Skidanje raznih elemenata s pročelja zgrade
D64: Pažljivo skidanje, deponiranje ili povratak vlasniku, čuvanje do završetka radova, pažljivo čiščenje, ispiranje, zaštita od hrđe ili obnova i ponovno montiranje raznih elemenata na pročelju i njihovih pričvrsnica, što nije obračunato drugim stavkama, a da bi se omogućilo izvodenje radova na obnovi pročelja. Pažljiva demontaža raznih nadstrešnica, nosača užeta za sušenje rublja, poklopaca i ostalih elemenata, uključivo cijev između zidova pročelja. Elemeneti koji se više neće koristiti, u dogovoru sa suvlasnicima i konzervatorskim nadzorom, transportirati na gradilišnu deponiju. Pri ponovnoj ugradnji sidrenje i pričvršćenje elemenata kao postojeće, uz dodatne potkonstrukcije, na način da se izbjegnu / miniziraju toplinski mostovi. Pričvrsnice i obujmice primijeniti od nehrđajućih materijala, uz odobrenje konzervatorskog nadzora.
D65: Obračun po komadu ili m1.
D66: a) postojeći vanjski klima uređaj, te privremeno odlaganje i deponiranje kod vlasnika (uključivo i pričvrsnice i sl.) , demontažu vrši stručna osoba - ovlašteni serviser - monter klima uređaja. | E66: kom | F66: 22 | H66: =F66*G66 -> 0
D67: b) razni kabeli i kanalice | E67: m1 | F67: 24 | H67: =F67*G67 -> 0
D68: c) nadstrešnica 16 m2 nad prizemljem, izvedene kao metalna potkonstrukcija sa pokrovom od plexiglasa | E68: kom | F68: 1 | H68: =F68*G68 -> 0
D69: d) nadstrešnica nad 3 katom terase, izvedena kao metalna dužine 9 m', širine do 50 cm - fasada G | E69: kom | F69: 1 | H69: =F69*G69 -> 0
D70: e) limena zaštita nad 4 katom nad prozorima, dužine 75 cm, širine do 20 cm - fasada J | E70: kom | F70: 2 | H70: =F70*G70 -> 0
D71: f) limena zaštita na ravnom krovu nad vratima, dužine 100 cm, širine do 20 cm - fasada Y | E71: kom | F71: 1 | H71: =F71*G71 -> 0
D72: g) metalno sušilo za veš | E72: kom | F72: 3 | H72: =F72*G72 -> 0
D74: h) prozorske rešetke dim 130x190 cm - prizemlje - fasada C | E74: kom | F74: 1 | H74: =F74*G74 -> 0
D76: i) prozorske rešetke dim 130x190 cm - prizemlje - fasada B | E76: kom | F76: 1 | H76: =F76*G76 -> 0
D77: j) prozorske rešetke dim 130x160 cm - prizemlje - fasada J | E77: kom | F77: 1 | H77: =F77*G77 -> 0
D78: k) prozorske rešetke dim 55x160 cm - prizemlje - fasada J | E78: kom | F78: 1 | H78: =F78*G78 -> 0
D79: l) prozorske rešetke dim 55x85 cm - prizemlje - fasada J | E79: kom | F79: 1 | H79: =F79*G79 -> 0
... D84: r) stari držač električnih žica | E84: kom | F84: 1 | H84: =F84*G84 -> 0
C87: 3. | D87: Demontaža horizontalnog žlijeba oborinske vode sa svim pripadnim elementima. U cijenu uključen sav potreban rad i transport do gradilišne deponije, te utovar, prijevoz i istovar do deponiju predviđene za prihvat takve vrste materijala. Stavka uključuje i pristojbu za preuzimanje.
D88: Obračun po m1.
D89: a) dvorišno pročelje | E89: m1 | F89: 63.5045 | H89: =F89*G89 -> 0
C91: 4. | D91: Demontaža vertikalnog žlijeba oborinske vode sa svim pripadnim elementima. U cijenu uključen sav potreban rad i transport do gradilišne deponije, te utovar, prijevoz i istovar do deponiju predviđene za prihvat takve vrste materijala. Stavka uključuje i pristojbu za preuzimanje.
D92: Obračun po m1.
D93: a) dvorišno pročelje | E93: m1 | F93: 106.786 | H93: =F93*G93 -> 0
C95: 5. | D95: Demontaža limenog opšava ravnog krova sa svim pripadnim elementima. U cijenu uključen sav potreban rad i transport do gradilišne deponije, te utovar, prijevoz i istovar do deponiju predviđene za prihvat takve vrste materijala. Stavka uključuje i pristojbu za preuzimanje. - fasade R, X
D96: Obračun po m1.
D97: a) dvorišno pročelje | E97: m1 | F97: 11.655 | H97: =F97*G97 -> 0
C99: 6. | D99: Demontaža limenog opšava ravnog krova sa svim pripadnim elementima. U cijenu uključen sav potreban rad i transport do gradilišne deponije, te utovar, prijevoz i istovar do deponiju predviđene za prihvat takve vrste materijala. Stavka uključuje i pristojbu za preuzimanje. - fasade S, T, U, V
D100: Obračun po m1.
D101: a) dvorišno pročelje | E101: m1 | F101: 23.5186 | H101: =F101*G101 -> 0
C103: 7. | D103: Utovar, prijevoz i istovar rušene žbuke i materijala iz sljubnica na deponiju predviđenu za prihvat takve vrste materijala. Stavka uključuje i pristojbu za preuzimanje. Obračun stavke samo uz dostavu dokumenta o preuzetom materijalu.
D104: Obračun po m3 bez koeficijenta rastresitosti. | E104: m3 | F104: 62.190669 | H104: =F104*G104 -> 0
C106: A.II | D106: Rušenja i transporti | E106: UKUPNO: | H106: =SUM(H51:H105) -> 0
C109: A.III | D109: Zidarski i fasaderski radovi
D111: NAPOMENA 1: Prije izvedbe obnove pročelja potrebno je u potpunosti izvršiti isušivanje i sanaciju podrumskih i suterenskih vanjskih zidova od vlage nekom od provjerenih i tehnički priznatih metoda suzbijanja prodora vlage uz odgovarajuću hidro- i toplinsku izolaciju ukopanog dijela zida (nije tema ovog projekta).
D112: NAPOMENA 2: Prozori i vrata se zadržavaju u ovoj fazi obnove. Pri kasnijoj zamjeni / obnovi stolarije obavezno izvršiti njezino izmicanje prema van i ugraditi nove / obnovljene prozore na odgovarajuće mjesto u termoizolacijski sloj radi izbjegavanja toplinskih mostova i prilagođavanja izgleda pročelja.
D113: NAPOMENA 3: Detalje i spajeva građevinskih elemenata izvesti na način da se izbjegne formiranje toplinskih mostova. Sve spojeve (s prozorima, krovom, itd.) i prodora kraz ETICS (gromobranske, elektroinstalacije, žljebovi i dr.) izvesti odgovarajućim prlključnim profilima i / ili brtvenim trakama da se sustav zaštiti od prodora vlage.
C115: 1. | D115: Konsolidiranje zida od opeka
D116: Dobava materijala i pribora, zazidavanje nepotrebnih otvora i popravak oštećenja zida od opeke. Zazidavanje otvora u zidu (debljine 30 i 50 cm) na mjestima odstranjenih ventilacijskih uređaja, prodora, oštećena i slično, a što nije obuhvaćeno drugim stavkama, do potpunog popunjavanja otovra. Prije popravka vade se neprikladne, labave, oštećene i trule opeke i mort, očisti ležaj i dobro očisti vodom. Sanira se opekom istog formata poštujući okolni vez i vrstu morta (puna opeke, marke minimalno M-10, i produžni mort marke M-5). Cjelovitost zidane konstrukcije i poboljšanje postojećeg zida osigurava se radovima popravka oštećenih dijeIova zida od opeke, zavaranjem pukotina injektiranjem prikladnom smjesom i ponovnim ispunjavanjem sljubnica (fugiranjem), a što nije izvedeno u stavci A.II.1.
D117: Stavka obuhvaća zatvaranje sljubnica mortom na bazi hidrauličkog vapna velike čvrstoće, nanošenje žbuka od prirodnog vapna za ojačanje s mrežicom između slojeva po potrebi, pa uputama proizvođača. Nakon postave skele i potpunog skidanja žbuke, nadzorni inženjer poziva statičara koji će odrediti dodatne mjere sanacije. Uključivo sav materijaI, rad, transport, zaštite, pomoćne konstrukcije.
D118: a) Obračun po m3 zazidanih otvora | E118: m3 | F118: 0.2 | H118: =F118*G118 -> 0
D119: b) Obračun po m2 saniranog zida nanošenjem žbuka od prirodnog vapna za ojačanje s mrežicom između slojeva | E119: m2 | F119: 15 | H119: =F119*G119 -> 0
C121: 2. | D121: Saniranje oštećenja AB elemenata
D122: Dobava potrebnog materijala, detaljan pregled nakon skIdanja žbuke i dr., saniranje konstrukcije oštećenih balkonskih ploča, nadvoja, serklaža i drugih armirano betonskih elemenata. Potrebno Je potpuno odstranlti oštećeni beton tučenjem i ručnim obljanjem do zdrave, grube, kompaktne i mehanički čvrste površine i ohrapaviti je ručnim brušenjem. Armaturu i sve čelične elemente očistiti ručnlm četkanjem žlčanom četkom ili pjeskarenjem. Očišćene površine ispuhati komprimiranim zrakom, tako da budu bez prašine, hrđe ili bilo kakvlh čestica. Na očišćenu armaturu nanijeti minimalno 2 sloja antikorozivnog zaštitnog premaza.
D123: Nakon što se premazi dobro osuše, vršiti obnovu betona mortom za reprofiliranje po uputama proizvođača. Dobro namočiti podlogu i na nju nanijeti jednokomponentni mikroarmiranni mort za saniranje betonskih površina srednje čvrstoće, odlične prionjivosti, vodonepropusan, s kontroliranim skupljanjem i modulom el.>25.
D124: Debljina jednog sloja morta do 35 mm. Dobivenu podlogu zagladiti odgovarajućim finim mortom za zaštitu betonskih površina, sprečavanje prodora vlage, povećanje otpornosti i zaglađivanje saniranih površina betona da se postigne ravnomjerna površina. Nakon postave skele i skidanja žbuke, nadzorni inženjer će zatražiti pregled i stručno mišljenje statičara. U cijenu stavke uključen je sav potreban rad, materijal, faktori, transport, sve oplate, zaštite, sredstva i pomoćne konstrukcije.
D125: Obračun po stvarno saniranoj površini armirano betonskog elementa. | E125: m2 | F125: 3 | H125: =F125*G125 -> 0
C127: 3. | D127: Fugiranje zidne opeke širine u sljubnicama između opeke u dubini od l=20 mm, novim mortom visoke duktilnosti na bazi vapna i pucolana. Mort se nanosi između elemenata ziđa lopaticom, lagano pritiskujući kako bi se poboljšala prionjivost. Višak morta treba ukloniti odmah nakon ugradnje te, ako treba, očistiti sljubnice vlažnom spužvom ili četkom. U cijenu uključena radna skela, sav potreban rad i materijal do funkcionalne gotovosti.
D128: Obračun po stvarnom m2 fugiranog zida, bez dodavanja koeficijenata. | E128: m2 | F128: 1750.5483 | H128: =F128*G128 -> 0
C130: 4. | D130: Bacanje cementnog šprica na zidove od opeke. U cijenu uključen sav potreban rad, materijal i radna skela.
D131: Obračun po stvarnom m2 cementnog šprica, bez dodavanja koeficijenata.
D132: a) fasadni zidovi | E132: m2 | F132: 1750.5483 | H132: =F132*G132 -> 0
C134: 5. | D134: Fasadna obloga zidova
D135: Dobava potrebnog materijala i izvedba kompaktnog termoizolacijskog fasadnog sustava (ETICS) s toplinsko izolacijskim pločama od mineralne kamene vune. Stavka obuhvaća i izvedbu špaleta prozora i vrata, prilagođavanja oblikovanja uz prozore u kutevima. Ploče trebaju biti A1 razreda rekcije na požar, otpor difuziji vodene pare m<3,5, koeficijent toplinske provodljivosti l=0,035 W/mK, vodoodbojne (impreg. vlakana), te ploče XPS u soklu d=12 cm koeficijent toplinske provodljivosti l=0,035 W/mK, trajne kompaktnosti, zvučnolzolacijske, dimenzionalno postojane, otporne na kemikalije i mikroorganizme, zanemarivog temperaturnog rada, elastične na udarce i vibracije.
D136: Prije početka postave pripremiti podlogu po uputama proizvodača obloga (što nije izvedeno u st. B.II.1). Sve podloge moraju biti čiste, čvrste, bez ostataka ulja ili soli od isoljavanja, bez kapilarne ili druge vłage i slično. Ploče postavljati minimalnim slojem vodoodbojnog paropropusnog Ijepila (l=0,8W/mK, m<18) nanošenog zidarskom žlicom po rubovima i točkasto na nekoliko mjesta u sredini ploče dobro utrljavajući na minimalno 40% njene površine.
D137: Polaganje se izvodi s pomakom približno pola ploče i vezom na "češalj" na kutevima. Prethodno se na dobro pripremljen zid (čista, suha i ravna podloga) na dnu postavlja rubni profil sokla. Spoj sokla i ploča obavezno zatvoriti brtvenim trakama ili trajnoelastičnim kitom, a reške se ne smiju zapunjavati na spojevima ljepilom. Po završetku vezanja ljepila (3 dana), ploče dodatno mehanički pričvrstiti spojnicama ("tiplima", "sidrima", 6-8 kom/m2, po sistemu slova "W", razmak od ruba ploče 5 cm i dvostruko gušći raspored tipli uz rubove zgrade u širini 1 m).
...

Sheet Ulična fasada 
D1: ='Opći uvjeti'!C1 -> GRAĐEVINA: Stambeno-poslovna građevina | F1: BR. PROJ. | H1: 5-2026-S
D2: ='Opći uvjeti'!C2 -> Martićeva 8
D3: NARUČITELJ: GSKG d.o.o. | F3: ZOP | H3: 5-2026-MARTIĆEVA
D5: FAZA PROJEKTA: Glavni projekt | F5: DATUM | H5: veljača 2026.
C7: RAr. | D7: Opis stavke | E7: Jed. mjera | F7: Količina | G7: Jed. cijena | H7: Ukupno cijena
D25: NAPOMENA 1: Sve nejasnoće u troškovniku i u izvedbenom projektu treba riješiti s projektantom prije davanje ponude i početka radova.
D27: NAPOMENA 2: Izvođač je dužan u cijenu radova uključiti sve potrebne zaštite dijelova gradilišta koji nisu predmetom radova od oštećenja i prljanja, odvajanje prostora rada od ostatka prostora, izvedba daščanih prijelaza i sl.
C29: B | D29: OBNOVA ULIČNOG PROČELJA
C31: B.I | D31: SKELE I PRIPREMNI RADOVI
C33: 1. | D33: Za potrebe obnove pročelja potrebno je podići skelu i provesti istražne radove u suradnji sa predstavnikom Gradskog zavoda za zaštitu spomenika kulture i prirode.
D34: Dovoz i montaža fasadne cijevne skele u svrhu sanacije pročelja, te demontaža i odvoz nakon završetka radova.
D35: Skelu izvesti prema projektu i statičkom računu koji je izvođač dužan napraviti prije podizanja skele.
D36: Skelu je potrebno izraditi prema pravilima struke i važećim zakonima, standardima i propisima, na nju postaviti svu potrebnu signalizaciju prema Zakonu.
D37: Skela u svemu mora odgovarati postojećim propisima zaštite na radu i zaštite prolaznika. Svi materijali za izradu skele moraju odgovarati postojećim tehničkim propisima i standardima.
D38: Skela se izrađuje od čeličnih bešavnih cijevi sa spojnim elementima i sa horizontalnim i kosim ukrućenjima.
D39: Skelu je potrebno osigurati protiv deformacija, udara vjetra, protiv prevrtanja sidrenjem u objekt pomoću kuka za pričvršćenje skele i protiv udara groma.
D40: Skela se oslanja i učvršćuje vijcima M12 preko metalnih podložnih papuča i fosni u čvrstu i stabilnu podlogu.
D41: Radna platforma će se izvesti od dva reda mosnica debljine 4,8 cm i širine 25 cm koje se postavljaju jedna preko druge tako da drugi red pokriva reške prvog reda. Između mosnica postaviti krovnu ljepenku br. 120 sa preklopima min 10 cm ili PVC foliju.
D42: Oko radnih platforma postavlja se zaštitna ograda visine 120 cm koja se sastoji od čeličnog rukohvata i ispune od čelične mreže. Uz podnožje ograde uz radnu platformu postaviti vertikalno mosnicu visine 20 cm.
D43: Unutar skele postaviti željezne ili drvene ljestve za penjanje kako bi se mogao vršiti nadzor i konzervatorski nadzor.
D44: Skelu zaštititi od udara groma uzemljenjem.
D45: U jediničnu cijenu uračunati i zaštitni zastor od jutenih ili PE traka po cijeloj površini vanjske strane skele.
... D52: U cijenu stavke uračunati ishođenje rješenja o zauzimanju javne površine i plaćanje naknade za zauzimanje javne površine, te Projekt i Dnevnik skele.
D53: - podizanje i demontaža skele | E53: m2 | F53: 580.16994 | H53: =SUM(F53*G53) -> 0
D54: - rješenje za zauzimanje javne površine+naknada | E54: komplet | F54: 1 | H54: =SUM(F54*G54) -> 0
C56: 2. | D56: TUNELSKA SKELA
D57: Doprema na gradilište, montaža, demontaža i odvoz tipske tunelske skele širine do 2,0 m za prolaz i zaštitu pješaka.
D58: Tunelska skela se izrađuje od čeličnih bešavnih cijevi sa spojnim elementima i sa horizontalnim i kosim ukrućenjima, sidrenjem, gredica, fosni, zaštitnom ogradom po cijeloj visini i pokrovom od dva reda mosnica i nepropusne folije.
D59: Izvedba prema projektu , statičkom računu, važećim zakonima, propisima, standardima i pravilima struke.
D60: Nakon podizanja tunelske skele na skelu je potrebno postaviti svu signalizaciju (rasvjetu, znakovi upozorenja, putokazi), predvidjeti osiguranje ulaza u zgradu i prikladan prostor za odlaganje materijala.
D61: Obračun tunelske skele po m1.
D62: - podizanje i demontaža tunelske skele (21,67 m1) | E62: m1 | F62: 21.67 | H62: =SUM(F62*G62) -> 0
C64: 3. | D64: PE FOLIJA ZA ZAŠTITU
D65: Dobava i postava, skidanje i zbrinjavanje nakon završenih radova PE folije, OSB ploča za zaštitu prozora i vratiju i ostalog na pročelju (portafona, izvoda plinske peći, elektroormara, susjednih krovnih oluka, ukrasa i ostalog po odredbi konzervatorskog nadzora).
D66: Folija se pričvršćuje na doprozornike i dovratnike pomoću drvenih letvica, ljepljive trake i sl. na način da ne oštećuje prozore i vrata što treba uračunati u cijenu.
D67: U cijenu uključiti eventualno potrebne dodatne potkonstrukcije (daske, mosnice, panoe i sl.), također uključiti i zaštitu ventilacijskih otvora i sl.
D68: Obračun po m2 površine prozora, vratiju i ostalih zaštićenih elemenata.
D69: - OSB PLOČE | E69: m2 | F69: 83.33699 | H69: =SUM(F69*G69) -> 0
C71: 4. | D71: DEMONTAŽA I MONTAŽA
D72: Pažljiva demontaža pločice sa kućnim brojem, portafona i informacijskih ploča, te ponovna montaža istih nakon završetka fasade.
D73: Ploćica sa kućnim brojem, portafon i informacijske ploče se pospremaju na zaštićeno mjesto i ponovno montiraju na obnovljeno pročelje.
D74: Obračun po komadu.
D75: - pločica sa kućnim brojem - demontaža i montaža | E75: kom | F75: 1 | H75: =SUM(F75*G75) -> 0
D76: - portafon - demontaža i montaža | E76: kom | F76: 1 | H76: =SUM(F76*G76) -> 0
D77: - informacijske ploiče -demontaža i montaža | E77: kom | F77: 10 | H77: =SUM(F77*G77) -> 0
C79: 5. | D79: KONZERVATORSKA ISTRAŽIVANJA
D80: Konzervatorska istraživanja na pročelju na žbuci, profilacijama, pročeljnoj plastici i boji pročelja nakon postave skela, a prije rušenja i demontaža, radi utvrđivanja izvorne obrade žbuke i ukrasa na pročelju.
D81: Konzervatorske istražne sonde izvesti po nalogu konzervatorskog nadzora na označenim mjestima na pročelju: soklu, prizemlju, katovima, vučenim profilacijama ukrasima, reljefima, plastici, stolariji i drugom.
D82: Stavka uključuje izradu elaborata istražnih radova s ucrtanim i opisanim nalazima, fotodokumentaciju i prijedlog za sanaciju.
D83: Obračun po broju istražnih sondi i kompletu elaborata.
D84: - istražne sonde | E84: kom | F84: 2 | H84: =SUM(F84*G84) -> 0
D85: - elaborat istražnih radova | E85: komplet | F85: 1 | H85: =SUM(F85*G85) -> 0
C87: 6. | D87: ZAUZEĆE TROTOARA
D88: Budući predmetna građevina nema ispred uličnog pročelja mogućnost odlaganja materijala, potrebno je ishoditi odobrenje za zauzimanje trotoara ispred građevine zbog organizacije gradilišta.
D89: U cijenu stavke uračunati ishođenje rješenja o zauzimanju trotoara i plaćanje naknade za zauzimanje te javne površine.
D90: - rješenje za zauzimanje javne površine+naknada | E90: komplet | F90: 1 | H90: =SUM(F90*G90) -> 0
C92: 7. | D92: PROVJERA I ZAŠTITA INSTALACIJA
D93: Prije početka radova obvezno je provjeriti sve eventualne izvore napajanja rasvjete i sl., provjeriti sve kutije, poklopce na pročelju itd. Isključiti ih i osigurati za vrijeme radova i ponovno pustiti u pogon nakon dovršetka.
D94: Obračun komplet | E94: komplet | F94: 1 | H94: =SUM(F94*G94) -> 0
C96: 8 | D96: ČIŠĆENJE PROČELJA VODOM POD PRITISKOM
D97: Čišćenje pročelja zgrade vodom pod visokim pritiskom.
D98: U cijenu stavke uračunati sve potrebno za kompletno dovršenje radova.
D99: Obračun po m2 vertikalne projekcije pročelja koje se pere. | E99: m2 | F99: 561.81563 | H99: =SUM(F99*G99) -> 0
C101: 9. | D101: SKIDANJE RAZNIH ELEMENATA SA PROČELJA ZGRADE
D102: Pažljivo skidanje, deponiranje ili povratak vlasniku, čuvanje do završetka radova, pažljivo čiščenje, ispiranje, zaštita od hrđe ili obnova i ponovno montiranje raznih elemenata na pročelju i njihovih pričvrsnica, što nije obračunato drugim stavkama, a da bi se omogućilo izvodenje radova na obnovi pročelja. Pažljiva demontaža raznih nadstrešnica, tenda iznad prozora, nosača užeta za sušenje rublja, poklopaca, ormarića, naknadno ugrađenih plastičnih roleta s kutijama montiranim s vanjske strane prozora i loggia i ostalih elemenata, uključivo cijev između zidova pročelja. Elemeneti koji se više neće koristiti, u dogovoru sa suvlasnicima i konzervatorskim nadzorom, transportirati na gradilišnu deponiju. Pri ponovnoj ugradnji sidrenje i pričvršćenje elemenata kao postojeće, uz dodatne potkonstrukcije, na način da se izbjegnu / miniziraju toplinski mostovi. Pričvrsnice i obujmice primijeniti od nehrđajućih materijala, uz odobrenje konzervatorskog nadzora.
D103: Obračun po komadu ili m1.
D104: a) postojeći vanjski klima uređaj, te privremeno odlaganje i deponiranje kod vlasnika (uključivo i pričvrsnice i sl.) , demontažu i montažu vrši stručna osoba - ovlašteni serviser - monter klima uređaja. | E104: kom | F104: 8 | H104: =F104*G104 -> 0
C106: B.I | D106: SKELE I PRIPREMNI RADOVI | E106: UKUPNO: | H106: =SUM(H33:H105) -> 0
C109: B.II. | D109: SNIMANJE PROFILACIJA I IZRADA LIMENIH ŠABLONA ZA SVE VUČENE PROFILACIJE
C111: 1. | D111: Prije otucanja trošne žbuke treba detaljno snimiti vučene profilacije na građevini, izraditi limene šablone i po potrebi korigirati limene šablone prema uputama predstavnika GZZZSKIP.
D112: Šablone treba dati na uvid i ovjeru predstavniku Zavoda za zaštitu spomenika kulture i prirode koji potvrđuje njihovu ispravnost upisom u građevinski dnevnik.
D113: Stavka uključuje čišćenje i eventualnu rekonstrukciju profilacije do izvorne (nulte) forme.
D114: Čišćenje podrazumijeva uklanjanje slojeva nečistoće, prašine, smoga, naknadno nanesenih fasadnih žbukanih slojeva, starih naliča i slično.
D115: Limene šablone se izrađuju prema očišćenim i retuširanim izvornim profilacijama.
D116: Obračun po broju kompleta šablona za grubu i finu žbuku bez obzira na broj pomoćnih šablona zbog duljine profilacija.
D117: U cijenu uključiti ovjeru konzervatorskog nadzora snimaka i šablone bez koje ne može početi obijanje žbuke.
D118: Položaj vučenih profilacija označen je na nacrtu ulično pročelje-postojeće stanje u grafičkom dijelu ovog glavnog projekta.
D119: U vučene profilacije je ubrojena i dekorativna vučena profilacija na žbuci prizemlja sa dubokim užljebinama. Duboke užljebine su zapravo dekorativna vučena profilacija.
D120: Snimanje vučenih profilacija i izrada limenih šablona za grubu i finu žbuku (komplet podrazumijeva šablonu za grubu i šablonu za finu žbuku):
C121: a) | D121: vučena profilacija vijenca, obračun po komadu šablone (cca 1 kom/6-8 m) - profilacija "1" - razvijena širina 102 cm | E121: komplet | F121: 4 | H121: =SUM(F121*G121) -> 0
C122: b) | D122: vučena profilacija vertikalna, obračun po komadu šablone (cca 1 kom/6-8 m) - profilacija "2" - razvijena širina 125 cm | E122: komplet | F122: 4 | H122: =SUM(F122*G122) -> 0
C123: c) | D123: vučena profilacija vertikalna, obračun po komadu šablone (cca 1 kom/6-8 m) - profilacija "3" - razvijena širina 125 cm | E123: komplet | F123: 4 | H123: =SUM(F123*G123) -> 0
C124: d) | D124: vučena profilacija, obračun po komadu šablone (cca 1 kom/6-8 m) - profilacija "7" - razvijena širina 50 cm | E124: komplet | F124: 4 | H124: =SUM(F124*G124) -> 0
C125: e) | D125: vučena profilacija, obračun po komadu šablone (cca 1 kom/6-8 m) - profilacija "9" - razvijena širina 50 cm | E125: komplet | F125: 4 | H125: =SUM(F125*G125) -> 0
C126: f) | D126: vučena profilacija, obračun po komadu šablone (cca 1 kom/1,01-2,83 m) - profilacija "17" - razvijena širina 8 cm | E126: komplet | F126: 12 | H126: =SUM(F126*G126) -> 0
C127: g) | D127: ostali otisci i odljevi, kalupi pojedinačnih ukrasa - ukras 4 - kapitel pilastra | E127: komplet | F127: 4 | H127: =SUM(F127*G127) -> 0
C128: h) | D128: ostali otisci i odljevi, kalupi pojedinačnih ukrasa - ukras 5 - baza pilastra | E128: komplet | F128: 4 | H128: =SUM(F128*G128) -> 0
C129: i) | D129: ostali otisci i odljevi, kalupi pojedinačnih ukrasa - ukras 8 - konzolni nosači balkona | E129: komplet | F129: 4 | H129: =SUM(F129*G129) -> 0
C130: j) | D130: ostali otisci i odljevi, kalupi pojedinačnih ukrasa - ukras 11 - ukrasi nad prozorima | E130: komplet | F130: 5 | H130: =SUM(F130*G130) -> 0
C131: k) | D131: ostali otisci i odljevi, kalupi pojedinačnih ukrasa - ukras 12 - pilastri | E131: komplet | F131: 4 | H131: =SUM(F131*G131) -> 0
C133: B.II. | D133: SNIMANJE PROFILACIJA I IZRADA LIMENIH ŠABLONA ZA SVE VUČENE PROFILACIJE | E133: UKUPNO: | H133: =SUM(H121:H132) -> 0
C136: B.III. | D136: OTUCANJE ŽBUKE, RUŠENJA I TRANSPORTI
D138: NAPOMENA:
D139: Nakon podizanja skele žbuku na pročelju treba detaljno pregledati i vidjeti koju i koliko treba otući.
D140: Izvoditelj radova u suradnji sa nadzornim inženjerom i predstavnikom GZZZSKIP napravit će procjenu o opsegu otucanja žbuke i to upisati u građevinski dnevnik. Točne količine radova obračunat će se prema građevinskoj knjizi koju ovjerava nadzorni inženjer.
D141: U ovom troškovniku je obuhvaćeno otucanje kompletne žbuke, ali na određenim mjestima se ostavljaju reperi.
D142: Pročeljna plastika i reljefi se ne skidaju. Za njihovu obnovu treba uključiti restauratora.
D143: Žbuka se otucava ručno do zdravih dijelova, sljubnice opeke se očiste na dubinu 1-2 cm, a cijeli zid očisti od prašine.
D144: Ako se prilikom skidanja žbuke na nekim vijencima naiđe na montažnu potkonstrukciju (drvenu ili metalnu) potrebno je provjeriti da li je ta potkonstrukcija zdrava prije njenog ponovnog zatvaranja.
D145: Žbuka se otuca po snimljenim profilacijama i izvršenom konzervatorskom istraživanju.
...

Sheet Rekapitulacija
D1: ='Dvorišna fasada'!D1 -> GRAĐEVINA: Stambeno-poslovna građevina | F1: BR. PROJ. | H1: 5-2026-S
D2: ='Dvorišna fasada'!D2 -> Martićeva 8
D3: NARUČITELJ: GSKG d.o.o. | F3: ZOP | H3: 5-2026-MARTIĆEVA
D5: FAZA PROJEKTA: Glavni projekt | F5: DATUM | H5: veljača 2026.
D8: REKAPITULACIJA
C10: ='[1]Građevinsko-obrtnički radovi'!C11 -> A | D10: FASADA - DVORIŠNA | H10: ='Dvorišna fasada'!H335 -> 0
C11: ='[1]Građevinsko-obrtnički radovi'!C1069 -> B | D11: FASADA - ULIČNA | H11: ='Ulična fasada '!H594 -> 0
D13: =D8 -> REKAPITULACIJA | E13: UKUPNO | H13: =SUM(H10:H12) -> 0
G15: PDV 25% | H15: =H13*0.25 -> 0
G17: SVEUKUPNO | H17: =H13+H15 -> 0
