Workbook

Sheet nas
A10: Građevina: | B10: Stambena zgrada u Zagrebu, Sveti Duh 65
A13: Lokacija: | B13: Sveti Duh 65, 10000 Zagreb
B14: k.č.br. 1488, k.o. Črnomerec
A16: Investitor: | B16: Suvlasnici stambene zgrade u Zagrebu
B17: Sveti Duh 65, 10000 Zagreb
A19: Sadržaj: | B19: TROŠKOVNIK GRAĐEVINSKO-OBRTNIČKIH RADOVA
A24: Zajednička oznaka projekta: | B24: Sveti Duh 65
A27: Tehnički dnevnik: | B27: 02-2020
A30: Izrada troškovnika: | B30: Hrvoje Bilandžić, dipl. ing. arh.
A34: Glavni projektant: | B34: Miljenko Kukić, dipl. ing. arh.
A37: Izradio: | B37: S.P.A.C.E. d.o.o.
B38: Miljenko Kukić, direktor
A41: Mjesto i datum: | B41: Zagreb, svibanj 2022.
A55: SADRŽAJ :
A57: 0. SVEUKUPNA REKAPITULACIJA
A59: 1. TROŠKOVNIK GRAĐEVINSKO - OBRTNIČKIH RADOVA

Sheet sve rekap
A5: Građevina: | B5: Stambena zgrada u Zagrebu, Sveti Duh 65
A8: Lokacija: | B8: Sveti Duh 65, 10000 Zagreb
B9: k.č.br. 1488, k.o. Črnomerec
A12: Investitor: | B12: Suvlasnici stambene zgrade u Zagrebu
B13: Sveti Duh 65, 10000 Zagreb
A16: Izradio: | B16: S.P.A.C.E. d.o.o.
B17: Miljenko Kukić, direktor
B20: OBJEDINJENI TROŠKOVNIK SVIH VRSTA RADOVA
A25: SVEUKUPNA REKAPITULACIJA
B27: GRAĐEVINSKI I OBRTNIČKI RADOVI | C27: € | D27: =rekap!F29 -> 0
B30: SVEUKUPNO | C30: € | D30: =SUM(D27:D27) -> 0

Sheet rekap
A5: TROŠKOVNIK GRAĐEVINSKO - OBRTNIČKIH RADOVA
A10: A. | B10: GRAĐEVINSKI RADOVI
A12: A.I. | B12: PRIPREMNI RADOVI ukupno | E12: € | F12: ='A.I.pri'!F36 -> 0
A13: A.II. | B13: RUŠENJA I DEMONTAŽE ukupno | E13: € | F13: ='A.II.dem'!F93 -> 0
A14: A.III. | B14: ZIDARSKI RADOVI ukupno | E14: € | F14: ='A.III.zidarski'!F69 -> 0
A15: A.IV. | B15: IZOLATERSKI RADOVI ukupno | E15: € | F15: ='A.IV.izo'!F78 -> 0
A16: A. | B16: GRAĐEVINSKI RADOVI UKUPNO: | E16: € | F16: =SUM(F12:F15) -> 0
A19: B. | B19: OBRTNIČKI RADOVI
A21: B.I. | B21: LIMARSKI RADOVI ukupno | E21: € | F21: ='B.I.lim'!F73 -> 0
A22: B.II.1 | B22: VANJSKA PVC STOLARIJA ukupno | E22: € | F22: ='B.II.1.PVC'!F65 -> 0
A23: B.II.2 | B23: VANJSKA ALUMINIJSKA STOLARIJA ukupno | E23: € | F23: ='B.II.2.ALU'!F52 -> 0
A24: B.II.3 | B24: ČELIČNA BRAVARIJA ukupno | E24: € | F24: ='B.II.3.ČEL'!F38 -> 0
A25: B.III. | B25: ZAVRŠNI ZIDARSK0 - FASADERSKI RADOVI ukupno | E25: € | F25: ='B.III._zz'!F100 -> 0
A26: B.IV. | B26: SOBOSLIKARSKO - LIČILAČKI RADOVI ukupno | E26: € | F26: ='B.IV.lič'!F72 -> 0
A27: B. | B27: OBRTNIČKI RADOVI UKUPNO: | E27: € | F27: =SUM(F21:F26) -> 0
B29: A+B UKUPNO: | E29: € | F29: =F16+F27 -> 0

Sheet opći
B2: OPĆI UVJETI
B4: OPĆI OPIS UZ TROŠKOVNIK
B6: 1. Glavni projekt energetske obnove i pripadajući troškovnik temelje se na obavljenom uvidu na postojećoj zgradi. Slojevi konstrukcija definirani u postojećoj projektnoj tehničkoj dokumentaciji preuzeti su kao stvarno izvedeni. Nevidljivi slojevi konstrukcija, koji nisu definirani postojećom dokumentacijom, pretpostavljeni su temeljem dosadašnjeg iskustva prema vremenu gradnje zgrade. Prije izvedbe potrebno je izvršiti detaljni uvid na licu mjesta te utvrditi slojeve konstrukcije vizualnim ispitivanjem i otvaranjem konstrukcija koje se rekonstruiraju.
B8: 2. Projekt je napravljen na temelju pravila dobrog zanata i preporuke o cjelovitoj obnovi koju podupire Fond za energetsku učinkovitost. Projekt će se u smislu cjelovite obnove adaptirati na zahtjeve korisnika uz poštivanje ispravnog redoslijeda radova kako bi se tehnički organizirale FAZE koje u konačnici vode cjelovitom rješenju.
B10: 3. Grafički dio (nacrti), tekstualni dio (opći i tehnički), kao i Program kontrole i osiguranja kvalitete dijelovi su arhitektonskog glavnog projekta, koji zajedno s pripadajućim troškovnikom čine cjelinu arhitektonskog projekta energetske obnove zgrade. Projektom energetske obnove dani su osnovni detalji izvedbe.
B12: 4. U fazi izvedbe, zbog činjenice da se radi o obnovi (rekonstrukciji), a ne izgradnji nove zgrade, bit će potrebna dodatna razrada detalja izvedbe u suradnji s izvođačem radova, te ukoliko se nakon uklanjanja pojedinih slojeva i uvida u postojeće slojeve i stanje konstrukcije utvrdi odstupanje odnosno različitost u odnosu na postojeće stanje prikazano projektom obnove, potrebno je napraviti reviziju glavnog projekta. U slučaju nužnosti odstupanja od glavnog projekta prilikom izvođenja radova potrebno je izraditi izmjene i dopune glavnog projekta.
B14: 5. Također je potrebno, prije izvedbe ETICS sustava, napraviti statičku provjeru vanjskih zidova koja mora biti odobrena od strane inženjera konstrukcije i nadzornog inženjera. Odgovarajućim upisom u građevinski dnevnik potrebno je verificirati projektno rješenje ili po potrebi izvršiti korekciju. Izvođač je dužan proučiti sve gore navedene dijelove projekta, te u slučaju nejasnoća ili eventualnih odstupanja od stvarnog stanja na terenu tražiti mišljenje projektanta i nadzornog inženjera. Prije početka radova izvođač je obavezan kontrolirati na postojećoj zgradi sve potrebne mjere za svoj rad.
B16: 6. Preporuka projektanta je izvođenje cjelovitog rješenja energetske obnove zgrade iz sljedećih razloga: 1. tehnički ispravno izvođenje detalja, 2. tehnički ispravan redoslijed izvođenja radova, 3. suzbijanje selektivnih intervencija na pročeljima zgrade, 4. zaštita arhitektonskog djela u smislu estetske i tehničke cjelovitosti oblikovanja, 5. očuvanje i unapređenje bitnih zahtjeva građevine, 6. ušteda sredstava i vremena (u slučaju fazne gradnje pojedini radovi se umnožavaju, kao što su postava skele, limarski radovi i sl.), 7. ostvarivanje tržišnih popusta (cijena pojedinačnog proizvoda manja je što je količina veća), 8. integralna rješenja podupiru se bespovratnim sredstvima Fonda za zaštitu okoliša i energetsku učinkovitost. U slučaju nužnosti odstupanja od glavnog projekta prilikom izvođenja radova potrebno je izraditi izmjene i dopune glavnog projekta te ih uskladiti zahtjevima korisnika sukladno pravilima dobrog zanata i inženjerske etike. U slučaju fazne izgradnje predlaže se tehnički ispravan slijed radova i to: 1. rekonstrukcija ostakljenih konstrukcija vanjske ovojnice grijanih prostora, 2. rekonstrukcija ostakljenih konstrukcija vanjske ovojnice negrijanih prostora, 3. rekonstrukcija ravnog neprohodnog krova, 4. rekonstrukcija zidova pročelja.
B18: 7. Za eventualne promjene pojedinih projektnih rješenja u svrhu ekonomičnosti izvedbe, izvođač je dužan o svom trošku izraditi projekt izvedenog stanja promijenjenog dijela i dati na odobrenje glavnom projektantu i nadzornom inženjeru. Pod izradom dokumentacije smatra se izrada izmjena i dopuna u smislu iskaza FAZA izvedbe i provodi se kroz troškovnički opis.
B20: 8. Izvođač će se pridržavati svih važećih zakona i propisa i to: Zakona o prostornom uređenju (NN 153/13, 65/17, 114/18, 39/19), Zakona o gradnji (NN 153/13, 20/17, 39/19), Zakona o građevinskoj inspekciji (NN 153/13), Zakona o zaštiti na radu (NN 71/14, 118/14, 94/18, 96/18), Zakona o zaštiti od buke (NN 30/09, 55/13, 153/13, 41/16, 114/18), Zakona o zaštiti od požara (NN 92/10), svih pravilnika koji iz tih zakona proizlaze, kao i svih drugih zakona iz područja gradnje, tehničkih propisa, priznatih tehničkih pravila i hrvatskih normi (HRN).
B22: 9. Izvođač će prilikom uvođenja u posao preuzeti nekretninu i obavijestiti nadležne službe o otvaranju gradilišta i početku radova. Od tog trenutka pa do primopredaje zgrade, izvođač je odgovoran za stvari i osobe koje se nalaze unutar gradilišta. Od ulaska na gradilište izvođač je obavezan voditi građevinski dnevnik u kojem bilježi opis radnih procesa i građevinsku knjigu u kojoj bilježi i dokumentira mjerenja, sve faze izvršenog posla prema stavkama troškovnika i projektu. Izvođač će na gradilištu čuvati građevnu dozvolu ukoliko je to zakonom određeno, glavni i izvedbeni projekt i dati ih na uvid ovlaštenim inspekcijskim službama.
B24: 10. Izvođač će ugraditi projektom predviđen i prema hrvatskim normama atestiran materijal. Sve radove izvesti će od kvalitetnog materijala prema opisu, detaljima, pismenim naređenjima, ali sve u okviru ponuđene jedinične cijene. Svi nekvalitetni radovi imaju se otkloniti i zamijeniti ispravnima, bez bilo kakve odštete od strane investitora.
... B50: 24. Izvođač je dužan ponuditi sve stavke po opisu troškovnika, a eventualne alternative posebno opisati i izdvojiti. Promjene pojedinih stavki moguće su samo uz prethodno odobrenje projektanta ili nadzornog inženjera.

Sheet A.I.pri
A2: TROŠKOVNIK GRAĐEVINSKO OBRTNIČKIH RADOVA
A3: A. GRAĐEVINSKI RADOVI / A.I. PRIPREMNI RADOVI
A4: r.b. | B4: opis stavke | C4: jed. | D4: kol. | E4: jed.cijena | F4: ukupno
A6: A. | B6: GRAĐEVINSKI RADOVI
A8: A.I. | B8: PRIPREMNI RADOVI
A10: OPĆI UVJETI
A12: Pri kalkulaciji ponuda ponuđač treba voditi računa o uvjetu investitora da zgrada za vrijeme radova mora biti u funkciji te da se radovi moraju planirati tako da se omogući boravak u svim dijelovima zgrade uz što manje i kraće poremećaje.
A14: Prethodno predaji ponude izvođač može pregledati lokaciju i zgradu, provjeriti snimak zgrade i okolnog terena, pregledati stanje u zgradi, upoznati se sa stanjem postojećih instalacija, uputiti se u funkciju zgrade kako bi mogao dati realnu cijenu za pripremne i ostale radove. Ukoliko izvođač prethodnim uvidom primijeti da je potrebno izvesti još neke pripremne radove, dužan je iste uvrstiti u cijenu koštanja putem obračuna u faktoru, jer se naknadni pripremni radovi neće posebno priznavati.
A16: Pripremni radovi koje je izvođač dužan izvesti bez posebnog iskaza troškova, a koji ulaze u cijenu zgrade kroz faktor nisu prikazani u posebnim stavkama troškovnika. Ovo se odnosi na izradu plana organizacije gradilišta, organizaciju prilaznih i privremenih puteva, staza, gradilišnih nastambi za radnike, upravu, skladišta, nadstrešnice, te privremene priključke i razvode vodovoda, elektrike, telefona i ostalih instalacija na gradilištu, a za potrebe funkcioniranja gradilišta, zatim čuvarske službe, uređenja skladišta, geodetsko snimanje visina i vanjskog terena, radove na osiguranju gradilišta i radnika, za obeštećenja na gradilištu, kao i štete naknade prema trećim osobama, osiguranje prostorija za nadzornu službu, kao i ostale radove koji po pravilu terete režiju uprave izvođača i koji se ne naplaćuju posebno.
A18: U faktor ulaze i troškovi potrebnih ispitivanja materijala i konstrukcija te ishođenje atesta.
A20: Izvođač je dužan pridržavati se svih propisa javnog prometa. Dozvolu za korištenje javnih prometnih površina izvođač je dužan zatražiti od nadležnih službi, prema svojim potrebama za organizaciju gradilišta i platiti eventualne takse za ishođenje odobrenja za korištenje površina. Ovi troškovi su također u faktoru i ne naplaćuju se posebno.
A22: Izvođač građevinskih radova izvodi sve privremene instalacije vode, struje i ostalih potrebnih instalacija. On je dužan dozvoliti priključak ostalim svojim izvođačima (kooperantima) na te vodove. Utrošak vode i električne energije za jedinicu proizvoda uključuje se u analizu cijena proizvoda prema normativima utroška, a utrošak za potrebe ureda, gradilišta, pranje vozila i strojeva, rasvjetu gradilišta i ostalo uključuje se u faktor gradilišta.
A24: * SVI PRIPREMNI RADOVI PREDVIĐENI TROŠKOVNIKOM SU U SKLADU S POPISOM I ODREDBAMA OPRAVDANIH TROŠKOVA .
A26: 1. | B26: Čišćenje i raščišćavanje
B27: Čišćenje i raščišćavanje terena oko zgrade, a prije početka radova na rušenjima i demontaži. Stavka uključuje sva čišćenja od smeća i otpadnog materijala, kao i ostale nespecificirane radove, zajedno s utovarom, odvozom, istovarom i planiranjem otpadnog materijala na odlagalištu.
B28: teren oko zgrade | C28: m2 | D28: 110 | F28: =D28*E28 -> 0
A30: 2. | B30: Priprema gradilišta
B31: Priprema gradilišta koja uključuje zaštitu zgrade na način da tijekom radova ne dođe do oštećenja iste, osiguranje koridora za prolaz korisnika zgrade i njegova zaštita od šute i prašine te osiguranje okoline kojom se sprečava prilaz nezaposlenima tijekom radova. Sav prostor za vrijeme i nakon rušenja i demontaža, te prilikom izvođenja novih konstrukcija zaštititi od vremenskih nepogoda (vlaženja, prokišnjavanja, rashlađivanja) te osigurati i zaštititi od ostalih uvjeta koji bi mogli ometati izvođenje radova vezanih za postojeće instalacije (vodovod, odvodnja, grijanje, ventilacija, elektrika, plin i drugo). Sve radove treba izvoditi sukladno propisanim higijensko tehničkim mjerama zaštite na radu, tj. paziti na rad strojeva i alata, predvidjeti moguća urušavanja te postaviti i održavati zaštitne oplate, ograde i skele, postaviti znakove upozorenja na opasnosti te zaštititi fizičke osobe i zgradu tijekom izvođenja radova.
B32: Stavka obuhvaća pregled, kontrolu mjera i veličina postojećeg stanja građevinske konstrukcije zgrade, pregled postojećeg stanja opreme, instalacija, te utvrđivanje točnih koridora instalacija u objektu i izvan objekta. Pripremne radove je obavezan izvršavati izvođač radova prije nego pristupi izvođenju i za vrijeme izvođenja radova. U pripremne radove uključiti i pregled projektne dokumentacije s pripadajućim troškovnicima, a o svim nejasnoćama ili neusklađenostima pravovremeno izvjestiti investitora i projektanta. Obračun za izvođenje kompletnih pripremnih radove iz opisa stavke, po procjeni.
C33: kom | D33: 1 | F33: =D33*E33 -> 0
A36: A.I. | B36: PRIPREMNI RADOVI UKUPNO: | E36: € | F36: =SUM(F28:F35) -> 0

Sheet A.II.dem
A2: TROŠKOVNIK GRAĐEVINSKO OBRTNIČKIH RADOVA
A3: A. GRAĐEVINSKI RADOVI / A.II. RUŠENJA I DEMONTAŽE
A4: r.b. | B4: opis stavke | C4: jed. | D4: kol. | E4: jed.cijena | F4: ukupno
A6: A.II. | B6: RUŠENJA I DEMONTAŽE
A8: OPĆI UVJETI
A10: Projekt energetske obnove zgrade izrađen je temeljem mogućih izmjera i pretpostavljenih zidnih, stropnih i krovnih slojeva. Dužnost je izvođača da sondiranjem utvrdi stvarni sastav konstrukcija i u slučaju odstupanja sastava upozori nadzornog inženjera i investitora na odstupanje.
A12: Prije početka radova potrebno je konstrukcije u koje ne zadiru radovi zaštititi od mogućeg oštećenja. Sve otvore na pročeljima zgrade treba odmah nakon postave skele zaštititi PVC folijom debljine 0,20 mm kako ne bi došlo do njihovog oštećenja.
A14: Nakon provedenih pripremnih radova, svih potrebnih rasterećenja i potrebnih osiguranja, rušenja na građevini vrše se prema unaprijed utvrđenom redoslijedu dogovorenom s nadzornim inženjerom na način kojim se ne ugrožava stabilnost zgrade, sigurnost radnika i ljudi koji borave u zgradi. Demontaže i rušenja izvode se u pravilu od krova prema podrumu.
A16: Sva rušenja i demontaže konstruktivnih elemenata treba izvršiti pod nadzorom projektanta i statičara. Kod vršenja proboja ili vođenja instalacija u nosivim konstrukcijama zahvat vršiti maksimalno precizno bez narušavanja nosivih svojstava konstrukcije. Prilikom zahvata na nosivim konstrukcijama obavezno je podupiranje. Sva rušenja, probijanja, bušenja i dubljenja treba u pravilu izvoditi ručnim alatom bez upotrebe vibracionih uređaja, s osobitom pažnjom.
A18: Demontažu i ponovnu montažu gromobrana izvođač treba izvoditi prema Tehničkom propisu za sustave zaštite od djelovanja munje na građevinama (NN 87/08, 33/10).
A20: U cijenu radova trebaju biti uključene sve podupore, skele i privremene (zamjenske konstrukcije) koje osiguravaju stabilnost u toku radova, te se zahtjevi za nadoplate radi izvedbe privremenih konstrukcija neće priznavati kao i svi horizontalni i vertikalni prijenosi materijala dobivenih rušenjem i demontažom, odvozom na privremenu gradilišnu deponiju, gradsku planirku ili pohranu elemenata na mjesto po dogovoru s investitorom. To vrijedi i za čišćenje gradilišta i dovođenje javne površine u prvobitno stanje. U cijenu radova je uključeno i sigurno zbrinjavanje opasnih materijala (azbest, freoni). Ukoliko se uklanjaju elementi koji sadrže azbest to se mora učiniti u skladu sa Pravilnikom o građevnom otpadu i otpadu koji sadrži azbest (NN 69/16).
A22: Demontaža i privremeno deponiranje natpisnih ploča i sl. treba pohraniti na gradilištu ili kod korisnika. Izvođač snosi sve troškove ponovne dobave ili izrade pojedinih elemenata u slučaju oštećenja ili otuđenja sa gradilišta. Demontaža postojećih limenih elemenata, uključujući i prozorske klupčice na pročelju obavezno izvodi limar koji je dužan uzeti mjere i uzorke te snimiti detalje izvedbe, što je uključeno u cijenu stavke. Demontažu i ponovnu montažu postojećih vanjskih jedinica rashladnih uređaja na pročelju izvodi ovlašteni serviser. Demontažu i ponovnu montažu postojećeg gromobrana, strujnih ormarića i sl. na pročelju izvodi ovlaštena osoba. Demontaža vanjskih jedinica rashladnih uređaja, gromobrana, strujnih ormarića i sl. uključuje i njihovu sigurnu pohranu.
A23: U slučaju nastalih šteta, radi nepravodobno zaštićene lokacije na kojoj se vrše rušenja i demontaže, sve troškove nastalih šteta snosi izvođač. Izvođač je dužan striktno se držati mjera zaštite na radu.
A24: * SVI RADOVI DEMONTAŽA I RUŠENJA PREDVIĐENI TROŠKOVNIKOM SU U SKLADU S POPISOM I ODREDBAMA OPRAVDANIH TROŠKOVA.
A26: 1. | B26: Demontaža postojećih prozora i vrata
B27: Demontaža postojećih drvenih, aluminijskih i čeličnih prozora i vrata. Stavka uključuje demontažu pripadajućih okvira. Demontaža vanjskih klupčica je obračunata zasebno. Stavka uključuje demontažu i ponovnu montažu postojećih unutrašnjih zastora, ako ih je potrebno ukloniti zbog demontaže postojeće i montaže nove stolarije. Stavka uključuje transport na gradilišnu deponiju. Količinom je iskazan ukupan broj stijena koje se demontiraju. Točne dimenzije i broj komada svake pojedine stijene iskazani su u radovima B.II.1. i B.II.2.
C28: kom | D28: 41 | F28: =D28*E28 -> 0
A30: 2. | B30: Demontaža i ponovna montaža elemenata na pročelju
B31: Demontaža i uklanjanje elemenata na vanjskim zidovima i krovu: - instalacijskih kablova i cijevi - pločice s adresom i sl., te ponovna montaža dijela elemenata u dogovoru s korisnikom. Sve demontirane elemente potrebno je sigurno pohraniti na gradilištu ili kod korisnika. Nakon izvedbe pročelja demontirane elemente potrebno je odvesti na deponij ili predati korisniku. U stavku je uključeno otpajanje i ponovno spajanje svih vodova, uzemljenja i sl.
C32: komplet | D32: 1 | F32: =D32*E32 -> 0
A34: 3. | B34: Demontaža vanjskih klupčica na parapetima prozora
B35: Demontaža postojećih vanjskih limenih klupčica na parapetima prozora, radi izvedbe nove toplinske izolacije. Stavka uključuje transport na građevinsku deponiju.
B36: limenih klupčica | C36: m' | D36: 54 | F36: =D36*E36 -> 0
A38: 4. | B38: Demontaža vanjskih rešetki na parapetima prozora
B39: Demontaža postojećih vanjskih čeličnih rešetki na parapetima prozora, radi izvedbe nove toplinske izolacije. Rešetke potrebno zamijeniti novima, što je opisano u radovima B.III. Stavka uključuje transport na građevinsku deponiju.
B40: rešetke dimenzija cca 60x150 cm | C40: kom | D40: 3 | F40: =D40*E40 -> 0
B41: rešetke dimenzija cca 110x150 cm | C41: kom | D41: 2 | F41: =D41*E41 -> 0
A43: 5. | B43: Demontaža limova na rubovima fasadnih istaka i balkona
B44: Demontaža postojećih limova na rubovima fasadnih istaka i balkona te opšava krova uključivo sav pričvrsni materijal i podkonstrukciju, radi izvedbe toplinske izolacije na zidovima. Širina limova je cca 15 - 35 cm . Stavka uključuje transport na građevinsku deponiju.
B45: opšav balkona, r.š. cca. 30cm | C45: m' | D45: 25 | F45: =D45*E45 -> 0
B46: limovi vjenca zabata, r.š. cca. 40cm | C46: m' | D46: 17 | F46: =D46*E46 -> 0
B47: limovi nadstrešnice, r.š. cca. 50cm | C47: m' | D47: 2 | F47: =D47*E47 -> 0
A49: 6. | B49: Demontaža postojećih ograda balkona
B50: Demontaža postojećih čeličnih ograda balkona visine 100 cm, izrađenih od vertikalnih nosača Č 40x40 mm na razmaku cca 100 cm usidrenih u ab ploču, te ispune ograde od flaha Č 40x5 mm na razmaku od cca 20 cm navarenih na vertikale i horizontalnih nosača za prostiranje rublja od Č L40 x40 cm duljine cca 2.0 m, navarenih bočno na vrh ograde, sve zbog dotrajalosti i dodavanja toplinske izolacije na zidovima. Stavka uključuje transport na građevinsku deponiju.
B51: čelična ograda h=100 cm | C51: m' | D51: 25 | F51: =D51*E51 -> 0
A53: 7. | B53: Demontaža zidne i krovne limene obloge krovne kućice i ulazne nadstrešnice
B54: Demontaža zidne i krovne limene obloge krovne kućice i ulazne nadstrešnice radi izvedbe toplinske izolacije. U stavku je uključena i demontaža dijela potkonstrukcije pokrova. Stavka uključuje transport na građevinsku deponiju. Demontiraju se svi slojevi do drvene nosive konstrukcije kosog krova. Stavka uključuje transport na građevinsku deponiju. Sve radove izvoditi pažljivo i bez velikih vibracija kako se ne bi oštetile okolne konstrukcije. Sve izvoditi u skladu sa propisanim higijensko-tehničkim mjerama zaštite na radu, sa potrebnim radnim skelama i podupiranjima, te pod nadzorom stručne osobe.
B55: falcani lim | C55: m2 | D55: 31 | F55: =D55*E55 -> 0
A57: 8. | B57: Demontaža žljebova i vertikalnih oluka
B58: Demontaža postojećih limenih visećih žljebova i vertikalnih oluka na svim pročeljima, uključivo sav pričvrsni materijal i podkonstrukciju. Stavka uključuje transport na građevinsku deponiju.
B59: žljeb | C59: m' | D59: 33 | F59: =D59*E59 -> 0
B60: vertikalni oluk | C60: m' | D60: 35 | F60: =D60*E60 -> 0
A62: 9. | B62: Demontaža postojećih fasadnih odzračnika i zamjena novima
B63: Demontaža postojećih fasadnih odzračnika plinskih bojlera i zamjena novima radi izvedbe nove toplinske izolacije pročelja. Novi odzračnici su tipski limeni elementi, s ugrađenim zaštitnim mrežicama. Ukupnu duljinu prilagoditi debljini zida i novoj toplinskoj izolaciji. Nove rešetke su opisane u radovima B.I. Stavka uključuje transport na građevinsku deponiju.
B64: odzračnik dimenzija Ø 20 cm | C64: kom | D64: 3 | F64: =D64*E64 -> 0
A66: 10. | B66: Rušenje dotrajalog i oštećenog postojećeg sloja fasadne žbuke do sloja nosivog zida od opeke
B67: Rušenje dotrajalog i oštećenog postojećeg sloja fasadne žbuke debljine cca 3 cm do sloja nosivog zida od opeke ili armiranog betona, kako bi se toplinska izolacija mogla ugraditi u cijelosti na ravnu podlogu. U stavku uračunati i skidanje žbuke s podgleda balkona i zidnih istaka. Stavka uključuje transport na građevinsku deponiju.
C68: m2 | D68: 560 | F68: =D68*E68 -> 0
A70: 11. | B70: Rušenje zidova od opeke
B71: Rušenje ožbukanih zidova od pune opeke debljine cca 30 cm u punoj visini u prostoru potkrovlja. Zidovi se uklanjaju kako bi se mogla izvesti toplinska izolacija kosog krova. Stavka uključuje transport na građevinsku deponiju.
B72: zid debljine 10 cm | C72: m3 | D72: 2 | F72: =D72*E72 -> 0
B73: zid debljine 30 cm | C73: m3 | D73: 10 | F73: =D73*E73 -> 0
A75: 12. | B75: Demontaža potkonstrukcije i pokrova kosog krova
B76: Demontaža postojećeg krovnog pokrova crijepom i pripadajuće podkonstrukcije od drvenih letvi. Demontiraju se svi slojevi do drvene nosive konstrukcije kosog krova. Stavka uključuje transport na građevinsku deponiju. Sve radove izvoditi pažljivo i bez velikih vibracija kako se ne bi oštetile okolne konstrukcije. Sve izvoditi u skladu sa propisanim higijensko-tehničkim mjerama zaštite na radu, sa potrebnim radnim skelama i podupiranjima, te pod nadzorom stručne osobe.
C77: m2 | D77: 230 | F77: =D77*E77 -> 0
A79: 13. | B79: Demontaža i rekonstrukcija krovne drvene nosive konstrukcije
B80: Demontaža i rekonstrukcija postojeće krovne drvene nosive konstrukcije nakon uvida u postojeće stanje drvenog krovišta po izvršenoj demontaži pokrova. Stavka uključuje provjeru opterećenja od strane inženjera konstrukcije i po potrebi zamjenu postojeće konstrukcije (drveni rogovi dimenzija 12x12 cm i vezne grede 12x20 cm) novom drvenom konstrukcijom istih dimenzija. Zbog nemogućnosti pristupa cijelom krovištu, nije moguće točno pretpostaviti stvarno stanje konstrukcije i drvene građe, te odrediti točnu količinu potrebnih radova. Za potrebe troškovnika obračunata je količina od cca 15 % ukupne drvene građe krovišta, a točna količina će se utvrditi po izvršenoj procjeni inžinjera konstrukcija. Stavka uključuje transport na građevinsku deponiju. Sve radove izvoditi pažljivo i bez velikih vibracija kako se ne bi oštetile okolne konstrukcije. Sve izvoditi u skladu sa propisanim higijensko-tehničkim mjerama zaštite na radu, sa potrebnim radnim skelama i podupiranjima, te pod nadzorom stručne osobe.
B81: demontaža drvenih rogova dimenzija 12x12 cm | C81: m3 | D81: 1 | F81: =D81*E81 -> 0
B82: postava novih drvenih rogova dimenzija 12x12 cm | C82: m3 | D82: 1 | F82: =D82*E82 -> 0
A85: 14. | B85: Demontaža slojeva ispune drvenog grednog stropa
B86: Demontaža ispune postojećeg drvenog grednog stropa potkrovlja do sloja nosivih drvenih greda i rogova. Demontaža sadrži uklanjanje podgleda od ožbukane trstike na drvenim letvama debljine 5 cm, drvene oplate debljine 2 cm, sloja šute između greda visine cca 20 cm, drvenog sljepog poda debljine 2 cm i sloja estriha debljine cca 4 cm. slojevi se uklanjaju kako bi se mogla izvesti novi slojevi kosog krova. Stavka uključuje transport na građevinsku deponiju. Sve radove izvoditi pažljivo i bez velikih vibracija kako se ne bi oštetile okolne konstrukcije. Sve izvoditi u skladu sa propisanim higijensko-tehničkim mjerama zaštite na radu, sa potrebnim radnim skelama i podupiranjima, te pod nadzorom stručne osobe.
C87: m2 | D87: 214 | F87: =D87*E87 -> 0
A89: 15. | B89: Demontaža postojećih slojeva balkona i terasa
B90: Demontaža postojećih podnih slojeva balkona i terasa koji se sastoje od podne obloge, cementne glazure i estriha do postojeće hidroizolacije(kod ravnog prohodnog krova). Stavka uključuje transport na građevinsku deponiju. Sve radove izvoditi pažljivo i bez velikih vibracija kako se ne bi oštetile okolne konstrukcije i postojeća hidroizolacija. Sve izvoditi u skladu sa propisanim higijensko-tehničkim mjerama zaštite na radu, sa potrebnim radnim skelama i podupiranjima, te pod nadzorom stručne osobe.
C91: m2 | D91: 16 | F91: =D91*E91 -> 0
A93: A.II. | B93: RUŠENJA I DEMONTAŽE UKUPNO: | E93: € | F93: =SUM(F28:F92) -> 0

Sheet A.III.zidarski
A2: TROŠKOVNIK GRAĐEVINSKO OBRTNIČKIH RADOVA
A3: A. GRAĐEVINSKI RADOVI / A.III. ZIDARSKI RADOVI
A4: r.b. | B4: opis stavke | C4: jed. | D4: kol. | E4: jed.cijena | F4: ukupno
A6: A.III. | B6: ZIDARSKI RADOVI
A8: OPĆI UVJETI
A10: Opći uvjeti su sastavni dio svake pojedine stavke. Sve što je navedeno u njima, a nije u pojedinačnom opisu stavke smatra se uključenim u jediničnu cijenu.
A12: Sve radove izvođač mora izvoditi prema troškovniku i glavnom projektu, solidno i stručno, prema pravilima dobrog zanata, Pravilniku o ocjenjivanju sukladnosti, ispravama o sukladnosti i označavanju građevinskih proizvoda (NN 103/08, 147/09, 87/10, 129/11), Pravilniku o tehničkim mjerama i uvjetima za završne radove u zgradarstvu (Sl.list br. 21/90), Tehničkom propisu za zidane konstrukcije (NN 01/07), Tehničkom propisu o racionalnoj upotrebi energije i toplinskoj zaštiti u zgradama (NN 128/15, 70/18, 73/18, 86/18) sa pripadajućim normama, Tehničkom propisu o građevnim proizvodima (NN 35/18), te svim ostalim hrvatskim i europskim tehničkim propisima i normama i priznatim tehničkim pravilima, a osobito:
A13: EN 1015-7, zapreminska masa i poroznost svježeg morta EN 1015-3, konzistencija svježeg morta EN 1015-11, tlačna i savojna vlačna čvrstoča morta EN 771-1, EN 772-1, EN 7723, EN 772-13, EN 772-16, HRN EN 14063-1:2008, tlačna čvrstoća opeke, na mjestu primjene oblikovani proizvodi od lakoagregatne eksp. gline
A14: HRN B.C1.030, B.C8.030, građevinski gips HRN B.C1.020, B.C8.030, građevinsko vapno HRN B.C8.015,022 – 026, cement HRN B.C8.011, portland cement HRN B.C8.030, pijesak HRN U.M2.010, U.M2.012, mortovi HRN U.F2.010, tehički normativi za izvođenje fasaderskih radova
A15: HRN EN 1008, HRN EN 13139;2003+AC;2006, voda i pijesak HRN EN 197-1:2003, cement HRN EN 459-1:2001, vapno
A17: Svi upotrebljeni materijali za izvedbu zidarskih radova moraju odgovarati gore spomenutim standardima i HRN-u. Posebno se skreće pažnja da izvođač mora prije izvedbe izvršiti pregled podloge te prodora u zidu prema nacrtu u prisutnosti nadzornog inženjera, voditi računa o uzidavanju pojedinih građ. elemenata, te upisati napomenu u građevinski dnevnik, kako ne bi kasnije došlo do naknadnih radova. Navedene radnje uključene su u jediničnu cijenu.
A19: Prije uporabe određenih materijala treba predočiti nadzornom inženjeru atest o kakvoći i kvaliteti materijala. Ukoliko ne postoje adekvatni standardi za materijale koji se ugrađuju, obavezno je pribaviti odgovarajući atest kao dokaz kvalitete. Izvoditelj radova mora tijekom izvođenja radova stalno obavljati kontrolu kakvoće rada.
A21: Izvoditelj je dužan osigurati i zaštititi sve dijelove građevine na kojima se izvode radovi, radi sprečavanja oštećenja tijekom izvedbe. Pojava svih oštećenja na dijelovima na kojima se ne izvode radovi ili koji su nastupili nepažnjom izvoditelja isti je dužan otkloniti o vlastitom trošku. Naročitu pažnju treba posvetiti zaštiti prozorskih stakala koje treba zaštititi PVC građevinskom folijom. Ta zaštita ulazi u jediničnu cijenu izvedbe pročelja zgrade.
A23: Sav rad, sve komunikacije i sav transport vrši se isključivo sa vanjske strane građevine, tj. preko skele. Zidarsko-fasaderski radovi se izvode na dobro očišćenoj i otprašenoj površini zida te ih treba izvoditi samo u povoljnim vremenskim uvjetima, uz odgovarajuće osiguranje i zaštitu svježe ožbukanih površina od štetnog utjecaja djelovanja sunca i oborina. Sve detalje izvedbe na pročelju potrebno je dogovoriti i na njih ishoditi suglasnost nadzornog inženjera, a prije pristupanja izvedbi radova. Obračun svih radova vršiti se kako je to naznačeno u opisu stavke.
A25: Prilikom izvođenja zidova zgrada izvođač se mora pridržavati slijedećih mjera: - zidanje se mora izvoditi sa pravilnim zidarskim vezovima, a preklop mora iznositi najmanje jednu četvrtinu dužine zidnog elementa, - debljina ležajnica ne smije biti veća od 15 mm, a širina sudarnica ne smije biti manja od 10 mm niti veća od 15 mm, - ako se zida za vrijeme zime treba zidove zaštiti od mraza, - zidovi čije izvođenje nije završeno prije nastupanja zimskih mrazova moraju se zaštiti na odgovarajući način, - svako naknadno bušenje ili izrada užljebina u zidovima zgrade koje nije bilo predviđeno projektom, može se izvoditi samo ako je prethodnim statičkim proračunom utvrđeno da nosivost zida poslije tog bušenja odnosno izrade žlijeba nije manja od propisane nosivosti. - poprečni i uzdužni zidovi moraju na spoju biti međusobno povezani zidarskim vezom, tj. za pregradne zidove treba ispustiti zupce u masivnom zidu na svaki drugi red za ½ opeke. - zidove uz vertikalni serklaž također zupčasto izvesti. - vanjske fuge ostaviti prazne od 1,5 do 2 cm za vezu žbuke prigodom žbukanja zidova. - za vrijeme zidanja opeku kvasiti vodom, a pri zidanju cementnim mortom opeka mora ležati u vodi neposredno prije zidanja - reške dimnjaka i ventilacionih kanala zagladiti. - prilikom zidanja pravovremeno ostaviti otvore prema zidarskim mjerama, voditi računa o uzidavanju pojedinih građevinskih elemenata, o ostavljanju žljebova za kanalizaciju, za centralno grijanje ako su ucrtani (ne plaća se posebno, ulazi u jediničnu cijenu)
A27: Posebno se ne naplaćuje ni zatvaranje (žbukanje šliceva, žljebova i sl.) iza položene instalacije. Zazidavanje (zatvaranje) žljebova u zidovima ostavljenih za instalacije kanalizacije i grijanja nakon izvođenja tih instalacija, opekom, rabicom ili na drugi način, ne plaća se posebno, ukoliko troškovnikom nije posebno propisano. Obračun nosivih zidova, stupova i dimnjaka je zapreminski (m3), pregradnih zidova i žbuka površinski (m2).
... A45: * SVI ZIDARSKI RADOVI PREDVIĐENI TROŠKOVNIKOM SU U SKLADU S POPISOM I ODREDBAMA OPRAVDANIH TROŠKOVA .
A47: 1. | B47: Popravci unutarnje žbuke
B48: Stavka obuhvaća sve popravke oštećene, dotrajale ili otpale postojeće unutarnje žbuke špaleta oko otvora u prostorima obuhvaćenih rekonstrukcijom koji su oštećeni prilikom izvođenja radova rušenja ili demontaže fasadnih stavki, instalacija i sl, te popravci otpale žbuke, a nakon ugradnje novih stolarskih stavki. Postojeću podlogu potrebno je prethodno impregnirati i obraditi reparaturnim mortom, a vlažne dijelove premazati hidrofobnim sredstvom. Širine unutarnjih špaleta su cca 20 cm.
B49: Sve kuteve i bridove učvrstiti kutnim profilima.Sve spojeve različitih materijala potrebno je rabicirati rabic pletivom. Kod popravaka postojeće žbuke, za zapunjavanje otvora, reški i šliceva upotrijebiti prikladan materijal što je uključeno u stavku. Obračun za kompletan rad, materijal i radnu skelu.
B50: Stavkom je obuhvaćeno žbukanje zidova od opeke i armiranog betona, produžnim mortom M-25 (1:2:6; 1800kg/m³, HRN U.M2.012), a u sanitarijama cementnom žbukom (1:3; HRN U.M2.010). Žbuku izvesti potpuno ravnu, s ravnim bridovima, oštrim i zaštićenim limenim kutnicima. Stavka uključuje:
B51: - čišćenje reški
B52: - cementni špric 1:1 (HRN U.M2.010)
B53: - gruba žbuka M-5 (HRN U.M2.010)
B54: - fina žbuka istog sastava samo prosijani pijesak
C55: m' | D55: 170 | F55: =D55*E55 -> 0
A57: 2. | B57: Dozidavanje unutarnjeg zida blok opekom
B58: Dozidavanje unutarnjeg zida blok opekom debljine 20 cm i visine do 150 cm u prostoru potkrovlja. Blokovi moraju biti I razreda kakvoće, zidani tankoslojnim mortom M10. Zid od opeke sidriti u nosivu konstrukciju pomoću čeličnih ankera - prema preporukama odabranog proizvođača. Obračun po m3 izvedenog zida
C59: m3 | D59: 3 | F59: =D59*E59 -> 0
A61: 3. | B61: Izrada cementnog estriha
B62: Izvedba lagano armiranog cementnog estriha u padu, zaglađene (2000 kg/m³) - debljine 6,0-4,0 cm iznad ab stropne ploče balkona i terase. Gornju površinu fino zagladiti. Rad obuhvaća dobavu materijala, unutrašnji transport. Podloga se izvodi od sitnozrnog betona C12/15 te se armira PP vlakancima. U stavku je uključena i izrada reške na mjestima sudara sa zidovima, i ostalim vertikalnim elementima konstrukcije s umetkom od ekspandiranog polistirena d=1 cm.
C63: m3 | D63: 3 | F63: =D63*E63 -> 0
A65: 4. | B65: Postava podne keramike i hidroizolacijskog premaza
B66: Dobava i polaganje podnih gres protukliznih keramičkih pločica po izboru projektanta na podove balkona i terasa u fleksibilno građevinsko ljepilo za postavljanje podne keramike. Fuge između pločica debljine 1-3 mm, sukladno tipu pločica. Masa za fugiranje sukladna tipu ljepila, u boji po izboru projektanta. U stavku je uključena i postava sokla od keramike te prethodna izvedba hidroizolacijskog premaza podloge i zidova do visine sokla. Iskazane su stvarne podne površine. Obračun po m2 izvedenih radova.
C67: m2 | D67: 16 | F67: =D67*E67 -> 0
A69: A.III. | B69: ZIDARSKI RADOVI UKUPNO: | E69: € | F69: =SUM(F55:F68) -> 0

Sheet A.IV.izo
A2: TROŠKOVNIK GRAĐEVINSKO ZANATSKIH RADOVA
A3: A. GRAĐEVINSKI RADOVI / A.IV. IZOLATERSKI RADOVI
A4: r.b. | B4: opis stavke | C4: jed. | D4: kol. | E4: jed.cijena | F4: ukupno
A6: A.IV. | B6: IZOLATERSKI RADOVI
A8: OPĆI UVJETI
A10: Sve radove izvođač mora izvoditi prema troškovniku i izvedbenoj dokumentaciji, solidno i stručno, prema pravilima dobrog zanata, Pravilniku o ocjenjivanju sukladnosti, ispravama o sukladnosti i označavanju građevinskih proizvoda (NN 103/08, 147/09, 87/10, 129/11), Pravilniku o tehničkim mjerama i uvjetima za završne radove u zgradarstvu (Sl.list br. 21/90), Tehničkom propisu o racionalnoj upotrebi energije i toplinskoj zaštiti u zgradama (NN 128/15, 70/18, 73/18, 86/18) sa pripadajućim normama, Tehničkom propisu o građevnim proizvodima (NN 35/18) i Tehničkim uvjetima za projektiranje i građenje zgrada - Akustika u građevinarstvu (HRN U.J6.201/89), te svim ostalim tehničkim propisima, priznatim tehničkim pravilima i HR normama.
A11: Izvođač radova mora za sve materijale koje će upotrijebiti za izvedbu izolacije pribaviti odgovarajuće ateste ne starije od 6 mjeseci i dostaviti ih nadzornom inženjeru na uvid. Hidroizolaciju, toplinsku ili zvučnu izolaciju treba izvoditi točno prema specifikaciji radova, uputama, preporukama proizvođača, kao i prema tehničkim uvjetima izvođenja.
A12: Površine na koje se polaže izolacija trebaju biti posve ravne, očišćene od prašine ili drugih nečistoća, dovoljno glatke da izolacija dobro prione uz podlogu. Toplinsku ili zvučnu izolaciju potrebno je izvesti kontinuirano bez fuga kako bi se spriječili toplinski ili zvučni mostovi. Horizontalna ili vertikalna izolacija podova ili zidova treba prilegnuti uz površinu ravno, bez nabora ili mjehura. Sve spojeve PE ili PVC traka ili folija treba spajati samoljepivom trakom širine min 4 cm ili po detalju izolacije. U cijenu također treba uključiti obradu slojeva izolacije i izvedbu holkera oko raznih prodora kroz slojeve izolacije (instalacije), kao i ugradnje završnih profila, putz lajsni i sl.
A13: Drvena građa mora biti izrađena su od suhog drveta zaštićenog pokrovnim fungicidnim premazima koji štite drvo od vanjskih utjecaja, a sadržavaju antifungicidna i antiinsekticidna svojstva.
A14: U sklopu slojeva izolacije uz sve bočne vertikalne ili kose plohe treba obavezno izvesti holkere, visine min 15 cm bez posebne naplate. Tako izveden prelazni detalj sa svim slojevima izolacije treba završno zaštititi. Ukoliko nije posebno predviđen detalj holker treba izvesti cem. mortom 1:1 M-10 d= 3-4-cm po HRN – u U.M2.010, armiran pocinč. rabic. mrežicom, dilatiran svaka 2 cm ili po detalju izvedbe izolacije. Nakon izvedbe svakog sloja izolacije nadzorni organ treba izvršiti pregled, a tek nakon pozitivnog mišljenja i upisa u građevinski dnevnik može se nastaviti sa radom.
A15: Skladištenje materijala na gradilištu mora biti stručno kako bi se isključila bilo kakva mogućnost propadanja. Nepravilno i nekvalitetno izvedene radove izvođač mora na svoj trošak ukloniti i izvesti pravilno.
A16: Izvođač će pristupiti izvedbi tek nakon što projektant potpisom potvrdi tehnološku razradu svih detalja. Izrada rješenja neće se posebno naplatiti. Izvođač može predložiti druge proizvode za izolaciju od onih opisanih troškovnikom uz uvjet istih svojstava i kvalitete. Izvođač je dužan sve izvoditi prema uputama proizvođača, isporučitelja materijala te ovjerenih detalja.
A17: Obračun se vrši po m² gotove površine. U cijenu stavke uključena je tehnološka razrada svih detalja, priprema podloga, čišćenje zaprljanih podloga vodom pod tlakom i sredstvima / impregnacijama koja propisuje proizvođač, dobava i ugradnja svih opisanih materijala i elemenata, alat i mehanizacija, troškovi radne snage za kompletan rad propisan troškovnikom, troškovi vertikalnog i horizontalnog prijenosa, postava i skidanje potrebne radne skele sa zaštitnom tkaninom, troškovi deponiranja materijala i alata te čišćenje po završetku rada, odvoz i zbrinjavanje smeća, troškove popravke nastalih zbog nepažljive izvedbe ili učinjene štete drugim izvođačima, troškovi zaštite na radu, troškovi atestiranja.
A19: HIDROIZOLACIJA Sve hidroizolaterske radove treba izvesti solidno i stručno držeći se projektne dokumentacije, propisa, opisa iz troškovnika, uputama proizvođača i pravilima dobrog zanata. Prije početka radova izvođač mora ustanoviti kvalitetu podloge na koju se izvodi izolacija i ako nije pogodna za rad mora o tome izvijestiti naručitelja radova kako bi se podloga na vrijeme popravila i pripremila za izvođenje izolacije.
A20: Sav materijal za izolaciju treba biti prvorazredne kvalitete, te odgovarati tekućim propisima i normativima. Izolacijsku ljepenku i ostale vrste izolacijskih traka i ploča treba rezati ravno i pravokutno. Zaderani i krpani komadi ne smiju se ugrađivati. Svi preklopi moraju biti najmanje 10 cm široki i lijepljeni varenjem. Kod polaganja dvaju ili više slojeva izolacijskih traka ili ploča preklopi ne smiju ležati jedan na drugom, već moraju biti pomaknuti.
A21: Kod hidroizolacije zidova ljepenka treba na svaku stranu zida imati prihvat širine od 10 cm, koji treba spojiti s horizontalnom izolacijom podova. Površine na koje se polaže izolacija, trebaju biti posve ravne, suhe, očišćene od prašine i nečistoće i dovoljno glatke kako bi izolacija dobro prionula. Izolacija treba prilegnuti na površinu ravno, bez nabora i mjehura.
... A37: * SVI IZOLATERSKI RADOVI PREDVIĐENI TROŠKOVNIKOM SU U SKLADU S POPISOM I ODREDBAMA OPRAVDANIH TROŠKOVA.
A40: 1. | B40: Toplinska i hidroizolacija kosog krova i krovnih kućica
B41: Dobava materijala i izvedba toplinske izolacije kosog krova i krovnih kućica izolacijom od mineralne vune d=20,0 cm s λ ≤ 0,035 W/mK. Stavka uključuje dobavu materijala i izvedbu paropropusne i vodonepropusne hidroizolacije iznad toplinske izolacije, te drvenih grednika dim. 10 x 20 cm na razmacima od oko 80 cm. Drveni grednici se preko novih OSB ploča pričvršćuju na postojeću konstrukciju krova. Stavka uključuje OSB ploče, debljine 1,8 cm i parnu kočnicu koja se postavi između OSB ploča i toplinske izolacije. Završni pokrov limom te pripadajuće letvanje su obrađeni u Limarskim radovima B.I. dok je predmet ove stavke i izvedba dvostrukog letvanja (3x5cm i 5x8 cm) te postava glinenog kontinentalnog crijepa, tipa i boje prema izboru projektanta. Skidanje postojećih slojeva krova do konstrukcije je obrađeno u Rušenjima i demontažama. Obaveza izvođača je da nakon uvida u stanje postojeće konstrukcije napravi statičku provjeru za novo opterećenje krova. Dodatna pojačanja konstrukcije treba izvesti u dogovoru s nadzornim inženjerom i projektantom konstrukcije. Izvedba prema detaljima D9, D10, D 11, D 12 i D13.
B42: glineni crijep | C42: m2 | D42: 215 | F42: =D42*E42 -> 0
B43: drvene letve 3x5 cm | C43: m3 | D43: 1 | F43: =D43*E43 -> 0
B44: drvene letve 5x8 cm | C44: m3 | D44: 1.5 | F44: =D44*E44 -> 0
B45: paropropusna i vodonepropusna hidroizolacija | C45: m2 | D45: 250 | F45: =D45*E45 -> 0
B46: toplinska izolacija (MW) d=20,0 cm | C46: m2 | D46: 230 | F46: =D46*E46 -> 0
B47: drveni grednici 10x20cm, na razmacima od cca. 80 cm | C47: m3 | D47: 7 | F47: =D47*E47 -> 0
B48: parna kočnica | C48: m2 | D48: 230 | F48: =D48*E48 -> 0
B49: OSB ploče na krovnoj plohi d=1,8 cm | C49: m2 | D49: 230 | F49: =D49*E49 -> 0
A51: 2. | B51: Toplinska izolacija na neprohodnim ravnim krovovima - ulazna nadstrešnica
B52: Dobava materijala i izvedba toplinske izolacije na neprohodnim ravnim krovovima - ulazna nadstrešnica od mineralne vune d=4,0 cm s λ ≤ 0,036 W/mK kao prekid toplinskog mosta, slobodnom postavom na betonsku konzolnu ploču.
B53: toplinska izolacija (MW) d=4,0 cm | C53: m2 | D53: 2 | F53: =D53*E53 -> 0
A55: 3. | B55: Toplinska izolacija grijanog prostora prema negrijanoj terasi
B56: Dobava materijala i izvedba toplinske izolacije stropa grijanog prostora prema negrijanoj terasi, izolacijom od mineralne vune d=16 cm s λ ≤ 0,035 W/mK. Stavka uključuje ugradnju gipskartonske ploče debljine 1,2 cm na pocinčanoj potkonstrukciji.
B57: Obračun po m2 površine poda, sve komplet.
B58: toplinska izolacija (MW) d=16,0 cm | C58: m2 | D58: 4 | F58: =E58*D58 -> 0
B59: parna brana | C59: m2 | D59: 4 | F59: =E59*D59 -> 0
B60: gipskartonske ploče, 1,2 cm | C60: m2 | D60: 4 | F60: =E60*D60 -> 0
A62: 4. | B62: Toplinska izolacija grijanog prostora prema negrijanom podrumu
B63: Dobava materijala i izvedba toplinske izolacije podgleda stropa negrijanog prostora podruma prema grijanom prostoru u prizemlju, izolacijom od mineralne vune d=16,0 cm s λ ≤ 0,035 W/mK učvršćenjem tipskim pričvrsnicama na drvene štafle sitnorebričastog armiranobetonskog stropa. Stavka uključuje dobavu materijala i izvedbu toplinske izolacije sa svim pričvrsnim sredstvima prema uputi proizvođača. Sve izvesti prema detalju D6.
B64: Obračun po m2 površine stropa, sve komplet.
B65: toplinska izolacija (MW) d=16,0 cm | C65: m2 | D65: 12 | F65: =E65*D65 -> 0
A68: 5. | B68: Hidroizolacija i toplinska izolacija ispod limenih klupčica na parapetima prozora i istacima
B69: Dobava materijala i izvedba toplinske izolacije i hidroizolacije ispod limenih klupčica na parapetima prozora, istacima i vijencu zabata. Toplinska izolacija se izvodi od XPS-a u nagibu prema van u debljini min. 2 cm. Prosječna širina toplinske i hidroizolacije je 35 cm. Hidroizolacija se izvodi hidroizolacijskim premazom. Izvedba prema detaljima D2 - D6. Obračun po m' toplinske i hidroizolacije.
B70: toplinska izolacija (XPS) d=2,0 cm | C70: m' | D70: 54 | F70: =D70*E70 -> 0
B71: hidroizolacijski premaz | C71: m' | D71: 54 | F71: =D71*E71 -> 0
A73: 6. | B73: Hidroizolacija prohodnog ravnog krova - terasa
B74: Dobava materijala i izvedba hidroizolacije prohodnog ravnog krova - terasa
B75: -Krovne sintetske višeslojne izolacijske PVC trake za ravne krovove, slobodno položena. Polaganje hidroizolacije izvesti u svemu prema uputstvima proizvođača, prema detaljima. Jediničnom cijenom uključeni svi spojni elementi: otvoreni, zatvoreni i kutni prelazi i završni elementi. Osobitu pažnju posvetiti holkeru i završnom učvršćenju i brtvljenju hidroizolacije. Hidroizolacijske membrane se polažu na betonsku ploču. (sve prema uputama proizvođača). Rubovi membrana se međusobno preklapaju i zavaruju vrućim zrakom kako bi se postigao potpuno homogen spoj (min preklapanje prema uputama proizvođača). Na svojim završetcima membrana se vari na kaširane aluminijske limove. Sve spojeve izvesti na način da se osigura vodotijesnost membrane. Izvoditelj treba imati radnike s odgovarajućim iskustvom, obučene i ovlaštene od proizvođača materijala.
B76: hidroizolacija (PVC) za prohodne krovove | C76: m2 | D76: 8 | F76: =D76*E76 -> 0
A78: A.IV. | B78: IZOLATERSKI RADOVI UKUPNO: | E78: € | F78: =SUM(F45:F77) -> 0

Sheet B.I.lim
A2: TROŠKOVNIK GRAĐEVINSKO OBRTNIČKIH RADOVA
A3: B. OBRTNIČKI RADOVI / B.I. LIMARSKI RADOVI
A4: r.b. | B4: opis stavke | C4: jed. | D4: kol. | E4: jed.cijena | F4: ukupno
A6: B. | B6: OBRTNIČKI RADOVI
A8: B.I. | B8: LIMARSKI RADOVI
A10: OPĆI UVJETI
A12: Sve radove izvođač mora izvoditi prema troškovniku i izvedbenoj projektnoj dokumentaciji, solidno i stručno, prema pravilima dobrog zanata, Pravilniku o ocjenjivanju sukladnosti, ispravama o sukladnosti i označavanju građevinskih proizvoda (NN 103/08, 147/09, 87/10, 129/11), Pravilniku o tehničkim mjerama i uvjetima za završne radove u zgradarstvu (Sl.list br. 21/90), Tehničkom propisu o racionalnoj upotrebi energije i toplinskoj zaštiti u zgradama ( 128/15, 70/18, 73/18, 86/18) sa pripadajućim normama, Tehničkom propisu o građevnim proizvodima (NN 35/18) i Tehničkim uvjetima za izvođenje limarskih radova (HRN U.N9.055.), te svim ostalim tehničkim propisima, priznatim tehničkim pravilima i HR normama, a osobito:
A13: HRN C.B4.081, pocinčani lim HRN C.C4.020, 025, 030, 051, 060, 120, 150, aluminijski lim HRN C.D4.020, bakreni lim
A14: Ukoliko ne postoje adekvatni standardi za materijale koji se ugrađuju, obavezno je pribaviti odgovarajući atest kao dokaz kvalitete.
A15: Izvođač je dužan prije početka radova predočiti projektantu detalje izvedbe i savijanja limova. Tek po odobrenju i nakon ovjere istih od strane projektanta izvođač može pristupiti izvedbi radova. Izvođač je dužan prije početka radova provjeriti sve građevinske elemente na koje, ili za koje se pričvršćuje limarija i pismeno dostaviti naručitelju svoje primjedbe u vezi eventualnih nedostataka posebno u slučaju: neodgovarajućeg izbora projektiranog materijala i loše riješenog načina vezivanja limarije za građevinske radove. Izrada rješenja neće se posebno platiti već predstavlja trošak i obvezu izvođača. Prilikom izvođenja limarije izvođač se mora striktno pridržavati usvojenih i od strane projektanta ovjerenih detalja. Izvođač će pristupiti izvedbi tek nakon što projektant potpisom potvrdi radioničke nacrte i tehnološku razradu svih detalja.
A16: Dijelovi različitog materijala ne smiju se dodirivati jer bi uslijed toga moglo doći do korozije. Elementi od čelika za pričvršćivanje cinčanog ili pocinčanog lima moraju se pocinčati, ako u opisu radova nije predviđena neka druga zaštita (postavljanje podmetača od olova ili plastike otpornih na kiseline ili lužine). Za bakreni lim treba primijeniti učvršćivanje od bakra ili bakrenog čelika.
A17: Drvena građa mora biti izrađena su od suhog drveta zaštićenog pokrovnim fungicidnim premazima koji štite drvo od vanjskih utjecaja, a sadržavaju antifungicidna i antiinsekticidna svojstva.
A18: Sastav i učvršćenja moraju biti tako izvedeni da elementi pri toplotnim promjenama mogu nesmetano dilatirati, a da pri tom ostanu nepropusni. Moraju se osigurati od oštećenja koje može izazvati vjetar i sl. Ispod lima koji se postavlja na beton, drvo ili žbuku treba postaviti sloj bitumenske ljepenke, čija su dobava i postava uključene u jediničnu cijenu ako u stavci nije opisano drugačije. Nakon obrade, može se ugraditi samo neoštećeni lim.
A19: Za elemente za učvršćivanje (kuke, zakovice, jahači, čavli, vijci i sl.) treba primijeniti: za čelični lim - čelična spojna sredstva, za pocinčani i olovni lim - dobro pocinčana spojna sredstva, za bakreni lim - bakrena spojna sredstva, za alu lim - alu ili galvanizirana Čn spojna sredstva.
A20: Sve vidljive spojeve lima i betonskih ili ožbukanih ploha pročelja treba brtviti po cijeloj dužini spoja trajno elastičnim (plastičnim) bezbojnim kitom. Sve spojeve lima treba obvezno izvesti nepropusno. Plohe izvedene limom moraju biti izvedene pravilno i u ravnini, po nagibima odvodnje i kosinama definiranim u projektu.
A21: Cijenom izvedbe radova treba obvezno uključiti sve materijale koji se ugrađuju i koriste (osnovne i pomoćne materijale), sav potreban rad (osnovni i pomoćni) na izvedbi radova do potpune gotovosti i funkcionalnosti istih, sve transporte i prijenose do i na gradilištu sve do mjesta ugradnje, sva potrebna skladištenja i zaštite, sav alat i građevinske strojeve, čišćenje tokom rada, odvoz i zbrinjavanje smeća, završno čišćenje prije primopredaje radova, nadoknadu eventualne štete nastale iz nepažnje na svojim ili tuđim radovima, sve potrebne zaštitne konstrukcije i skele, kao i sve drugo predviđeno mjerama zaštite na radu i pravilima struke. U cijeni treba također uključiti izvedbu i obradu raznih detalja limarije kod spojeva, prijelaza, lomova i sudara ploha, završetaka limarije i drugo, sve obvezno usklađeno sa drugim različitim materijalima i radovima uz limariju, do potpune gotovosti i funkcionalnosti.
A22: Jedinična cijena uključuje uzimanje mjera na gradilištu i definiranje ugradbenih dimenzija, tehnološku razradu svih detalja, pripremu podloga, izradu radioničkih nacrta, sav spojni materijal, sve posredne i neposredne troškove za rad, materijal, sva manja potrebna usijecanja utora nužna za ugradnju i savijanje lima i izvedbu detalja, kao i sva sitnija usijecanja ploha te potrebne popravke i zapunjavanja nastalih međuprostora i pukotina cem. mortom.
A23: * SVI LIMARSKI RADOVI PREDVIĐENI TROŠKOVNIKOM SU U SKLADU S POPISOM I ODREDBAMA OPRAVDANIH TROŠKOVA.
A25: 1. | B25: Okapnica na parapetima prozora
B26: Dobava materijala, izrada i montaža limenih okapnica na parapetima prozora, od aluminijskog lima d=0,8 mm plastificiranima u bijeloj boji, na kukama od plosnog čelika. Prosječna razvijena širina lima je 40 cm. Boja lima prema ton karti proizvođača i odabiru projektanta. Izvedba prema detaljima D1 - D6. Obračun po m' limene okapnice.
C27: m' | D27: 54 | F27: =D27*E27 -> 0
A29: 2. | B29: Okapnica na zabatnom zidu
B30: Dobava materijala, izrada i montaža limenih okapnica na zabatnom zidu, od aluminijskog lima d=0,8 mm, na kukama od plosnog čelika. Prosječna razvijena širina lima je 30 cm. Limena okapnica se montira na drvenu potkonsktrukciju ispod pokrova od crijepa. Boja lima prema ton karti proizvođača i odabiru projektanta. Obračun po m' limene okapnice.
C31: m' | D31: 36 | F31: =D31*E31 -> 0
A33: 3. | B33: Okapnica na vijencu kosog krova
B34: Dobava materijala, izrada i montaža limenih okapnica na vijencu kosog krova, od aluminijskog lima d=0,8 mm. Prosječna razvijena širina lima je 15 cm. Limena okapnica je montira na drvene grednike ispod hidroizolacijske folije. Boja lima prema ton karti proizvođača i odabiru projektanta. Stavka uključuje i postavu mrežice za kukce duljine 25 cm. Sve izvesti prema detalju 9. Izvedba prema detaljima D8. Obračun po m' limene okapnice.
C35: m' | D35: 30 | F35: =D35*E35 -> 0
A37: 4. | B37: Limeni opšav ruba balkona i terasa
B38: Dobava materijala, izrada i montaža limenog opšava na rubu balkona i terasa od aluminijskog lima d=1,0 mm, prosječne razvijene širine lima 20 cm, lim se polaže u sloj morta ispod keramičke obloge poda. Boja lima prema ton karti proizvođača i odabiru projektanta. Stavka uključuje sva pričvrsna sredstva. Obračun po m1 opšava.
B39: alu. lim d=1,0mm, razvijena širina 20 cm | C39: m' | D39: 25 | F39: =D39*E39 -> 0
A41: 5. | B41: Limeni opšav krovne uvale
B42: Dobava materijala, izrada i montaža limenog opšava krovne uvale od aluminijskog lima d=1,0 mm, prosječne razvijene širine lima 50 cm, lim se učvršćuje na drvene letve ispod pokrova od crijepa. Stavka uključuje sva pričvrsna sredstva. Obračun po m1 opšava.
B43: alu. lim d=1,0mm, razvijena širina 20 cm | C43: m' | D43: 8 | F43: =D43*E43 -> 0
A45: 6. | B45: Limeni opšav spoja krova i zida
B46: Dobava materijala, izrada i montaža limenog opšava spoja kosog krova i zida kod krovnih kućica i spoja zgrade s krovištem susjedne zgrade od aluminijskog lima d=1,0 mm, prosječne razvijene širine lima 30 cm, lim se učvršćuje na drvene letve ispod pokrova od crijepa. Boja lima prema ton karti proizvođača i odabiru projektanta. Sve izvesti prema detalju 8 i 13. Stavka uključuje sva pričvrsna sredstva i sloj bitumenizirane ljepenke. Obračun po m1 opšava.
B47: alu. lim d=1,0mm, razvijena širina 30 cm | C47: m' | D47: 27 | F47: =D47*E47 -> 0
A49: 7. | B49: Limeni opšav ruba krovne kućice
B50: Dobava materijala, izrada i montaža limenog opšava ruba krovne kućice od aluminijskog lima d=1,0 mm, prosječne razvijene širine lima 40 cm, lim se učvršćuje na daščanu oplatu. Boja lima prema ton karti proizvođača i odabiru projektanta. Sve izvesti prema detalju 11 i 13. Stavka uključuje sva pričvrsna sredstva i sloj bitumenenske membrane. Obračun po m1 opšava.
B51: alu. lim d=1,0mm, razvijena širina 40 cm | C51: m' | D51: 17 | F51: =D51*E51 -> 0
A53: 8. | B53: Nova limena obloga krova od falcanog aluminijskog lima iznad krovnih kućica i nadstrešnice
B54: Dobava materijala i izvedba obloge krova krovnih kućica i nadstrešnice od aluminijskog falcanog lima d=0,8 mm s izvedenim okapnicama. Stavka uključuje drvene letve 5x8 cm, dašćanu oplatu 2,4 cm, sloj bitumenske membrane iznad te tipske odzrake za ventilirane krovove, snjegobrane, te sav potreban pribor za pravilnu izvedbu obloge. Boja lima prema ton karti proizvođača i odabiru projektanta. Sve izvesti prema detalju 11, 12 i 13. Boja lima prema ton karti proizvođača i odabiru projektanta.
B55: falcani aluminijski lim (krovni pokrov) d=0,8 mm | C55: m2 | D55: 18 | F55: =D55*E55 -> 0
B56: bitumenska membrana | C56: m2 | D56: 18 | F56: =D56*E56 -> 0
B57: daščana obloga 2,4 cm | C57: m2 | D57: 18 | F57: =D57*E57 -> 0
B58: drvene letve 5x8 cm | C58: m3 | D58: 0.2 | F58: =D58*E58 -> 0
A60: 9. | B60: Vertikalni oluk
B61: Stavka uključuje dobavu materijala i izvedbu novog vertikalnog oluka za odvodnju vode te sve potrebne opšave, od aluminijskog lima d=0,8 mm, na kukama od plosnog čelika. Boja lima prema ton karti proizvođača i odabiru projektanta. Stavka uključuje dobavu materijala i ugradnju novih spojnih fazonskih elemenata između horizontalnih žlijebova i vertikalnih oluka i s vertikalnim ljevano željeznim cijevima u tlu.
C62: m' | D62: 35 | F62: =D62*E62 -> 0
A64: 10. | B64: Horizontalni žlijebovi na vijencu kosog krova
B65: Stavka uključuje dobavu materijala i izvedbu novog horizontalnog žlijeba za odvodnju vode te sve potrebne opšave prema detaljima D9,D10 i D11 , od aluminijskog lima d=0,8 mm, na kukama od plosnog čelika. Boja lima prema ton karti proizvođača i odabiru projektanta. Horizontalni žlijeb se spaja na nove vertikalne oluke. Stavka uključuje dobavu materijala i ugradnju novih spojnih fazonskih elemenata između novih horizontalnih žlijebova i novih vertikalnih oluka (prosječna duljina spojnih elemenata je 80 cm). Kuke se učvršćuju u nove drvene kontraletve koje su obračunate u stavci limenog pokrova ili pokrova crijepom. Stavka uključuje sva potrebna spojna sredstva.
B66: aluminijski lim d=0,8mm, razvijena širina 18 cm | C66: m' | D66: 33 | F66: =D66*E66 -> 0
B67: horizontalni žlijeb | C67: m' | D67: 33 | F67: =D67*E67 -> 0
A69: 11. | B69: Ventilacijske rešetke na fasadi
B70: Izrada i ugradnja odzračnika plinskih bojlera radi izvedbe nove toplinske izolacije pročelja. Novi odzračnici su tipski limeni elementi, s ugrađenim zaštitnim mrežicama. Ukupnu duljinu prilagoditi debljini zida i novoj toplinskoj izolaciji. Stavka uključuje sva potrebna spojna sredstva.
B71: odzračnik dimenzija Ø 20 cm | C71: kom | D71: 3 | F71: =D71*E71 -> 0
A73: B.I. | B73: LIMARSKI RADOVI UKUPNO: | E73: € | F73: =SUM(F27:F72) -> 0

Sheet B.II.1.PVC
A2: TROŠKOVNIK GRAĐEVINSKO OBRTNIČKIH RADOVA
A3: B. OBRTNIČKI RADOVI / B.II.1. VANJSKA PVC STOLARIJA
A4: r.b. | B4: opis stavke | C4: jed. | D4: kol. | E4: jed.cijena | F4: ukupno
A6: B.II.1. | B6: VANJSKA PVC STOLARIJA
B8: OPĆI UVJETI
B10: Sve radove izvođač mora izvoditi prema troškovniku i izvedbenoj projektnoj dokumentaciji, solidno i stručno, prema pravilima dobrog zanata i mjerama uzetima na licu mjesta, Pravilniku o ocjenjivanju sukladnosti, ispravama o sukladnosti i označavanju građevinskih proizvoda (NN 103/08, 147/09, 87/10, 129/11), Pravilniku o tehničkim mjerama i uvjetima za završne radove u zgradarstvu (Sl.list br. 21/90), Tehničkom propisu o racionalnoj upotrebi energije i toplinskoj zaštiti u zgradama (NN 128/15, 70/18, 73/18, 86/18) sa pripadajućim normama, Tehničkom propisu o građevnim proizvodima (NN 35/18), prema Tehničkim propisima za prozore i vrata (NN 69/06) sa pripadajućim noramama i ostalim normama prema Odluci o popisu normi bitnih za primjenu Tehničkog propisa za prozore i vrata, te svim ostalim tehničkim propisima, priznatim tehničkim pravilima i HR normama, a osobito:
B12: HRN EN 14351-1:2006, prozori i vrata - norma za proizvod, izvedbene značajke HRN EN 12207:2001, prozori i vrata - propusnost zraka HRN EN 12208:2001, prozori i vrata - vodonepropusnost HRN EN 12210:2001+AC:2005, prozori i vrata - otpornost na opterećenje vjetrom HRN EN ISO 140-3, akustika - mjerenje razine zvuka u zgradama i elementima zgrada HRN EN ISO 717-1, akustika - određivanje razine zvuka u zgradama HRN EN 410:1998, staklo u graditeljstvu - određivanje svjetlosnih i sunčanih značajka ostakljenja HRN EN 572-9:2005, staklo u graditeljstvu - proizvodi od osnovnog natrij-kalcij-silikatnog stakla HRN D.E1.012, vanjska stolarija HRN D.E8.193. i 235., vodonepropusnost i hermetičnost
B14: Ukoliko ne postoje adekvatni standardi za materijale koji se ugrađuju, obavezno je pribaviti odgovarajući atest kao dokaz kvalitete.
B15: Izvođač radova obavezan je izraditi i ugraditi aluminijske elemente u već provjerenim i certificiranim sustavima te se od njega očekuje visoka kvaliteta izvedbe. Prije početka radova Izvođač je obvezan dostaviti na uvid glavnom projektantu uzorke profila i okova na odobrenje, prihvatit će se isključivo kvalitetni profili i okovi. Nakon prihvaćanja uzoraka izvođač je obvezan nacrtati karakteristične presjeke i detalje ugradnje te i njih dostaviti na odobrenje. Tek nakon što dobije odobrenje glavnog projektanta na uzorke, detalje i presjeke, Izvođač smije započeti s radovima. Izvođač mora dati jamstvo u minimalnom trajanju jamstvenog roka na aluminijske profile, brtve i završnu obradu (plastifikacija ili eloksaža) te na pokretne dijelove (okov). Jamstvo na završnu obradu uključuje ljuštenje boje ili gubitak sjaja, a plastifikacija mora biti debljine najmanje 60 µm. Površinska zaštita mora biti izvršena sukladno Qualicoat i Qualianod smjernicama.
B17: Prije pristupanju izvođenju radova izvoditelj je dužan izvršiti detaljan pregled svih stolarskih elemenata, prozora i vrata koji se mijenjaju. Stolarski elementi ili njihovi dijelovi, kao i pripadajući okov, koji su oštećeni, moraju se zamijeniti novima. Pri izradi novog elementa, u jediničnu cijenu uračunat je gotov stolarski element sa pripadajućim okovom i ugradnjom na građevinu.
B19: Radovi uključuju izradu, dobavu i montažu do potpune gotovosti prozora ili vrata. Brtvljenje i spajanje prema sistemskim rješenjima propisanim od proizvođača sistema. Sav potreban okov za otvaranje potrebno je da je izrađen od INOX-a ili plastificiran u boji profila (prema rješenju projektanata). Odabrani okov prilagoditi težini i geometriji krila, tako da nesmetano zadovoljava funkciju otvaranja (otklopni, zaokretni ili zaokretno otklopni). U cijenu stavaka uključeno je i staklo.
B21: Sve mjere obavezno je provjeriti na licu mjesta prije izrade stolarije.
B23: Prozori i vrata ugrađuju se u građevinski pripremljeni i obrađeni otvor u AB zidu ili zidu od blok opeka pomoću vijaka primjerenih za ovakvu vrstu montaže. U cijenu je uključen sav potreban rubni opšav (vanjski i unutarnji), vanjska hidroizolacija - paropropusna i vodonepropusna folija, unutarnja - paronepropusna folija (parna brana), toplinska izolacija te sav pričvrsni pribor. Kod ugradnje stolarije potrebno je obraditi i toplinski izolirati špalete otvora sa slojem toplinske izolacije minimalno 4 cm (obrađeno u Završnim zidarsko fasaderskim radovima).
B25: U cijenu treba biti uključena i izrada unutarnje klupčice, na potkonstrukciji, prema RAL ton karti-prema odabiru projektanta, osim ako stavkom nije opisano drugačije.
B27: Zbog specifičnosti zadatka - sanacija - sve stavke opisane su zidarskom mjerom. Zidarska mjera je razmak konstruktivnih elemenata. Modularna mjera je razmak modularnih ravnina koji je manji od zidarske mjere. Stolarska mjera je stvarna vanjska mjera stolarskog elementa koja treba biti manja od modularne mjere. Svjetla stolarska mjera koristi se kod vrata i označava čisti razmak između dovratnika, odnosno poda i nadvratnika. Razlika između zidarske i modularne mjere kod mokre gradnje treba biti 1 – 2 cm, a kod montažne može biti i 0,5. Razlika između modularne i stolarske mjere treba biti od 0,3 do 1 cm. Stvake su opisane zidarskim (građevinskim) mjerama.
B29: Zaokretna vrata ili prozorsko krilo je lijevo ako je okovano s lijeve strane, odnosno ako se otvara u smjeru negativne rotacije (kazaljke na satu). Stolarski elementi se izrađuju prema shemama i detaljima, te u dogovoru s projektantom i nadzornim inženjerom, a označavaju brojem troškovničke stavke.
... B35: Jedinična cijena uključuje uzimanje mjera na gradilištu i definiranje ugradbenih dimenzija, tehnološku razradu svih detalja, izradu radioničkih nacrta, sav spojni materijal, sidrene ploče, mort za podlijevanje ležaja, zaštitu od korozije, postavu i skidanje radne skele, striktnu primjenu mjera zaštite od požara, sve posredne i neposredne troškove za rad, materijal, alat i građevinske strojeve, sve transporte, čišćenje tokom rada, odvoz i zbrinjavanje smeća, završno čišćenje prije primopredaje radova, nadoknadu eventualne štete nastale iz nepažnje na svojim ili tuđim radovima.
A37: 1. | B37: Stijena grijanog prostora
B38: Izrada, doprema i ugradnja vanjskih PVC stijena, od tipskih PVC profila prema shemama koje su sastavni dio ove stavke. Ostakljenje trostrukim IZO staklom 33,2+15A+4+15A+44,2 – s vanjske strane laminirano, ispuna između stakala argonom, s proračunskim dokazom koeficijenta prolaska topline stakla jednakog ili nižeg od 0,60 W/m²K i sa proračunskim dokazom koeficijenta prolaska topline prozora jednakog ili nižeg od 0,83 W/m²K - prema projektu racionalne uporabe energije i toplinske zaštite. U stavku je uključena obrada spoja na susjedne plohe zida i druge elemente u sklopu obloge pročelja, kao i sva potrebna prilagođenja i podešavanja kao i izrada radioničke dokumentacije koja se daje na uvid i odobrenje osobi koja vrši nadzor na objektu. Uz dokumentaciju potrebno je dostaviti uzorak profila i ostakljenja koji također treba odobriti nadzorna osoba.
B39: Prostor između zidanog dijela i profila izveden prema normama struke. Svi navedeni spojevi moraju imati vrhunsku hidroizolaciju i termoizolaciju međuprostora kako ne bi došlo do prodora vode, zraka ili prolaza topline. S vanjske strane dodatno izvesti silikoniranje kvalitetnim silikonom otpornim na atmosferske utjecaje i u boji profila.
B40: Stavka uključuje vanjske aluminijske žaluzine boje prema odabiru projektanta, ukoliko u shemama nije drugačije definirano.
B41: Ostale izvedbene detalje dogovoriti s projektantom. U cijenu stavke uračunato je uzimanje mjera na licu mjesta, dobava i ugradnja. Obračun prema kompletno izvedenim i montiranim prozorima.
B42: Bilo kakva ugradnja prije odobrenja uzorka i dokumentacije, nije dozvoljena. Konačan odabir boje prema izboru glavnog projektanta.
B43: Vanjska alu klupčica opisana je u limarskim radovima.
B44: Prije izrade sve mjere kontolirati u naravi. Minimalne visine parapeta prozora nakon ugradnje nove stolarije trebaju biti 100 cm.
B45: Izvesti prema shemi stolarije.
B47: ST.02 - Trokrilni zaokretno otklopni prozor. u građevinskom otvoru 210 x 175 cm. | C47: kom | D47: 5 | F47: =D47*E47 -> 0
B48: ST.04 - Dvokrilni zaokretno otklopni prozor u građevinskom otvoru 120 x 130 cm | C48: kom | D48: 1 | F48: =D48*E48 -> 0
B49: ST.05 - Jednokrilni zaokretno otklopni prozor. u građevinskom otvoru 60 x 160 cm | C49: kom | D49: 2 | F49: =D49*E49 -> 0
B50: ST.06 - Dvokrilni zaokretno otklopni prozor. u građevinskom otvoru 110 x 160 cm | C50: kom | D50: 1 | F50: =D50*E50 -> 0
B51: ST.07 - Jednokrilni zaokretno otklopni prozor. u građevinskom otvoru 40 x 160 cm | C51: kom | D51: 2 | F51: =D51*E51 -> 0
B52: ST.08 - Jednokrilni zaokretno otklopni prozor u građevinskom otvoru 60 x 150 cm | C52: kom | D52: 4 | F52: =D52*E52 -> 0
B53: ST.09 - Jednokrilni zaokretno otklopni prozor u građevinskom otvoru 50 x 150 cm | C53: kom | D53: 4 | F53: =D53*E53 -> 0
B54: ST.10 -Jednokrilna zaokretno otklopna vrata u građevinskom otvoru 90 x 240 cm | C54: kom | D54: 2 | F54: =D54*E54 -> 0
B55: ST.11 - Jednokrilni ovalni otklopni prozor u građevinskom otvoru 120 x 85 cm | C55: kom | D55: 1 | F55: =D55*E55 -> 0
B56: ST.12 - Jednokrilni zaokretno otklopni prozor u građevinskom otvoru 50 x 160 cm | C56: kom | D56: 1 | F56: =D56*E56 -> 0
B57: ST.13 - Dvokrilni zaokretno otklopni prozor. u građevinskom otvoru 120 x 150 cm | C57: kom | D57: 2 | F57: =D57*E57 -> 0
B58: ST.14 - Jednokrilna zaokretno otklopna vrata u građevinskom otvoru 100 x 250 cm | C58: kom | D58: 1 | F58: =D58*E58 -> 0
... B63: ST.19 - Dvokrilni zaokretno otklopni prozor u građevinskom otvoru 200 x 135 cm | C63: kom | D63: 1 | F63: =D63*E63 -> 0
A65: B.II.1. | B65: VANJSKA PVC STOLARIJA UKUPNO: | E65: € | F65: =SUM(F47:F64) -> 0

Sheet B.II.2.ALU
A2: TROŠKOVNIK GRAĐEVINSKO OBRTNIČKIH RADOVA
A3: B. OBRTNIČKI RADOVI / B.II.2. VANJSKA ALUMINIJSKA STOLARIJA
A4: r.b. | B4: opis stavke | C4: jed. | D4: kol. | E4: jed.cijena | F4: ukupno
A6: B.II.2. | B6: VANJSKA ALUMINIJSKA STOLARIJA
B8: OPĆI UVJETI
B10: Sve radove izvođač mora izvoditi prema troškovniku i izvedbenoj projektnoj dokumentaciji, solidno i stručno, prema pravilima dobrog zanata i mjerama uzetima na licu mjesta, Pravilniku o ocjenjivanju sukladnosti, ispravama o sukladnosti i označavanju građevinskih proizvoda (NN 103/08, 147/09, 87/10, 129/11), Pravilniku o tehničkim mjerama i uvjetima za završne radove u zgradarstvu (Sl.list br. 21/90), Tehničkom propisu o racionalnoj upotrebi energije i toplinskoj zaštiti u zgradama (NN 128/15, 70/18, 73/18, 86/18) sa pripadajućim normama, Tehničkom propisu o građevnim proizvodima (NN 35/18), prema Tehničkim propisima za prozore i vrata (NN 69/06) sa pripadajućim noramama i ostalim normama prema Odluci o popisu normi bitnih za primjenu Tehničkog propisa za prozore i vrata, te svim ostalim tehničkim propisima, priznatim tehničkim pravilima i HR normama, a osobito:
B12: HRN EN 14351-1:2006, prozori i vrata - norma za proizvod, izvedbene značajke HRN EN 12207:2001, prozori i vrata - propusnost zraka HRN EN 12208:2001, prozori i vrata - vodonepropusnost HRN EN 12210:2001+AC:2005, prozori i vrata - otpornost na opterećenje vjetrom HRN EN ISO 140-3, akustika - mjerenje razine zvuka u zgradama i elementima zgrada HRN EN ISO 717-1, akustika - određivanje razine zvuka u zgradama HRN EN 410:1998, staklo u graditeljstvu - određivanje svjetlosnih i sunčanih značajka ostakljenja HRN EN 572-9:2005, staklo u graditeljstvu - proizvodi od osnovnog natrij-kalcij-silikatnog stakla HRN D.E1.012, vanjska stolarija HRN D.E8.193. i 235., vodonepropusnost i hermetičnost
B14: Ukoliko ne postoje adekvatni standardi za materijale koji se ugrađuju, obavezno je pribaviti odgovarajući atest kao dokaz kvalitete.
B15: Izvođač radova obavezan je izraditi i ugraditi aluminijske elemente u već provjerenim i certificiranim sustavima te se od njega očekuje visoka kvaliteta izvedbe. Prije početka radova Izvođač je obvezan dostaviti na uvid glavnom projektantu uzorke profila i okova na odobrenje, prihvatit će se isključivo kvalitetni profili i okovi. Nakon prihvaćanja uzoraka izvođač je obvezan nacrtati karakteristične presjeke i detalje ugradnje te i njih dostaviti na odobrenje. Tek nakon što dobije odobrenje glavnog projektanta na uzorke, detalje i presjeke, Izvođač smije započeti s radovima. Izvođač mora dati jamstvo u minimalnom trajanju jamstvenog roka na aluminijske profile, brtve i završnu obradu (plastifikacija ili eloksaža) te na pokretne dijelove (okov). Jamstvo na završnu obradu uključuje ljuštenje boje ili gubitak sjaja, a plastifikacija mora biti debljine najmanje 60 µm. Površinska zaštita mora biti izvršena sukladno Qualicoat i Qualianod smjernicama.
B17: Prije pristupanju izvođenju radova izvoditelj je dužan izvršiti detaljan pregled svih stolarskih elemenata, prozora i vrata koji se mijenjaju. Stolarski elementi ili njihovi dijelovi, kao i pripadajući okov, koji su oštećeni, moraju se zamijeniti novima. Pri izradi novog elementa, u jediničnu cijenu uračunat je gotov stolarski element sa pripadajućim okovom i ugradnjom na građevinu.
B19: Radovi uključuju izradu, dobavu i montažu do potpune gotovosti prozora ili vrata. Brtvljenje i spajanje prema sistemskim rješenjima propisanim od proizvođača sistema. Sav potreban okov za otvaranje potrebno je da je izrađen od INOX-a ili plastificiran u boji profila (prema rješenju projektanata). Odabrani okov prilagoditi težini i geometriji krila, tako da nesmetano zadovoljava funkciju otvaranja (otklopni, zaokretni ili zaokretno otklopni). U cijenu stavaka uključeno je i staklo.
B21: Sve mjere obavezno je provjeriti na licu mjesta prije izrade stolarije.
B23: Prozori i vrata ugrađuju se u građevinski pripremljeni i obrađeni otvor u AB zidu ili zidu od blok opeka pomoću vijaka primjerenih za ovakvu vrstu montaže. U cijenu je uključen sav potreban rubni opšav (vanjski i unutarnji), vanjska hidroizolacija - paropropusna i vodonepropusna folija, unutarnja - paronepropusna folija (parna brana), toplinska izolacija te sav pričvrsni pribor. Kod ugradnje stolarije potrebno je obraditi i toplinski izolirati špalete otvora sa slojem toplinske izolacije minimalno 4 cm (obrađeno u Završnim zidarsko fasaderskim radovima).
B25: U cijenu treba biti uključena i izrada unutarnje klupčice, na potkonstrukciji, prema RAL ton karti-prema odabiru projektanta, osim ako stavkom nije opisano drugačije.
B27: Zbog specifičnosti zadatka - sanacija - sve stavke opisane su zidarskom mjerom. Zidarska mjera je razmak konstruktivnih elemenata. Modularna mjera je razmak modularnih ravnina koji je manji od zidarske mjere. Stolarska mjera je stvarna vanjska mjera stolarskog elementa koja treba biti manja od modularne mjere. Svjetla stolarska mjera koristi se kod vrata i označava čisti razmak između dovratnika, odnosno poda i nadvratnika. Razlika između zidarske i modularne mjere kod mokre gradnje treba biti 1 – 2 cm, a kod montažne može biti i 0,5. Razlika između modularne i stolarske mjere treba biti od 0,3 do 1 cm. Stvake su opisane zidarskim (građevinskim) mjerama.
B29: Zaokretna vrata ili prozorsko krilo je lijevo ako je okovano s lijeve strane, odnosno ako se otvara u smjeru negativne rotacije (kazaljke na satu). Stolarski elementi se izrađuju prema shemama i detaljima, te u dogovoru s projektantom i nadzornim inženjerom, a označavaju brojem troškovničke stavke.
... B35: Jedinična cijena uključuje uzimanje mjera na gradilištu i definiranje ugradbenih dimenzija, tehnološku razradu svih detalja, izradu radioničkih nacrta, sav spojni materijal, sidrene ploče, mort za podlijevanje ležaja, zaštitu od korozije, postavu i skidanje radne skele, striktnu primjenu mjera zaštite od požara, sve posredne i neposredne troškove za rad, materijal, alat i građevinske strojeve, sve transporte, čišćenje tokom rada, odvoz i zbrinjavanje smeća, završno čišćenje prije primopredaje radova, nadoknadu eventualne štete nastale iz nepažnje na svojim ili tuđim radovima.
A37: 1. | B37: Stijena grijanog prostora
B38: Izrada, doprema i ugradnja vanjskih ALU stijena, od tipskih ALU profila prema shemama koje su sastavni dio ove stavke. Ostakljenje trostrukim IZO staklom 33,2+15A+4+15A+44,2 – s vanjske strane laminirano, ispuna između stakala argonom, s proračunskim dokazom koeficijenta prolaska topline stakla jednakog ili nižeg od 0,60 W/m²K i sa proračunskim dokazom koeficijenta prolaska topline prozora jednakog ili nižeg od 1,04 W/m²K - prema projektu racionalne uporabe energije i toplinske zaštite. U stavku je uključena obrada spoja na susjedne plohe zida i druge elemente u sklopu obloge pročelja, kao i sva potrebna prilagođenja i podešavanja kao i izrada radioničke dokumentacije koja se daje na uvid i odobrenje osobi koja vrši nadzor na objektu. Uz dokumentaciju potrebno je dostaviti uzorak profila i ostakljenja koji također treba odobriti nadzorna osoba.
B39: Prostor između zidanog dijela i profila izveden prema normama struke. Svi navedeni spojevi moraju imati vrhunsku hidroizolaciju i termoizolaciju međuprostora kako ne bi došlo do prodora vode, zraka ili prolaza topline. S vanjske strane dodatno izvesti silikoniranje kvalitetnim silikonom otpornim na atmosferske utjecaje i u boji profila.
B40: Stavka uključuje vanjske aluminijske žaluzine, ukoliko u shemama nije drugačije definirano.
B41: Ostale izvedbene detalje dogovoriti s projektantom. U cijenu stavke uračunato je uzimanje mjera na licu mjesta, dobava i ugradnja. Obračun prema kompletno izvedenim i montiranim prozorima.
B42: Bilo kakva ugradnja prije odobrenja uzorka i dokumentacije, nije dozvoljena. Konačan odabir boje prema izboru glavnog projektanta.
B43: Vanjska alu klupčica opisana je u limarskim radovima.
B44: Prije izrade sve mjere kontolirati u naravi. Minimalne visine parapeta prozora nakon ugradnje nove stolarije trebaju biti 100 cm.
B45: Izvesti prema shemi stolarije.
B47: ST.01 - Jednokrilni zaokretno otklopni prozor u građevinskom otvoru 80 x 40 cm. | C47: kom | D47: 2 | F47: =D47*E47 -> 0
B48: ST.03 - Četverodijelna stijena koja se sastoji od jednih vrata i tri fiksna ostakljena dijelau građevinskom otvoru 210 x 240 cm | C48: kom | D48: 1 | F48: =D48*E48 -> 0
B49: ST.20 - Jednokrilni krovni otklopni prozor. u građevinskom otvoru 80 x 100 cm | C49: kom | D49: 5 | F49: =D49*E49 -> 0
A52: B.II.2. | B52: VANJSKA ALUMINIJSKA STOLARIJA UKUPNO: | E52: € | F52: =SUM(F48:F51) -> 0

Sheet B.II.3.ČEL
A2: TROŠKOVNIK GRAĐEVINSKO OBRTNIČKIH RADOVA
A3: B. OBRTNIČKI RADOVI / B.II.3. ČELIČNA BRAVARIJA
A4: r.b. | B4: opis stavke | C4: jed. | D4: kol. | E4: jed.cijena | F4: ukupno
A6: B.II.3 | B6: BRAVARSKI RADOVI
A8: OPĆI UVJETI
A10: Prije početka izrade bravarije obavezno se moraju uskladiti mjere i količine iz nacrta prema
A11: stvarnom stanju na gradilištu.Željezni dijelovi konstrukcije spajaju se varenjem ili vijčanim
A12: spojevima.
A13: Svaki vijčani spoj mora biti tako riješen da na vidljivim vanjskim površinama nema vidljivih vijaka.
A14: Ovisno o vrsti materijala od kojih se izvode bravarski radovi, spojna sredstava moraju se
A15: odabrati iz iste grupe materijala. Posebni umetci od PVC materijala moraju osigurati kvalitetan
A16: i čist sastav dvaju elemenata.
A18: Radioničke nacrte i detalje izrađuje izvoditelj i obavezno ih daje na suglasnost projektantu.
A19: Svi tehnički i fizikalni zahtjevi trebaju biti ispunjeni prema propisima ili prema posebnim
A20: traženjima projektanta.
A21: Konstrukcija mora biti dimenzionirana tako da sigurno prihvaća opterečenje i funkcije eleme -
... A29: * SVI BRAVARSKI RADOVI PREDVIĐENI TROŠKOVNIKOM SU U SKLADU S POPISOM I ODREDBAMA OPRAVDANIH TROŠKOVA.
A31: 1. | B31: Izvedba i montaža ograda balkona
B32: Izrada čeličnih ograda balkona visine 110 cm, izrađenih od vertikalnih nosača Č 40x40 mm duljine 120 cm na razmaku cca 100 cm usidrenih bočno u ab ploču, te ispune ograde od flaha Č 40x5 mm na razmaku od cca 13 cm navarenih na vertikale i horizontalnih nosača za prostiranje rublja od Č L 40 x40 mm duljine cca 2.0 m, navarenih bočno na vrh ograde. Ograda se pričvršćuje za fasadni zid preko predhodno usidrenog Č L 100x200 širine 40 mm, varenjem na horizontalu rukohvata. Čelik zaštiti protiv korozije pocinčavanjem, ličiti lakom, boja prema odabiru projektanta.
B33: Boja ograde - prema ton karti proizvođača i odabiru projektanta
B34: Obračun po m' izvedene ograde.
B35: čelična ograda h=110 cm | C35: m' | D35: 25 | F35: =D35*E35 -> 0
A38: B.II.3 | B38: BRAVARSKI RADOVI UKUPNO: | E38: € | F38: =SUM(F35:F37) -> 0

Sheet B.III._zz
A2: TROŠKOVNIK GRAĐEVINSKO OBRTNIČKIH RADOVA
A3: B. OBRTNIČKI RADOVI / B.III. ZAVRŠNI ZIDARSKO - FASADERSKI RADOVI
A4: r.b. | B4: opis stavke | C4: jed. | D4: kol. | E4: jed.cijena | F4: ukupno
A6: B.III. | B6: ZAVRŠNI ZIDARSKO - FASADERSKI RADOVI
A8: OPĆI UVJETI
A10: Sve radove izvođač mora izvoditi prema troškovniku i izvedbenoj projektnoj dokumentaciji, solidno i stručno, prema pravilima dobrog zanata, Zakonu o građevnim proizvodima (NN 76/13, 130/17, 39/19), Pravilniku o ocjenjivanju sukladnosti, ispravama o sukladnosti i označavanju građevinskih proizvoda (NN 103/08, 147/09, 87/10, 129/11), Pravilniku o tehničkim mjerama i uvjetima za završne radove u zgradarstvu (Sl.list br. 21/90), Tehničkom propisu o racionalnoj upotrebi energije i toplinskoj zaštiti u zgradama (NN 128/15, 70/18, 73/18, 86/18) s pripadajućim normama, Tehničkom propisu o građevnim proizvodima (NN 35/18), te svim ostalim hrvatskim i europskim tehničkim propisima i normama i priznatim tehničkim pravilima, a osobito :
A12: HRN EN 13162:2012, tvornički izrađeni proizvodi od mineralne vune (MW) HRN EN 13163:2012, tvornički izrađeni proizvodi od ekspandiranog polistirena (ESP) HRN EN 13164:2012, tvornički izrađeni proizvodi od ekstrudirane polistirenske pjene (XPS) HRN EN 13165:2012, tvornički izrađeni proizvodi od tvrde poliuretanske pjene (PUR) HRN EN 13166:2012, tvornički izrađeni proizvodi od fenolne pjene (PF) HRN EN 13167:2012, tvornički izrađeni proizvodi od ćelijastog (pjenastog) stakla (CG) HRN EN 13168:2012, tvornički izrađeni proizvodi od drvene vune (WW) HRN EN 13169:2012, tvornički izrađeni proizvodi od ekspandiranog perlita (EPB) HRN EN 13170:2012, tvornički izrađeni proizvodi od ekspandiranog pluta (ICB) HRN EN 13171:2012, tvornički izrađeni proizvodi od drvenih vlakana (WF) -- Specifikacija (EN 13171:2008) ETAG 004, 03/00, 06/08, EXTERNAL THERMAL INSULATION COMPOSITE SYSTEMS WITH RENDERING ETAG 014, 01/02, 12/08, 02/11, PLASTIC ANCHORS FOR FIXING OF EXTERNAL THERMAL INSULATION COMPOSITE SYSTEMS WITH RENDERINGS HRN EN 13499:2004, povezani sustavi za vanjsku toplinsku izolaciju (ETICS) na osnovi EPS HRN EN 13500:2004, povezani sustavi za vanjsku toplinsku izolaciju (ETICS) na osnovi MW HRN EN 13172:2012, toplinsko - izoalcijski proizvodi, vrednovanje sukladnosti HRN EN 13495, toplinsko-izolacijski proizvodi za primjenu u zgradarstvu - određivanje otpornosti na čupanje povezanih sustava za vanjsku toplinsku izolaciju (ETICS) HRN DIN 18 516, ventilirane fasade HRN EN 13501-1, razredba građevnih proizvoda i građevnih elemenata prema ponašanju u požaru HRN EN 998-1, specifikacija morta za ziđe HRN EN 15824, specifikacije za vanjske i unutarnje žbuke na osnovi organskih veziva HRN EN 1991-1-4: Eurocod 1 - Djelovanja na konstrukcije - Dio 1-4: Opća djelovanja - Djelovanja vjetra - nacionalni dodatak
A14: HRN EN 14063-1:2008, na mjestu primjene oblikovani proizvodi od lakoagregatne ekspandirane gline HRN EN 14064-1:2010, nevezani proizvodi od mineralne vune (MW) oblikovani na mjestu primjene HRN EN 14064-2:2010, nevezani proizvodi od mineralne vune (MW) oblikovani na mjestu primjene HRN EN 14316-1:2008, oblikovanje toplinske izolacije na mjestu primjene od proizvoda na bazi eksp. perlita (EP)
A16: HRN B.C1.030, B.C8.030, građevinski gips HRN B.C1.020, B.C8.030, građevinsko vapno HRN B.C8.015,022 – 026, cement HRN B.C8.011, portland cement HRN B.C8.030, pijesak HRN U.M2.010, U.M2.012, mortovi HRN U.F2.010, tehički normativi za izvođenje fasaderskih radova
A18: Ukoliko ne postoje adekvatni standardi za materijale koji se ugrađuju, obavezno je pribaviti odgovarajući atest kao dokaz kvalitete.
A20: Izvoditelj je dužan osigurati i zaštititi sve dijelove građevine na kojima se izvode radovi, radi sprečavanja oštećenja tijekom izvedbe. Pojava svih oštećenja na dijelovima na kojima se ne izvode radovi ili koji su nastupili nepažnjom izvoditelja isti je dužan otkloniti o vlastitom trošku. Naročitu pažnju treba posvetiti zaštiti prozorskih stakala koje treba zaštititi PVC građevinskom folijom. Ta zaštita ulazi u jediničnu cijenu izvedbe pročelja zgrade.
A22: Sav rad, sve komunikacije i sav transport vrši se isključivo s vanjske strane građevine, tj. preko skele. Zidarsko-fasaderski radovi se izvode na dobro očišćenoj i otprašenoj površini zida te ih treba izvoditi samo u povoljnim vremenskim uvjetima, uz odgovarajuće osiguranje i zaštitu svježe ožbukanih površina od štetnog utjecaja djelovanja sunca i oborina. Sve detalje izvedbe na pročelju potrebno je dogovoriti i na njih ishoditi suglasnost nadzornog inženjera, a prije pristupanja izvedbi radova. Obračun svih radova vršiti će se kako je to naznačeno u opisu stavke.
A24: Žbukati tek kada se zidovi osuše i slegne zgrada. Ne smije se žbukati kad postoji opasnost od smrzavanja ili ekstremno visokih temperatura 30° ili više. Zidovi moraju biti prije žbukanja čisti, a fuge udubljene, da se žbuka može dobro primiti. Prije žbukanja dobro je da se zidovi navlaže, a osobito kod cementnog morta. Ukoliko na zidovima izbija salitra – treba ih četkom očistiti i oprati rastvorom solne kiseline u vodi (omjer 1:10) o trošku izvođača i dodavati sredstvo protiv izbijanja salitre u mort. Prva faza žbukanja je bacanje grubog šprica (oštri pijesak, cement, voda) i to zidarskom žlicom, a ne tavom. Na grubi špric bacati grubu žbuku kojom se definira ravnina žbukane plohe. Fina žbuka služi samo za zaglađivanje površina. Treba je izraditi tako da površine budu posve ravne i glatke, a uglovi i bridovi, te spojevi zida i stropa izvedeni oštro ukoliko u troškovniku nije drugačije označeno. Rabiciranje žbuke izvodi se pomoću tekstilno staklene mrežice otporne na alkalije ili sitno pletene mreže od nehrđajućeg čelika.
A26: Kod obrade fasade plemenitom žbukom bila to šerana ili prskana (hirofa), žbuka mora biti kvalitetna, tvorničke izvedbe u izabranoj boji i kvaliteti. Kod izrade fasadnih žbuka raditi prema uputstvu proizvođača. Grebana se žbuka zove i šerana, a prskana hirofa. Izrada strojne žbuke na zidovima: na zidovima kuhinja i kupaonica izvodi se žbuka na bazi cementa, a u ostalim prostorijama na bazi gipsa. Prilikom izrade postavljaju se alu vodilice i kutne letvice. Stropovi nisu predviđeni za žbukanje. U cijenu stavke uključene su sve potrebne predradnje koje je potrebno izvršiti na AB zidovima i spojnim zidovima cigle i AB (premaz, impregnacija, bandažiranje) kao i sav potreban rad, materijal i radna skela.
A28: Mort za žbukanja mora odgovarati HRN U.M2.012. Prije žbukanja sve zidne površine potrebno je očistiti i pošpricati rijetkim cementnim mortom u omjeru 1:1. Završne plohe zida moraju biti ravne, fine i jednolično zaglađene. Mort treba biti miješan u omjerima materijala kako je određeno projektom morta, a koji je dužan dostaviti izvođač. Navedenim projektom se mora postići projektirana marka morta. Sav pribor koji se koristi pri mješanju i transportu se treba održavati čistim. Nakon što se mort izvadi iz mješalice ne smije mu se dodavati nikakav materijal. Mort mora biti upotrebljen prije nego počne vezivanje. Mort mora imati plastičnu konzistenciju određenu normama za mort. Unaprijed pripremljeni mort treba rabiti u skladu s uputama proizvođača i prije kraja roka uporabe deklariranog od proizvođača.
A30: ETICS (the external thermal insulation composite system), odnosno povezani sustav za vanjsku toplinsku izolaciju sastoji se od ljepila, toplinske izolacije (EPS, mineralna vuna), polimercementne armirane žbuke, impregnacijskog premaza i završne žbuke u odabranoj boji i teksturi (silikatna, akrilna, silikonska). ETICS sustav treba izvoditi komponentama jednog, odabranog sustava. Kod ugradnje svih komponenti pridržavati se uputa proizvođača (način ugradnje, sušenje). Pri izvedbi ETICS-a, odnosno povezanog sustava za vanjsku toplinsku izolaciju potrebno je pridržavati se Smjernica za izradu ETICS sustava (HUPFAS). Izbor pričvrsnica mora odgovarati kategoriji opterećenja za postojeću podlogu u skladu sa smjernicom ETAG 014. Svaka pričvrsnica koja se koristi treba imati dokaz uporabljivosti u skladu s europskom smjernicom ETAG 014 prema kojoj treba biti izdana tehnička ocjena. Ako podloga ne odgovara niti jednoj kategoriji prema ETAG 014, potrebno je izvesti ispitivanje nosivosti pričvrsnice na gradilištu (pull-off) test. Tip i broj pričvrsnica po m² određuje se na temelju proračuna negativnih tlakova u skladu s važećom hrvatskom normom HRN EN 1991-1-4:2012/NA: 2012: Eurokod 1- Djelovanja na konstrukcije – dio 1-4: Opća djelovanja – Djelovanja vjetra – nacionalni dodatak i nosivosti pričvrsnice na postojećoj podlozi. Norma vrijedi za zgrade visine do 22 m, omjera visine i manje strane objekta h/d≤2, nadmorske visine do 500 mnm, te nazivne brzine vjetra do vref,0 35 m/s. Za sve ostale slučajeve obavezno je izraditi proračun broja pričvrsnica u skladu s važećim hrvatskim tehničkim propisima. Duljinu pričvrsnica je potrebno odrediti na način da se osigura, od proizvođača propisana, dubina sidrenja. Pričvrsnice ne smiju biti sidrene u žbuku, već isključivo u nosivu podlogu (beton, opeka). Lijepljenje toplinske izolacije na podlogu treba vršiti na način kako je to opisano u nacionalnim Smjernicama za izradu ETICS sustava (HUPFAS-a). Pričvrsnica može efikasno pružiti negativno opterećenje vjetrom jedino ako se ispod nje nalazi sloj ljepila. Temeljem važeće hrvatske i europske građevne regulative svi su ponuđači sustava dužni nuditi kompletni toplinsko - izolacijski sustav za koji je proveden postupak ocijenjivanja sukladnosti i izdane isprave o sukladnosti u skladu s odredbama Pravilnika za ocijenjivanje sukladnosti, isprave o sukladnosti i označavanje građevnih proizvoda (NN 103/08, 147/09, 87/10, 129/11). Izvođači su dužni iste ugraditi prema tehničkoj uputi proizvođača i smjernicama HUPFAS-a te kontrolirati jesu li proizvodi koji su isporučeni na gradilište dio sustava. Izvođač sustava i nadzorni inženjer na gradilištu obavezni su kontrolirati jesu li isporučeni elementi odgovarajućeg sustava za koji je proveden postupak ocjenjivanja sukladnosti u skladu s važećim zakonima i propisima, te na gradilištu imati svu pripadajuću dokumentaciju (tehničke upute, potvrde, izjave o sukladnosti i dr.).
... A60: * SVI ZAVRŠNI ZIDARSKO - FASADERSKI RADOVI PREDVIĐENI TROŠKOVNIKOM SU U SKLADU S POPISOM I ODREDBAMA OPRAVDANIH TROŠKOVA .
A62: 1. | B62: Vanjski zidovi, MV=15 cm
B63: Izvedba certificiranog (prema normi HRN EN 13500:2004) ETICS sustava toplinske izolacije vanjskih zidova, klasificiranje otpornosti na požar (prema normi HRN EN 13501-1) sa svim potrebnim predradnjama i pripremom podloge. Toplinska izolacija se izvodi mineralnom (kamenom) vunom (λ≤0,036 W/mK, A2, B-d1), debljine 15 i 4 cm, s tankoslojnim polimer cementnim mortom debljine min 0,5 cm nanesenim u dva sloja i armiranim staklenom alkalnootpornom mrežicom između slojeva. Završni dekorativni sloj izvesti od tankoslojne silikatne žbuke debljine 1,5 mm s dodatkom fungicida na prethodno impregniranu podlogu prema odabranom proizvođaču i tipu završnog sloja. Izbor završne žbuke, boja, granulacija i tekstura žbuke prema odabiru projektanta - nikakva dodatna obrada ploha nije potrebna. U stavku je uljučena izvedba probnih uzoraka boja na pročelju zgrade prije odabira završne nijanse boje. Ploče mineralne (kamene) vune su lijepljene na podlogu i mehanički učvršćene plastičnim pričvrsnicama sa širokim glavama, sve prema preporuci proizvođača.U stavku je uključena izvedba rondela za pričvrsnice i impregnacijski premaz. Minimalni broj pričvrsnica je 6, a maksimalni 12 kom/m². Izbor pričvrsnica i potrebni broj kom po m² je opisan u općim uvjetima.
B64: U cijenu su uključeni svi potrebni profili za žbukanje i profili za pročelje, alu i/ili PVC kutnici (s mrežicom), sokl profili, okapni profili na nadvojima otvora, ojačanja za rubove, otvore, uglove i dr., te brtvljenje spojeva pročelja i vanjske stolarije i bravarije brtvom Sd=0,50.
B65: Sve radove treba izvesti isključivo po uputama, koristeći materijale, alate i način izvođenja po tehnologiji proizvođača slojeva pročelja, prema gl. arhitektonskom projektu i detaljima, te projektu racionalne uporabe energije i toplinske zaštite.
B66: toplinska izolacija zidova pročelja (mv) d=15 cm | C66: m2 | D66: 485 | F66: =D66*E66 -> 0
B67: toplinska izolacija zidova pročelja, vijenca i dimnjaka (mv) d=4 cm | C67: m2 | D67: 44 | F67: =D67*E67 -> 0
B68: topl. izolacija špaleta prozora (mv) d = 4 cm, prosječna širina špalete 30 cm | C68: m' | D68: 203 | F68: =D68*E68 -> 0
B69: žbuka | C69: m2 | D69: 560 | F69: =D69*E69 -> 0
B70: žbuka na špaletama prozora, prosječna širina špalete 30cm | C70: m' | D70: 203 | F70: =D70*E70 -> 0
A72: 2. | B72: Zidovi na podnožju pročelja, XPS=15,0 cm
B73: Dobava materijala i izvedba toplinske izolacije zidova u podnožju zgrade pločama od ekstrudiranog polistirena XPS, ploče s rubnim preklopima s λ ≤ 0,035 W/mK, zahrapavljene vanjske površine debljine 15 cm, proizvod po svemu mora zadovoljavati uvjete norme HRN EN 13164. Izvedba prema detaljima D1 i D2.
B74: Izvedba završnog sloja podnožja zgrade s tankoslojnom polimercementnom žbukom debljine 0,5 cm, armiranom staklenom alkalnootpornom mrežicom, te završnim vodoodbojnim slojem teraplasta za korištenje u podnožju i na blago zakošenim površinama, u granulaciji i boji prema odabiru projektanta. U cijenu su uključeni svi potrebni profili i okapi, te brtvene trake na spoju dijela zida izoliranog XPS-om i dijela zida izoliranog mineralnom (kamenom) vunom. Uz vanjski rub zgrade podnožje je potrebno armirati dvostrukom mrežicom te izvesti antigrafitnu zaštitu.
B75: Sve radove treba izvesti isključivo po uputama, koristeći materijale, alate i način izvođenja po tehnologiji proizvođača slojeva pročelja, prema gl. arhitektonskom projektu i detaljima, te projektu racionalne uporabe energije i toplinske zaštite.
B76: toplinska izolacija zidova pročelja (XPS) d=15 cm | C76: m2 | D76: 55 | F76: =D76*E76 -> 0
B77: topl. izolacija špaleta prozora (mv) d = 4 cm, prosječna širina špalete 30 cm | C77: m' | D77: 4 | F77: =D77*E77 -> 0
B78: žbuka | C78: m2 | D78: 58 | F78: =D78*E78 -> 0
B79: žbuka na špaletama prozora, prosječna širina špalete 30 cm | C79: m' | D79: 4 | F79: =D79*E79 -> 0
A81: 3. | B81: Toplinska izolacija podgleda balkona, nadstrešnica i vijenaca
B82: Dobava materijala i izvedba toplinske izolacije podgleda ulazne nadstrešnice izvedbom:
B83: Izvedba certificiranog (prema normi HRN EN 13500:2004) ETICS sustava toplinske izolacije vanjskih zidova, klasificiranje otpornosti na požar (prema normi HRN EN 13501-1) sa svim potrebnim predradnjama i pripremom podloge. Toplinska izolacija se izvodi mineralnom (kamenom) vunom (λ≤0,036 W/mK, A2, B-d1), debljine 4 cm i 16 cm, s tankoslojnim polimer cementnim mortom debljine min 0,5 cm nanesenim u dva sloja i armiranim staklenom alkalnootpornom mrežicom između slojeva. Završni dekorativni sloj izvesti od tankoslojne silikatne žbuke debljine 1,5 mm s dodatkom fungicida na prethodno impregniranu podlogu prema odabranom proizvođaču i tipu završnog sloja. Izbor završne žbuke, boja, granulacija i tekstura žbuke prema odabiru projektanta - nikakva dodatna obrada ploha nije potrebna. Jediničnom cijenom uključeni svi spojni elementi: otvoreni, zatvoreni i kutni prelazi i završni elementi. Izvoditelj treba imati radnike s odgovarajućim iskustvom, obučene i ovlaštene od proizvođača materijala.
B84: -Toplinske izolacije mineralne vune d=4 cm s λ ≤ 0,036 W/mK u podgledu
B85: -Toplinske izolacije mineralne vune d=16 cm s λ ≤ 0,036 W/mK u podgledu
B86: Slojevi toplinske iizolacije se polažu na podgled postojećeg betona. Rubove ravnog krova izvesti prema detalju D11. Obračun po m2 površine krova, sve komplet.
B87: toplinska izolacija podgleda pročelja (mv) d=4 cm | C87: m2 | D87: 20 | F87: =D87*E87 -> 0
B88: toplinska izolacija podgleda pročelja (mv) d=16 cm | C88: m2 | D88: 6 | F88: =D88*E88 -> 0
B89: žbuka | C89: m2 | D89: 28 | F89: =D89*E89 -> 0
A91: 4. | B91: Najam i postava cijevne skele
B92: Doprema, montaža, demontaža i otprema cijevne skele. Skela mora biti izvedena prema pravilima struke i važećim mjerama zaštite na radu i osiguranjima. U stavku su uključene radne platforme i zaštitne ograde, sva potrebna ukrućenja i sidrenja. Cijenom je obuhvaćena dobava i postava na vanjski dio skele, jutenih ili plastificiranih traka kao zaštita od pada predmeta, prašenja i sl. Trake se međusobno vežu i fiksiraju na nosivu konstrukciju skele. Prije izvedbe skele izvođač je dužan izraditi projekt i statički proračun skele sa svim mjerama zaštite radnika. Obračun po m² skele visine 1,0 m iznad gornjeg ruba krova.
C93: m2 | D93: 790 | F93: =D93*E93 -> 0
A95: 5. | B95: Termografsko snimanje
B96: Ispitivanje kvalitete izvedbe toplinske izolacije. Stavka uključuje termografsko snimanje novougrađene toplinske izolacije zgrade u svrhu otkrivanja nepravilnosti u izvedbi. Termografsko snimanje provodi certificirani Level I Termografist. Infracrvena kamera koja se koristi prilikom snimanja mora imati zadovoljene minimalno sljedeće zahtjeve: Geometrijska rezolucija barem 320×240; Temperaturna rezolucija (NETD) <0,10 °C. Mjerenje je potrebno provesti u skladu s normom HRN EN 13187:2000 (Toplinske značajke zgrada -- Kvalitativno otkrivanje toplinskih mostova u obodnim konstrukcijama zgrada -- Metoda infracrvenog snimanja (ISO 6781:1983 preinačen; EN 13187:1998)). Osim izvještaja o provedenom ispitivanju, naručitelju je potrebno dostaviti i izvorne termograme. Ukoliko rezultati ispitivanja ne odgovaraju pravilima struke, smjernicama proizvođača toplinskih sustava i propisanim vrijednostima, izvođač je dužan nedostatke otkloniti.
C97: kom | D97: 1 | F97: =D97*E97 -> 0
A100: B.III. | B100: ZAVRŠNI ZIDARSKO FASADERSKI RADOVI UKUPNO: | E100: € | F100: =SUM(F66:F99) -> 0

Sheet B.IV.lič
A2: TROŠKOVNIK GRAĐEVINSKO OBRTNIČKIH RADOVA
A3: B. OBRTNIČKI RADOVI / B.IV. SOBOSLIKARSKO-LIČILAČKI RADOVI
A4: r.b. | B4: opis stavke | C4: jed. | D4: kol. | E4: jed.cijena | F4: ukupno
A6: B.IV. | B6: SOBOSLIKARSKO-LIČILAČKI RADOVI UKUPNO:
A8: OPĆI UVJETI
A10: Materijal koji će se upotrijebiti, pomoćni materijal, rad i pomoćni rad mora u svemu odgovarati standardima, propisima, Pravilniku o tehničkim mjerama i uvjetima za završne radove u građevinarstvu (Sl. list SFRJ 21/90) i Tehničkim uvjetima za izvođenje ličilačkih radova HRN U.F2.O12/78. Sav vezivni materijal, ljepila, materijal za brtvljenje i pomoćna sredstva prema HRN U.F1.011.
A12: Prije početka izvedbe radova izvoditelj je dužan projektantu predočiti uzorke boja odgovarajuće za određen tip obrade i izvesti probna bojanja s uzorcima na plohama koje se obrađuju, i to u više nijansi boja, na osnovu čega će projektant odabrati boju i način nanošenja odnosno tip valjka. Tek po izboru i odobrenju projektanta može se otpočeti sa radovima na tako odabran način. Gore navedeno neće se posebno platiti već predstavlja trošak i obvezu izvoditelja i ulazi u jediničnu cijenu izvedbe radova.
A14: Sva bojanja i ličenja treba izvesti samo na suhim, čistim, ravnim ili ravnomjerno zakrivljenim (po projektu) i odmašćenim plohama. Podlogu treba prije početka radova pregledati i kod većih oštećenja ili zaprljanja i zamašćenja na isto upozoriti nadzornog inženjera i radove prekinuti dok se podloga odgovarajuće ne pripremi. Kod manjih oštećenja treba izvoditelj podlogu dovesti u potrebno stanje za kvalitetan rad brušenjem manjih neravnina, kitanjem i zapunjavanjem pukotina i manjih udubina kitom za zapunjavanje i izravnanje. Nakon toga treba obavezno izvesti gletanje odgovarajućom glet masom za određeni tip podloge do potrebne glatkoće, ako nije u stavci troškovnika drugačije navedeno. Sve gore navedeno treba uračunati u jediničnu cijenu.
A16: Pri radu treba se strogo pridržavati pravila zaštite na radu, uz primjenu odgovarajućih zaštitnih sredstava. Sve prostorije po završetku radova treba dobro prozračiti ili ventilirati. Prilikom izvođenja radova izvoditelj treba zaštititi sve susjedne plohe i dijelove konstrukcije na takav način da ne dođe do njihovog prljanja i oštećenja i isto uračunati u cijeni. Ukoliko do prljanja i oštećenja ipak dođe, isto će izvoditelj očistiti i popraviti na svoj trošak.
A18: Tijekom izvođenja radova treba obratiti pažnju na atmosferske prilike. Vanjski radovi se ne smiju izvoditi u slučaju oborina, magle, zraka prezasićenog vlagom, te jakog vjetra i temperature ispod +5°C.
A19: Premazi i boje moraju biti postojani na svjetlo i otporni na pranje vodom, a na vanjskim plohama otporni na atmosferilije. Svi soboslikarski radovi moraju se izvesti prema izabranim uzorcima.
A20: Izvođač je dužan prije početka rada pregledati podloge i ustanoviti da li su primjerene za predviđenu obradu. Ako na podlozi postoje bilo kakvi nedostaci koji se mogu odraziti na kvalitetu radova, izvođač je dužan na to upozoriti naručitelja radova jer se naknadno pozivanje na lošu podlogu neće uvažiti.
A22: Izvođač može započeti radove tek kad su iz prostorije odstranjeni svi otpaci i drugo što bi moglo smetati izvedbi. Za sve vrste soboslikarsko-ličilačkih radova podloge moraju biti čiste od prašine i druge prljavštine kao što su: smole, ulja, masti, čađa, gar, bitumen, cement, mort i dr. Bojati ili ličiti dopušteno je samo na suhu i pripremljenu podlogu. Vanjski ličilački radovi ne smiju se izvoditi po lošem vremenu, koje bi moglo štetiti kvaliteti radova (npr. hladnoća, oborine, magla, jak vjetar i sl.).
A24: Zabranjeno je bacati u kanalizaciju i sanitarne uređaje ostatke boje, vapna, gipsa, kita i drugog materijala.
A26: ZIDOVI
A27: Unutrašnji zidovi prostorija prvo se izravnavaju, gletaju specijalnim postavama koje moraju dobro prilijegati na podlogu i nakon sušenja činiti vrlo čvrstu podlogu za bojanje disperzivnim bojama. U obračunu su posebno iskazane žbukane / betonske površine od gipskartonskih površina. Grundiranje površine izvodi se i obračunava za cijelu površinu podloga od gipskartonskih ploča. Kvaliteta kitanja i ličenja kontrolira se noću ili u zamračenoj prostoriji reflektorom prislonjenim uz plohu zida odnosno stropa. Kod ličenja vanjskih zidova treba se izbjegavati faza kitanja (2), a nikako ne predviđati fazu gletanja (3).
... A62: * SVI SOBOSLIKARSKO LIČILAČKI RADOVI PREDVIĐENI TROŠKOVNIKOM SU U SKLADU S POPISOM I ODREDBAMA OPRAVDANIH TROŠKOVA.
A64: 1. | B64: Popravak boje - ličenje unutarnjih ožbukanih špaleta nakon ugradnje nove stolarije
B65: Priprema postojećih i novo ožbukanih površina špaleta za bojanje i ličenje. Priprema se sastoji od impregnacije, kitanja i zatvaranja pojedinačnih rupa, gletanja u dva sloja s bandažiranjem svih pukotina i spojeva raznih materijala, brušenja i otprašivanja. Pripremljena površina mora biti glatka i ravna, bez neravnina. Popravak boje i ličenje izvesti disperzivnom sjajnom perivom bojom za žbukane ili betonske podloge u minimalno 2 sloja.
B66: unutrašnja špaleta širine cca 25 cm | C66: m' | D66: 170 | F66: =D66*E66 -> 0
A68: 2. | B68: Popravak boje - ličenje unutarnjih zidova i stropova nakon ugradnje nove stolarije
B69: Priprema postojećih ožbukanih površina zidova i stropova za bojanje i ličenje. Priprema se sastoji od impregnacije, kitanja i zatvaranja pojedinačnih rupa, gletanja u dva sloja s bandažiranjem svih pukotina i spojeva raznih materijala, brušenja i otprašivanja. Pripremljena površina mora biti glatka i ravna, bez neravnina. Popravak boje i ličenje izvesti disperzivnom sjajnom perivom bojom za žbukane ili betonske podloge u minimalno 2 sloja.
C70: m2 | D70: 200 | F70: =D70*E70 -> 0
A72: B.IV. | B72: SOBOSLIKARSKO LIČILAČKI RADOVI UKUPNO: | E72: € | F72: =SUM(F66:F71) -> 0
