Workbook

Sheet nas
A9: Investitor: | B9: Suvlasnici stambene zgrade Poljana Jurja Andrassya 12, 13 i 14,10000 Zagreb koje zastupaju: Ovlašteni predstavnik suvlasnika: Dunja Mesing, Nova cesta 136, Zagreb, OIB:70205129911 Upravitelj: GSKG d.o.o., Savska cesta 1, Zagreb, OIB: 03744272526
A12: Građevina: | B12: Stambena zgrada Poljana Jurja Andrassya 12, 13 i 14; 10000 Zagreb
A14: Lokacija: | B14: Poljana Jurja Andrassya 12, 13 i 14, 10000 Zagreb; k.č. 5333, k.o. Trešnjevka
A16: Tehnički dnevnik: | B16: 168 - 24
A18: Zajednička oznaka projekta: | B18: SAE - 168 - 2024
A20: Razina razrade projekta: | B20: Glavni projekt
A22: Vrsta projekta: | B22: ARHITEKTONSKI PROJEKT REKONSTRUKCIJE U SVRHU ENERGETSKE OBNOVE
B23: TROŠKOVNIK GRAĐEVINSKO - OBRTNIČKIH RADOVA
A25: Projektant: | B25: Ana Miljan, mag. ing. arch.
A27: Suradnik: | B27: Ivan Čolić, mag. ing. aedif. Andrea Banić, mag. Ing. aedif.
A29: Glavni projektant: | B29: Ana Miljan, mag. ing. arch.
A31: Izradio: | B31: SAEPTUM d.o.o. za savjetovanje, arhitektonske i energetske usluge, Travnička 50/a, Čakovec, Kružna ulica 81, Zagreb
A32: Direktorica: | B32: Željka Hrs Borković, d.i.a., direktor
A35: Mjesto i datum: | B35: Zagreb, svibanj 2024.
A38: SAEPTUM d.o.o. Travnička 50/A, ČK, Kružna ulica 81, ZG, T+385 98 302785, +385 1 5602505, www.saeptum.hr, OIB 00721493603, P.RAČUN HR8623600001102580265 ZABA, Temeljni kapital 50.000,00 HRK/6.636,14 EUR, Uprava Željka Hrs Borković, Toni Borković
A49: SADRŽAJ :
A53: 1. TROŠKOVNIK GRAĐEVINSKO - OBRTNIČKIH RADOVA
A58: Napomena: | B58: 1. Troškovnik obuhvaća cjelovitu obnovu.
B59: 2. U slučaju drugačijeg zahtjeva investitor je dužan naručiti izmjene i dopune predmetne dokumentacije, a projektanti se obvezuju istu i napraviti ukoliko je u skladu sa pravilima dobrog zanata i stručne etike.
B60: U tom slučaju, djelomična obnova i njeni detalji utvrđuju se pisanim zahtjevom u vidu projektnog zadatka koji potpisuje investitor.
B61: 3. U troškovniku su navedene projektantske cijene.

Sheet sve rek
A7: Investitor: | B7: Suvlasnici stambene zgrade Poljana Jurja Andrassya 12, 13 i 14,10000 Zagreb koje zastupaju: Ovlašteni predstavnik suvlasnika: Dunja Mesing, Nova cesta 136, Zagreb, OIB:70205129911 Upravitelj: GSKG d.o.o., Savska cesta 1, Zagreb, OIB: 03744272526
A9: Građevina: | B9: Stambena zgrada Poljana Jurja Andrassya 12, 13 i 14; 10000 Zagreb
A11: Lokacija: | B11: Poljana Jurja Andrassya 12, 13 i 14, 10000 Zagreb; k.č. 5333, k.o. Trešnjevka
A15: Izradio: | B15: SAEPTUM d.o.o. za savjetovanje, arhitektonske i energetske usluge, Travnička 50/a, 40000 Čakovec, Kružna ulica 81, 10000 Zagreb
B18: TROŠKOVNIK GRAĐEVINSKO - OBRTNIČKIH RADOVA (bez zamjene stolarije stanova)
A21: SVEUKUPNA REKAPITULACIJA
A23: 1.2. | B23: GRAĐEVINSKI I OBRTNIČKI RADOVI: | E23: EUR | F23: =rekap!F31 -> 0
C28: SVEUKUPNO: | E28: EUR | F28: =F23 -> 0
C29: PROJEKTANTSKI NADZOR 0,50% (1.) | E29: EUR | F29: =F23*0.005 -> 0
C30: STRUČNI NADZOR 2,00% (1.) | E30: EUR | F30: =F23*0.02 -> 0
C31: KOORDINATOR ZNR TIJEKOM GRAĐ. 0,50 % (1.) | E31: EUR | F31: =F23*0.005 -> 0
C32: SVEUKUPNO S NADZOROM: | E32: EUR | F32: =F28+F31+F30+F29 -> 0
C33: PDV 25% | E33: EUR | F33: =F32*0.25 -> 0
C34: SVEUKUPNO S PDV-OM: | E34: EUR | F34: =F32+F33 -> 0
A37: PONUDITELJ
A38: (naziv i adresa)

Sheet sve rek + stolarija
A7: Investitor: | B7: Suvlasnici stambene zgrade Poljana Jurja Andrassya 12, 13 i 14,10000 Zagreb koje zastupaju: Ovlašteni predstavnik suvlasnika: Dunja Mesing, Nova cesta 136, Zagreb, OIB:70205129911 Upravitelj: GSKG d.o.o., Savska cesta 1, Zagreb, OIB: 03744272526
A10: Građevina: | B10: Stambena zgrada Poljana Jurja Andrassya 12, 13 i 14; 10000 Zagreb
A12: Lokacija: | B12: Poljana Jurja Andrassya 12, 13 i 14, 10000 Zagreb; k.č. 5333, k.o. Trešnjevka
A17: Izradio: | B17: SAEPTUM d.o.o. za savjetovanje, arhitektonske i energetske usluge, Travnička 50/a, 40000 Čakovec, Kružna ulica 81, 10000 Zagreb
B20: TROŠKOVNIK GRAĐEVINSKO - OBRTNIČKIH RADOVA (sa zamjenom stolarije stanova)
A23: SVEUKUPNA REKAPITULACIJA
A25: 1.2. | B25: GRAĐEVINSKI I OBRTNIČKI RADOVI: | E25: EUR | F25: ='rekap+stolarija'!F36 -> 0
C29: SVEUKUPNO: | E29: EUR | F29: =F25 -> 0
C30: PROJEKTANTSKI NADZOR 0,50% (1.) | E30: EUR | F30: =F25*0.005 -> 0
C31: STRUČNI NADZOR 2,00% (1.) | E31: EUR | F31: =F25*0.02 -> 0
C32: KOORDINATOR ZNR TIJEKOM GRAĐ. 0,50 % (1.) | E32: EUR | F32: =F25*0.005 -> 0
C33: SVEUKUPNO S NADZOROM: | E33: EUR | F33: =F29+F30+F31+F32 -> 0
C34: PDV 25% | E34: EUR | F34: =F33*0.25 -> 0
C35: SVEUKUPNO S PDV-OM: | E35: EUR | F35: =F33+F34 -> 0
A38: PONUDITELJ
A39: (naziv i adresa)

Sheet rekap
A5: 1.1. TROŠKOVNIK GRAĐEVINSKO - OBRTNIČKIH RADOVA
A9: REKAPITULACIJA GRAĐEVINSKO - OBRTNIČKIH RADOVA
A12: A. | B12: GRAĐEVINSKI RADOVI
A14: A.I.1. | B14: PRIPREMNI RADOVI I SKELA (zajednički prostori) ukupno | E14: EUR | F14: ='A.I.1. pri+skela'!F70 -> 0
A15: A.II.1. | B15: RUŠENJA I DEMONTAŽE (zajednički prostori) ukupno | E15: EUR | F15: ='A.II.1.dem'!F93 -> 0
A16: A.III.1. | B16: ZIDARSKI RADOVI (zajednički prostori) ukupno | E16: EUR | F16: ='A.III.1.zid'!F55 -> 0
A17: A.IV. | B17: IZOLATERSKI RADOVI ukupno | E17: EUR | F17: ='A.IV.izo'!F93 -> 0
A18: A.V. | B18: ZEMLJANI RADOVI ukupno | E18: EUR | F18: ='A.V.zem'!F40 -> 0
A19: A. | B19: GRAĐEVINSKI RADOVI UKUPNO: | E19: EUR | F19: =SUM(F14:F18) -> 0
A21: B. | B21: OBRTNIČKI RADOVI
A23: B.I. | B23: LIMARSKI RADOVI ukupno | E23: EUR | F23: ='B.I.lim'!F67 -> 0
A24: B.II.1 | B24: VANJSKA PVC STOLARIJA (zajedničkih prostorija) ukupno | E24: EUR | F24: ='B.II.1. sto'!F75 -> 0
A25: B.III. | B25: ZAVRŠNI ZIDARSKO-FASADERSKI RADOVI ukupno | E25: EUR | F25: ='B.III.zz'!F118 -> 0
A26: B.IV.1. | B26: SOBOSLIKARSKO LIČILAČKI RADOVI (zajednički prostori) ukupno | E26: EUR | F26: ='B.IV.1.lič'!F105 -> 0
A27: B.V. | B27: PODOPOLAGAČKI RADOVI ukupno | E27: EUR | F27: ='B.V.podopol.'!F33 -> 0
A28: B.VI. | B28: BRAVARSKI RADOVI ukupno | E28: EUR | F28: =B.brav!F81 -> 0
A29: B. | B29: OBRTNIČKI RADOVI UKUPNO: | E29: EUR | F29: =SUM(F23:F28) -> 0
B31: A+B UKUPNO: | E31: EUR | F31: =SUM(F19+F29) -> 0

Sheet rekap+stolarija
A5: 1.2. TROŠKOVNIK GRAĐEVINSKO - OBRTNIČKIH RADOVA
A9: REKAPITULACIJA GRAĐEVINSKO - OBRTNIČKIH RADOVA
B10: (stambenih i poslovnih prostorija)
A12: A. | B12: GRAĐEVINSKI RADOVI
A14: A.I.1. | B14: PRIPREMNI RADOVI I SKELA (zajednički prostori) ukupno | E14: EUR | F14: ='A.I.1. pri+skela'!F70 -> 0
A15: A.I.2. | B15: PRIPREMNI RADOVI ukupno (stanovi prostori) | E15: EUR | F15: ='A.I.2.pri'!F19 -> 0
A16: A.II.1. | B16: RUŠENJA I DEMONTAŽE ukupno (zajednički prostori) | E16: EUR | F16: ='A.II.1.dem'!F93 -> 0
A17: A.II.2. | B17: RUŠENJA I DEMONTAŽE ukupno (stanovi) | E17: EUR | F17: ='A.II.2.dem'!F18 -> 0
A18: A.III.1. | B18: ZIDARSKI RADOVI ukupno (zajednički prostori) | E18: EUR | F18: ='A.III.1.zid'!F55 -> 0
A19: A.III.2. | B19: ZIDARSKI RADOVI ukupno (stanovi) | E19: EUR | F19: ='A.III.2.zid'!F18 -> 0
A20: A.IV. | B20: IZOLATERSKI RADOVI ukupno | E20: EUR | F20: ='A.IV.izo'!F93 -> 0
A21: A.V. | B21: ZEMLJANI RADOVI ukupno | E21: EUR | F21: ='A.V.zem'!F40 -> 0
A22: A. | B22: GRAĐEVINSKI RADOVI UKUPNO: | E22: EUR | F22: =SUM(F14:F21) -> 0
A24: B. | B24: OBRTNIČKI RADOVI
A26: B.I. | B26: LIMARSKI RADOVI ukupno | E26: EUR | F26: ='B.I.lim'!F67 -> 0
A27: B.II.1. | B27: VANJSKA ALUMINIJSKA STOLARIJA ukupno (zajedničkih prostorija) | E27: EUR | F27: ='B.II.1. sto'!F75 -> 0
A28: B.II.2. | B28: VANJSKA STOLARIJA ukupno (stanovi ) | E28: EUR | F28: ='B.II.2. sto'!F106 -> 0
A29: B.III. | B29: ZAVRŠNI ZIDARSKO-FASADERSKI RADOVI ukupno | E29: EUR | F29: ='B.III.zz'!F118 -> 0
A30: B.IV.1. | B30: SOBOSLIKARSKO LIČILAČKI RADOVI (zajednički prostori) ukupno | E30: EUR | F30: ='B.IV.1.lič'!F105 -> 0
A31: B.IV.2. | B31: SOBOSLIKARSKO LIČILAČKI RADOVI (stanovi i poslovni prostori) ukupno | E31: EUR | F31: ='B.IV.2.lič'!F17 -> 0
A32: B.V. | B32: PODOPOLAGAČKI RADOVI ukupno | E32: EUR | F32: ='B.V.podopol.'!F33 -> 0
A33: B.VI. | B33: OSTALI RADOVI ukupno | E33: EUR | F33: =B.brav!F81 -> 0
A34: B. | B34: OBRTNIČKI RADOVI UKUPNO: | E34: EUR | F34: =SUM(F26:F33) -> 0
B36: A+B UKUPNO: | E36: EUR | F36: =SUM(F22+F34) -> 0

Sheet opći
B3: OPĆI UVJETI
B5: OPĆI OPIS UZ TROŠKOVNIK
B7: 1. Glavni projekt energetske obnove i pripadni troškovnik temelje se na obavljenom uvidu i izmjeri na postojećoj zgradi. Slojevi konstrukcija definirani u postojećoj projektnoj tehničkoj dokumentaciji i prilikom izmjere, preuzeti su kao stvarno izvedeni. Nevidljivi slojevi konstrukcija, koji nisu definirani postojećom dokumentacijom, pretpostavljeni su temeljem dosadašnjeg iskustva prema vremenu gradnje zgrade. Prije izvedbe potrebno je izvršiti detaljni uvid na licu mjesta te utvrditi slojeve konstrukcije vizualnim ispitivanjem i otvaranjem konstrukcija koje se rekonstruiraju.
B9: 2. Projekt je napravljen na temelju zakonske regulative RH, pravila dobrog zanata i preporuke o cjelovitoj obnovi koju podupiru EU fondovi, u skladu sa svim hrvatskim i europskim tehničkim propisima i normama i priznatim tehničkim pravilima, ili jednakovrijedno. Projekt je definiran potpisanim projektnim zadatkom. Svi materijali navedeni u projektu i troškovniku, moraju odgovarati važećim hrvatskim propisima i normama, ili jednakovrijedno.
B11: 3. Grafički dio (nacrti), tekstualni dio (opći i tehnički), Projekt racionalne uporabe energije i toplinske zaštite zgrade, kao i Program kontrole i osiguranja kvalitete dijelovi su arhitektonskog glavnog projekta, koji zajedno s pripadajućim troškovnikom čine cjelinu projekta energetske obnove zgrade. Projektom energetske obnove dani su osnovni detalji izvedbe.
B13: 4. U fazi izvedbe, zbog činjenice da se radi o obnovi (rekonstrukciji), a ne izgradnji nove zgrade, bit će potrebna dodatna razrada detalja izvedbe u suradnji s izvođačem radova, te ukoliko se nakon uklanjanja pojedinih slojeva i uvida u postojeće slojeve i stanje konstrukcije utvrdi odstupanje odnosno različitost u odnosu na postojeće stanje prikazano projektom obnove, potrebno je napraviti reviziju glavnog projekta. Također, u slučaju nužnosti odstupanja od glavnog projekta iz drugih opravdanih razloga prilikom izvođenja radova potrebno je izraditi izmjene i dopune glavnog projekta.
B15: 5. Odgovarajućim upisom u građevinski dnevnik potrebno je verificirati projektno rješenje ili po potrebi izvršiti korekciju, te ukoliko je potrebno, a ovisno o postojećem stanju konstrukcije, prije izvedbe ETICS sustava, napraviti statičku provjeru vanjskih zidova koja mora biti odobrena od strane inženjera konstrukcije i nadzornog inženjera.
B17: 6. Izvođač je dužan proučiti sve gore navedene dijelove projekta, te u slučaju nejasnoća ili eventualnih odstupanja od stvarnog stanja na terenu, tražiti mišljenje projektanta i nadzornog inženjera. Prije početka radova i izrade ponude izvođač je obavezan kontrolirati na postojećoj zgradi sve potrebne mjere za svoj rad, te obavijestiti projektanta u slučaju nedorečenosti ili nejasnoća. Prilikom izvođenja radova treba paziti da svi detalji budu riješeni u skladu s Tehničkim propisom o racionalnoj uporabi energije i toplinskoj zaštiti u zgradama (NN 128/15, NN 70/18, NN 73/18, 86/18, 102/20)
B20: 7. Preporuka projektanta je izvođenje cjelovitog rješenja energetske obnove zgrade iz sljedećih razloga: 1. tehnički ispravno izvođenje detalja, 2. tehnički ispravan redoslijed izvođenja radova, 3. suzbijanje selektivnih intervencija na pročeljima zgrade, 4. zaštita arhitektonskog djela u smislu estetske i tehničke cjelovitosti oblikovanja, 5. očuvanje i unapređenje bitnih zahtjeva građevine, 6. ušteda sredstava i vremena (u slučaju fazne gradnje pojedini radovi se umnožavaju, kao što su postava skele, limarski radovi i sl.), 7. ostvarivanje tržišnih popusta (cijena pojedinačnog proizvoda manja je što je količina veća), 8. integralna rješenja podupiru se bespovratnim sredstvima iz EU fondova. U slučaju nužnosti odstupanja od glavnog projekta prilikom izvođenja radova potrebno je izraditi izmjene i dopune glavnog projekta te ih uskladiti zahtjevima suvlasnika sukladno pravilima dobrog zanata i inženjerske etike.
B22: 8. Izvođač će se pridržavati svih važećih zakona i propisa i to: Zakona o prostornom uređenju (NN 153/13, NN 65/17, NN 114/18, NN 39/19, 98/19), Zakona o gradnji (NN 153/13, 20/17, 39/19, 125/19), Zakona o državnom inspektoratu (NN 115/18, 117/21), Zakona o zaštiti na radu (NN 71/14, 118/14, N 154/14, 94/18, 96/18), Zakon o zaštiti od buke (NN 30/09, 55/13, 153/13, 41/16, 114/18, 41/21), Zakon o zaštiti od požara (NN 92/10), svih pravilnika koji iz tih zakona proizlaze, kao i svih drugih zakona iz područja gradnje, tehničkih propisa, priznatih tehničkih pravila i hrvatskih normi (HRN), ili jednakovrijedno.
B24: 9. Izvođač će prilikom uvođenja u posao preuzeti nekretninu i obavijestiti nadležne službe o otvaranju gradilišta i početku radova. Od tog trenutka pa do primopredaje zgrade, izvođač je odgovoran za stvari i osobe koje se nalaze unutar gradilišta. Od ulaska na gradilište izvođač je obavezan voditi građevinski dnevnik u kojem bilježi opis radnih procesa i građevinsku knjigu u kojoj bilježi i dokumentira mjerenja, sve faze izvršenog posla prema stavkama troškovnika i projektu. Izvođač će na gradilištu čuvati građevnu dozvolu ukoliko je to zakonom određeno, kao i projektnu dokumentaciju i dati ih na uvid ovlaštenim inspekcijskim službama.
B26: 10. Izvođač će ugraditi projektom predviđen i prema hrvatskim i EU normama atestiran materijal. Sve radove izvest će od kvalitetnog materijala prema opisu, detaljima, pismenim naređenjima, ali sve u okviru ponuđene jedinične cijene. Svi nekvalitetni radovi imaju se otkloniti i zamijeniti ispravnima, bez bilo kakve odštete od strane investitora.
... B55: 25. Nakon naplate okončane situacije izvođač će predati zgradu investitoru ili po investitoru određenom korisniku.

Sheet A.I.1. pri+skela
A2: TROŠKOVNIK GRAĐEVINSKO OBRTNIČKIH RADOVA
A3: A. GRAĐEVINSKI RADOVI / A.I.1. PRIPREMNI RADOVI I SKELA
A4: r.b. | B4: opis stavke | C4: jed. | D4: kol. | E4: jed.cijena | F4: ukupno
A6: A. | B6: GRAĐEVINSKI RADOVI
A9: A.I.1. | B9: PRIPREMNI RADOVI I SKELA (ZAJEDNIČKI PROSTORI)
A11: OPĆI UVJETI
A13: Pri kalkulaciji ponuda ponuđač treba voditi računa da zgrada za vrijeme radova mora biti u funkciji te da se radovi moraju planirati tako da se omogući boravak stanara u svim dijelovima zgrade uz što manje i kraće poremećaje.
A15: Izvođač je dužan pregledati projekt i lokaciju, mogućnosti pristupa parceli i organizacije rada na parceli kako bi mogao dati realnu cijenu za pripremne i ostale radove. Ukoliko izvođač prethodnim uvidom primijeti da je potrebno izvesti još neke pripremne radove, dužan ih je uvrstiti u cijenu putem obračuna u faktoru, jer se naknadni pripremni radovi neće posebno priznavati.
A17: Pripremni radovi koje je izvođač dužan izvesti bez posebnog iskaza troškova ulaze u cijenu zgrade kroz faktor i nisu prikazani u posebnim stavkama troškovnika: - izrada plana organizacije gradilišta, - organizacija i uređenje prilaznih i privremenih prometnica na gradilištu - izgradnja gradilišnih nastambi za radnike, upravu, skladišta, nadstrešnice, - privremeni priključci i razvod vodovoda, električne energije, telefona i ostalih instalacija na gradilištu za potrebe funkcioniranja gradilišta, - organizacija čuvarske i nadzorne službe, radovi na osiguranju gradilišta i radnika, osiguranje za obeštećenja na gradilištu i naknade štete prema trećim osobama - geodetsko snimanje visina i vanjskog terena, - ostali radovi koji po pravilu terete režiju uprave izvođača i koji se ne naplaćuju posebno - troškovi potrebnih ispitivanja materijala i konstrukcija, te ishođenje atesta. Utrošak vode i električne energije za jedinicu proizvoda uključuje se u analizu cijena proizvoda prema normativima utroška, a utrošak za potrebe ureda, gradilišta, pranje vozila i strojeva, rasvjetu gradilišta i ostalo uključuje se u faktor gradilišta.
A19: Dozvolu za korištenje javnih prometnih površina izvođač je dužan zatražiti od nadležnih službi, prema potrebama za organizaciju gradilišta i platiti eventualne takse za ishođenje odobrenja za korištenje površina što je uključeno u faktoru. Izvođač je dužan pridržavati se pravila prometa na javnim prometnicama i unutar gradilišta.
B21: SKELA
A23: Prije izrade ponude za skelu izvođač je dužan pregledati građevinu radi ocjene uvjeta za organizaciju izvedbe radova i stanja pojedinih dijelova građevine na kojima se radovi izvode. Cijevna skela izvodi se od čeličnih elemenata. Oslanjanje skele na nosivu podlogu preko metalnih podložnih papuča; podloga na koju se postavlja fasadna skela mora biti čvrsta i stabilna. Minimalna širina skele iznosi 80 cm.
A25: Skelu udaljiti od ravnine gotovog pročelja za 15-20 cm. Visina zaštitne ograde iznosi 100 cm, a elemente ograde postaviti na max. razmak od 35 cm. U razini radne platforme uz zaštitinu ogradu potrebno je postaviti dasku minimalne visine 20 cm. Visinski razmak između radnih platformi treba prilagoditi horizontalnim elementima pročelja.
A27: Skela mora biti opremljena penjalicama max. dužine 4 m u jednom komadu, postavljenih naizmjenično. Fasadnu skelu potrebno je sa vanjske strane prekriti jutenim zastorom, koji se učvršćuje za konstrukciju skele. Skelu treba od podnožja do vrha, kao i na krajevima, dijagonalno ukrutiti kosnicima pod 45°. Skelu je potrebno osigurati od prevrtanja sidrenjem u samu građevinu. Razmak između točki sidrenja mora biti manji od 6,0 m u horizontalnom i vetikalnom smjeru. Izvedena skela ne smije imati visinu stupova veću od 4 m. Skelu je potrebno uzemljiti i osigurati od udara groma.
A29: Izvođač je dužan prije postavljanja skele predočiti nacrt skele sa statičkim računom na odobrenje. Dužan je ishoditi i suglasnosnost za postavljanje skele- zauzimanje javnoprometne površine. Riješiti zaštitu prolaznika i ulaza u građevinu. Ukoliko za pričvršćenje skele bude potrebno koristiti tuđi prostor, izvoditelj je dužan ishoditi suglasnost investitora.
A31: Sva eventualna oštećenja nastala uslijed vezivanja skele na građevinu izvođač je dužan otkloniti o svom trošku.
A33: Pješački prolaz ispod skele treba izvesti u skladu sa potrebama korisnika, odnosno u skladu s dozvolom za zauzeće javne površine. Sa bočnih strana prolaza se postavlja puna zaštitna ograda minimalne visine od 150 cm. Iznad prolaza treba izvesti oblogu od mosnica, a na vanjskom rubu još i kosu zaštitu pod kutem od 60° visine 60 cm. Pješački prolaz treba biti obilježen propisanom signalizacijom (putokazi, rasvjeta).
A34: U jediničnu cijenu treba uključiti : - sav rad oko postave i skidanja skele, - izradu statičkog računa i nacrta montaže skele, - dostavu svog potrebnog materijala za postavu skele te čišćenje i odvoz istog nakon skidanja, - postavu svjetlosne signalizacije i njeno održavanje, - amortizaciju materijala za vrijeme izvođenja svih radova na pročelju, - sve društvene obveze vezane za radnu snagu i materijal, - održavanje skele za vrijeme trajanja radova, - pripremno-završne radove, - naknada za zauzimanje javno-prometne površine. Amortizacija skele obračunava se za vrijeme gradnje, a skelu mogu koristiti svi izvođači bez posebne nadoplate. Potrebno je terminskim planom uskladiti sve aktivnosti da se izbjegne međusobno ometanje pojedinih izvođača. Svi materijali za izradu skele moraju odgovarati važećim hrvatskim propisima i normama, ili jednakovrijedno.
A36: Prilikom izrade fasadnih skela potrebno se pridržavati propisa zaštite na radu po pitanjima radnih ploha, zaštitnih ograda i prilaza. Materijal za izradu skela mora biti potpuno ispravan. Odgovorna osoba dužna je izvršiti pregled materijala prije ugradnje. Skele moraju biti izvedene po mjerama i na način označen u statičkom računu i nacrtima skele. Izvedene skele moraju biti sposobne podnijeti predviđeno opterećenje i moraju biti stabilne. Fasadne skele obračunavaju se po m² projekcije skele u ravnini pročelja, mjereno po vanjskom rubu i 1 m nad najvišom površinom.
A38: 1. | B38: Čišćenje i raščišćavanje terena
B39: Čišćenje i raščišćavanje terena oko zgrade cca 2-3 m kao radno-manipulativne površine, a prije početka radova na rušenjima i demontaži. Stavka uključuje sva čišćenja od smeća i otpadnog materijala, obrezivanje grmlja i stabala koji svojom pozicijom i volumenom ometaju izvođenje planiranih radova, zaštitu popločenih površina staza oko zgrade, kao i ostale nespecificirane radove, zajedno s utovarom, odvozom, istovarom i deponiranjem otpadnog materijala na odlagalištu udaljenom 20 km. Obračun po m² obrađene površine.
B40: teren oko zgrade | C40: m² | D40: 775 | F40: =D40*E40 -> 0
A42: 2. | B42: Priprema gradilišta
B43: Priprema gradilišta uključuje zaštitu zgrade izvana i iznutra od oštećenja tijekom radova, osiguranje koridora za prolaz korisnika zgrade s pripadajućom zaštitom od šute i prašine, te osiguranje okoline kojoj se spriječava prilaz nezaposlenih tijekom radova. Sav prostor za vrijeme i nakon rušenja i demontaža, te prilikom izvođenja novih konstrukcija, zaštititi od vremenskih nepogoda (vlaženja, prokišnjavanja, rashlađivanja), te osigurati i zaštititi od ostalih uvjeta koji bi mogli ometati izvođenje radova vezanih za postojeće instalacije (vodovod, odvodnja, grijanje, ventilacija, elektrika, plin i drugo). Sve radove treba izvoditi sukladno propisanim higijensko tehničkim mjerama zaštite na radu.
B44: Stavka obuhvaća pregled, kontrolu mjera i veličina postojećeg stanja građevinske konstrukcije zgrade, pregled postojećeg stanja opreme, instalacija, te utvrđivanje točnih koridora instalacija u objektu i izvan objekta. Pripremne radove je obavezan izvršavati izvođač radova prije nego pristupi izvođenju i za vrijeme izvođenja radova. U pripremne radove uključiti i pregled projektne dokumentacije s pripadajućim troškovnicima, a o svim nejasnoćama ili neusklađenostima pravovremeno izvjestiti investitora i projektanta. Obračun za izvođenje kompletnih pripremnih radove iz opisa stavke, po paušalnoj procjeni.
C45: komplet | D45: 1 | F45: =D45*E45 -> 0
A47: 3. | B47: Fasadna skela
B48: Doprema, montaža, demontaža i otprema cijevne fasadne skele, visine 1,0 m iznad gornjeg ruba vijenca, odnosno zabata krova. Skelu izraditi prema važećim propisima i općim uvjetima. Skela mora biti izvedena prema pravilima struke; u stavku su uključene radne platforme i zaštitne ograde, sva potrebna ukrućenja i sidrenja, penjalice, te uzemljenje. Cijenom je obuhvaćena dobava i postava jutenih ili plastificiranih traka na vanjski dio skele, kao zaštita od pada predmeta, prašenja i sl., sve fiksirano za konstrukciju skele. Prije izvedbe skele izvođač je dužan izraditi projekt skele, što je u cijeni stavke. Sve u skladu sa važećim propisima ZNR. Obračun po m² ortogonalne projekcije skele.
B49: fasadna skela do 20 metara | C49: m² | D49: 2528 | F49: =D49*E49 -> 0
A51: 4. | B51: Priprema pročelja za izvedbu klasificiranog ETICS sustava
B52: Stavka uključuje pripremu podloge za izradu novog ETICS sustava toplinske izolacije pročelja na bazi mineralne vune: otucanje žbuke koja se odvaja od zidova, krpanje svih pukotina u zidovima i stropovima, izravnavanje većih neravnina i oštećenja fasade reparaturnim polimercementnim mortom, te pranje i paropropusnu impregnaciju žbuke pročelja. Podloga na koju će se nanositi ETICS mora biti čista, čvrsta, nosiva, bez ostataka prljavštine, sipkih dijelova i sl. Prije nanošenja toplinske izolacije potrebno je provjeriti prionjivost morta za lijepljenje na postojeću podlogu. Stavka uključuje zaštitu stolarije i drugih elemenata koji se ne uklanjaju te prostora u zgradi PVC folijom od šute i prašine, horizontalni i vertikalni transport šute i materijala po gradilištu, prijenos i odvoz otpadnog materijala i šute na deponij udaljen 20 km. Obračun za kompletan rad, materijal i sve transporte je po m² kompletno obrađene i pripremljene površine pročelja. Otvori se odbijaju u cijeloj površini.
B53: svi AB zidovi i zabati i žbukana čela zidova | C53: m² | D53: 1910 | F53: =D53*E53 -> 0
A55: 5. | B55: CCTV snimanje postojećih slivničkih vertikala -oborinskih cjevovoda za odvod krovnih voda s postojećeg ravnog krova robot kamerama
B56: Ispitivanje i vizualno kodiranje stanja snimanjem daljinski upravljanom CCTV kamerom – za snimanje kanalizacijskih cjevovoda kamerom Norma: HRN EN 13508-2:2011 ( EN 13508-2:2003+A1:2011 ili jednakovrijedno)
B57: CCTV inspekcija vrši se specijaliziranim digitalnim robot-kamerama u svrhu:
B58: – utvrđivanja stvarnog stanja cjevovoda
B59: – lociranja propuštanja cjevovoda
B60: – traženja uzroka začepljenja cijevi
C61: kom | D61: 6 | F61: =D61*E61 -> 0
A63: 6. | B63: Priprema špaleta za RAL ugradnju zajedničkih prozora i vrata
B64: Obrada špaleta prozora i vrata kao priprema za RAL ugradnju nakon demontaže postojeće i prije ugradnje nove stolarije: sanacija pukotina špaleta konstrukcijskim reparaturnim polimercementnim mortom, krpanje oštećenja na zidovima produžnim mortom, te izravnavanje većih neravnina grubom produžnom žbukom, uz adekvatnu pripremu. Špaletu pripremiti i otprašiti za pravilno ljepljenje traka za RAL ugradnju prema uputama proizvođača. Stavka uključuje horizontalni i vertikalni transport šute i materijala po gradilištu, prijenos i odvoz otpadnog materijala i šute na deponij udaljen 20 km. Obračun po komadu otvora.
B65: pozicija stolarske stavke ST1a/1b - dim. 61/61 cm | C65: kom | D65: 66 | F65: =D65*E65 -> 0
B66: pozicija stolarske stavke ST2 - dim. 271/121 cm | C66: kom | D66: 3 | F66: =D66*E66 -> 0
B67: pozicija stolarske stavke ST3 - dim. 81/221 cm | C67: kom | D67: 6 | F67: =D67*E67 -> 0
F68: =SUM(F65:F67) -> 0
A70: A.I.1. | B70: PRIPREMNI RADOVI I SKELA UKUPNO (ZAJEDNIČKI PROSTORI): | E70: EUR | F70: =F68+F53+F49+F45+F40+F61 -> 0

Sheet A.I.2.pri
A2: TROŠKOVNIK GRAĐEVINSKO OBRTNIČKIH RADOVA
A3: A. GRAĐEVINSKI RADOVI / A.I.2. PRIPREMNI RADOVI (STAMBENE PROSTORIJE)
A4: r.b. | B4: opis stavke | C4: jed. | D4: kol. | E4: jed.cijena | F4: ukupno
A6: A. | B6: GRAĐEVINSKI RADOVI
A9: A.I.2. | B9: PRIPREMNI RADOVI (STANOVI)
A11: 1. | B11: Priprema špaleta za RAL ugradnju prozora i vrata loggia
B12: Obrada špaleta prozora i vrata loggia kao priprema za RAL ugradnju nakon demontaže postojeće i prije ugradnje nove stolarije: sanacija pukotina špaleta konstrukcijskim reparaturnim polimercementnim mortom, krpanje oštećenja na zidovima produžnim mortom, te izravnavanje većih neravnina grubom produžnom žbukom, uz adekvatnu pripremu. Špaletu pripremiti i otprašiti za pravilno ljepljenje brtvenih traka za RAL ugradnju prema uputama proizvođača. Stavka uključuje horizontalni i vertikalni transport šute i materijala po gradilištu, prijenos i odvoz otpadnog materijala i šute na deponij. Obračun po komadu otvora.
B13: pozicija stolarske stavke ST4 - dim. 81/157 cm | C13: kom | D13: 18 | F13: =D13*E13 -> 0
B14: pozicija stolarske stavke ST5a/b - dim. 181/157 cm | C14: kom | D14: 8 | F14: =D14*E14 -> 0
B15: pozicija stolarske stavke ST6a/b -dim. 81x237/130x157 cm | C15: kom | D15: 15 | F15: =D15*E15 -> 0
B16: pozicija stolarske stavke ST7a/b -dim. 130x157/141x2,37 cm | C16: kom | D16: 16 | F16: =D16*E16 -> 0
F17: =SUM(F13:F16) -> 0
A19: A.I.2. | B19: PRIPREMNI RADOVI (STANOVI) | E19: EUR | F19: =F17 -> 0

Sheet A.II.1.dem
A2: TROŠKOVNIK GRAĐEVINSKO OBRTNIČKIH RADOVA
A3: A. GRAĐEVINSKI RADOVI / A.II.1. RUŠENJA I DEMONTAŽE
A4: r.b. | B4: opis stavke | C4: jed. | D4: kol. | E4: jed.cijena | F4: ukupno
A7: A.II.1. | B7: RUŠENJA I DEMONTAŽE (ZAJEDNIČKI PROSTORI)
A9: OPĆI UVJETI
A11: Projekt energetske obnove zgrade izrađen je temeljem mogućih izmjera i pretpostavljenih zidnih, stropnih i krovnih slojeva. Dužnost je izvođača da sondiranjem utvrdi stvarni sastav konstrukcija i u slučaju odstupanja sastava upozori nadzornog inženjera i investitora na odstupanje.
A13: Prije početka radova potrebno je konstrukcije u koje ne zadiru radovi zaštititi od mogućeg oštećenja. Sve otvore na pročeljima zgrade treba odmah nakon postave skele zaštititi PVC folijom debljine 0,20 mm kako ne bi došlo do njihovog oštećenja.
A15: Nakon provedenih pripremnih radova, svih potrebnih rasterećenja i potrebnih osiguranja, rušenja na građevini vrše se prema unaprijed utvrđenom redoslijedu dogovorenim s nadzornim inženjerom na način kojim se ne ugrožava stabilnost zgrade, sigurnost radnika i ljudi koji borave u zgradi. Demontaže i rušenja izvode se u pravilu od krova prema podrumu/prizemlju.
A17: Sva rušenja i demontaže konstruktivnih elemenata treba izvršiti pod nadzorom projektanta. Kod vršenja proboja ili vođenja instalacija u nosivim konstrukcijama zahvat vršiti maksimalno precizno bez narušavanja nosivih svojstava konstrukcije. Prilikom zahvata na nosivim konstrukcijama obavezno je podupiranje. Sva rušenja, probijanja, bušenja i dubljenja treba u pravilu izvoditi ručnim alatom bez upotrebe vibracionih uređaja, s osobitom pažnjom.
A19: Demontažu i ponovnu montažu gromobrana, uz atestiranje, izvođač treba izvoditi prema Tehničkom propisu za sustave zaštite od djelovanja munje na građevinama (NN 87/08, 33/10).
A21: U cijenu radova trebaju biti uključene sve podupore, skele i privremene (zamjenske) konstrukcije, koje osiguravaju stabilnost u toku radova, svi horizontalni i vertikalni prijenosi materijala od rušenja i demontaže, i odvoz na gradsku planirku. U cijenu radova je uključeno i sigurno zbrinjavanje opasnih materijala (azbest, freoni). Ukoliko se uklanjaju elementi koji sadrže azbest to se mora učiniti u skladu s Pravilnikom o načinu i postupcima i gospodarenjem otpadom koji sadrži azbest (NN 42/07).
A23: Demontaža i privremeno deponiranje pločica sa kućnim brojem, natpisnih ploča, vanjskih jedinica rashladnih uređaja, gromobrana, strujnih ormarića i sl. uključuje njihovu sigurnu pohranu na gradilištu ili kod vlasnika. Izvođač snosi sve troškove ponovne dobave ili izrade pojedinih elemenata u slučaju oštećenja ili otuđenja sa gradilišta. Demontažu postojećih limenih elemenata, uključujući i prozorske klupčice na pročelju obavezno izvodi limar koji je dužan uzeti mjere i uzorke te snimiti detalje izvedbe, što je uključeno u cijenu stavke. Demontažu i ponovnu montažu postojećih vanjskih jedinica rashladnih uređaja na pročelju izvodi ovlašteni instalater. Demontažu i ponovnu montažu postojećeg gromobrana, strujnih ormarića i sl. na pročelju izvodi ovlaštena osoba.
A25: U slučaju nastalih šteta, radi nepravodobno zaštićene lokacije na kojoj se vrše rušenja i demontaže, sve troškove nastalih šteta snosi izvođač. Izvođač je dužan striktno se držati mjera zaštite na radu.
A27: 1. | B27: Demontaža i ponovna montaža montažnih elemenata na pročelju i krovu
B28: Demontaža, privremeno uklanjanje i ponovna montaža postojećih TV antena, kablova i pripadajućih kanalica, rasvjetnih tijela, razvodnih ormarića, i sl. sa svih pročelja i krova. Sve demontirane elemente potrebno je sigurno pohraniti na gradilištu. Nakon radova rušenja i demontaže kablove je potrebno ugraditi podžbukno u nove kanalice, a nakon izvedbe pročelja upotrebljive demontirane elemente potrebno je ponovno montirati, a neupotrebljive elemente odvesti na deponij udaljen 20 km. Otpajanje i ponovno spajanje svih vodova, uzemljenja i sl. vrši ovlaštena stručna osoba. Provjeriti točan broj prije nuđenja. Obračun po komadu.
C29: kom | D29: 20 | F29: =D29*E29 -> 0
A31: 2. | B31: Demontaža i ponovna montaža instalacijskog ormarića
B32: Demontaža i ponovna montaža strujnih, plinskih i drugih instalacijskih ormarića. radi izvedbe novog pročelja, uključujući otpajanje, prilagodbu i ponovno spajanje svih vodova, uzemljenja i sl. Demontažu i ponovnu montažu vrši ovlaštena osoba. Obračun za izvođenje kompletnih pripremnih radove iz opisa stavke, po komadu.
C33: kom | D33: 3 | F33: =D33*E33 -> 0
A35: 3. | B35: Demontaža limenih i PVC elemenata na pročelju
B36: Demontaža postojećih opšavnih limova nadozida krova, opšavnih limova ograda i PVC okapnica, spuštanje i deponiranje uz građevinu. Demontirati kompletno, uključivo pričvrsno spojni pribor (nosači,"klameri", drvene kajle i sl.), kao i lagano odštemavanje djela žbuke koja prelazi preko limenog opšava. Predvidjeti i odvoz na deponij. U stavku je uključen i prijenos i odvoz otpadnog materijala i šute na deponiju na udaljenosti do 20 km. Demontažu postojećih limenih elemenata obavezno izvodi limar koji je dužan uzeti mjere i uzorke te snimiti detalje izvedbe u skladu s glavnim projektom, što je uključeno u cijenu stavke. Ponovna izrada i montaža, odnosno zamjena dotrajalih dijelova novim, opisana je u limarskim radovima. Obračun po m¹.
B37: kape na parapetu balkona, r.š. cca 15 cm | C37: m¹ | D37: 110 | F37: =D37*E37 -> 0
B38: kape na rubnom zidu neprohodnog ravnog krova, r.š. cca 25 cm | C38: m¹ | D38: 136.5 | F38: =D38*E38 -> 0
F39: =SUM(F37:F38) -> 0
A41: 4. | B41: Demontaža vanjskih limenih i pvc klupčica
B42: Demontaža vanjskih prozorskih pvc klupčica i klupčica od pocinčanog lima 0,55 mm razvijene širine cca 20 cm. Stavka uključuje sav potreban rad, alat, prijenos i odlaganje na deponij na udaljenostid do 20 km. Obračun se vrši po m¹.
C43: m¹ | D43: 367 | F43: =D43*E43 -> 0
A45: 5. | B45: Demontaža vrata i prozora zajedničkih prostora stubišta
B46: Demontaža ulaznih vrata i prozora stubišta. Dimenzije su izražene u zidarskim (građevinskim mjerama). Uključen sav transport i zbrinjavanje otpada na deponiju udaljenom do 20 km. Obračun po komadu stolarske stavke.
B47: pozicija stolarske stavke ST1a/1b - dim. 61/61 cm | C47: kom | D47: 66 | F47: =D47*E47 -> 0
B48: pozicija stolarske stavke ST2 - dim. 271/121 cm | C48: kom | D48: 3 | F48: =D48*E48 -> 0
B49: pozicija stolarske stavke ST3 - dim. 81/221 cm | C49: kom | D49: 6 | F49: =D49*E49 -> 0
F50: =SUM(F47:F49) -> 0
A52: 6. | B52: Demontaža i ponovna montaža postojećeg gromobrana
B53: Demontaža postojeće gromobranske instalacije i ponovna montaža gromobranske instalacije, koja povezuje sustav hvataljki i sustav uzemljenja. Instalacija nakon rekonstrukcije mora zadovoljavati propise koje je zadovoljavala i prije rekonstrukcije (atest). Izložene podzemne segmente gromobranskog profila zaštiti bitumenskim premazom (bitumenskim lakom). U stavku je uključeno prethodno ispitivanje sustava, kompletan vertikalni i horizontalni transport, sva potrebna prilagođavanja i produljenja za potpuno funkcionalnu izvedbu stavke, te kompletno zbrinjavanje otpadnog materijala i šute. Obračun po m¹ ugrađene gromobranske trake.
C54: m¹ | D54: 390 | F54: =D54*E54 -> 0
A56: 7. | B56: Prilagodba sustava zaštite od munje sa ugradnjom ormarića za mjerni spoj
B57: Prilagodba postojeće gromobranske instalacije zbog izvedbe ETICS sustava. Dobava i montaža pocinčanog ormarića za mjerni spoj veličine 230x180x90 namjenjenog za smještaj mjernoga mjesta unutar zida. Sastavljen je od plastične kutije veličine 185x135x50 otporne na atmosferske utjecaje i poklopca ormarića izrađenog od Fe-Zn ili AiSi koji može biti i elektrostatski plastificiran. Kutija se ugrađuje u zid objekta 4-8 cm od površine novoizvedene fasade. Poklopac se montira nakon završetka fasaderskih radova distantnim vijcima. Prošireni okvir pokriva ostavljeni otvor a distantni vijci omogučavaju pritezanje okvira u rasponu od 4-8 cm. Izraditi prema propisima i standardima. Instalacija nakon rekonstrukcije mora zadovoljavati propise koje je zadovoljavala i prije rekonstrukcije (atest). Izložene podzemene segmente gromobranskog profila zaštiti bitumenskim premazom (bitumenskim lakom). U stavku je uključen kompletan vertikalni i horizintalni transport, sva potrebna prilagođavanja i produljenja za potpuno funkcionalnu izvedbu stavke. Obračun po komadu za ugrađene ormariće.
C58: kom | D58: 8 | F58: =E58*D58 -> 0
A60: 8. | B60: Demontaža i ponovna montaža rasvjetnih tijela i instalacija u razizemlju
B61: Demontaža i ponovna montaža rasvjetnih tijela, te izmiještanje (spuštanje) električnih instalacija na stropovima podruma i stubišta uz potrebne prilagodbe zbog oblaganja stropova toplinskom izolacijom. U stavku je uključen prijevoz i odvoz otpadnog materijala i šute na deponiju udaljenu do 20 km. Obračun za izvođenje kompletnih pripremnih radove iz opisa stavke, po kom. Prema potrebi, uključena je i demontaža i montaža/zamjena nadžbuknog kabela za napajanje).
C62: kom | D62: 30 | F62: =D62*E62 -> 0
A64: 9. | B64: Potkraćivanje drvenih pregrada u spremištima podruma
B65: Potkraćivanje svako druge drvene letvice na pregradama u podrumu te ispuna utora između letvica sa mineralnom vunom do potpune gotovosti, odnosno do završne obrade unutarnjom disperzivnom bojom u bijeloj boji. U stavku je uključen sav rad, transport i zbrinjavanje otpada.
B66: Obračun po m' tlocrtne projekcije pregrade. | C66: m¹ | D66: 155 | F66: =D66*E66 -> 0
A68: 10. | B68: Uklanjanje postojećih slojeva poda i montažnih stuba od brušenog terazza na vanjskom stubištu.
B69: Uklanjanje postojećih slojeva poda od brušenog terazza ukupne debljine cca 2-3 cm i uklanjanje postojećih montažnih ploča vanjskog stubišta (dim. 140X30X5cm). Postojeću površinu podne konstrukcije očistiti što je u cijeni kao i svi transporti i odvoz materijala na građevinsku deponiju na udaljenost do 20 km.
B70: slojevi poda | C70: m2 | D70: 16 | F70: =D70*E70 -> 0
B71: montažne stube | C71: kom | D71: 18 | F71: =D71*E71 -> 0
F72: =F70+F71 -> 0
A74: 11. | B74: Skidanje sloja šljunka i ostalih elemenata sa ravnog neprohodnog krova - oznaka RK1, RK1.1
B75: Skidanje sloja šljunka sa neprohodnog krova, radi izvedbe novih slojeva krova. Stavka uključuje demontažu vodolovnih grla i rešetki, te odzračnih cijevi kanalizacije i ventilacije.
B76: Sav skinuti ili srušeni materijal sortirati, složiti i transportirati na deponij udaljen 20 km. Sagledati mogućnost ponovnog korištenja pojedinih elemenata kao što su vodolovna grla, ventilacione cijevi i sl.
B77: Sve radove izvoditi pažljivim rezanjem i bez vibracija kako se ne bi oštetile okolne konstrukcije, nosiva konstrukcija međukatne ploče te završni slojevi zidova, stropova i podova. Sve izvoditi u skladu s propisanim higijensko-tehničkim mjerama zaštite na radu, s potrebnim radnim skelama i podupiranjima i pod nadzorom stručne osobe. Sav prostor nakon rušenja zaštititi od vremenskih nepogoda (vlaženje, prokišnjavanje, rashlađivanje i ostalo).
B78: Nakon izvršenih radova, sav radni prostor očistiti. Obračun za kompletne radove uklanjanja šljunka sa ravnog krova je po m², uključujući i radove na demontaži vodolovnih grla, rešetki ili ventilacionih cijevi, uključivo svi radovi transporta otpadnog materijala na deponij udaljen 20 km. Sav demontirani iskoristivi materijal sortirati, zaštititi od oštećenja i predati investitoru.
B79: prohodni krov RK1, RK 1.1. | C79: m² | D79: 660 | F79: =D79*E79 -> 0
A81: 12. | B81: Demontaža i ponovna montaža split rashladnih uređaja
B82: Demontaža i ponovna montaža split uređaja na pročelju zgrade. Stavkom je obuhvaćeno sigurno prikupljanje radne tvari, demontaža pričvrsnih elemenata i izvedba nove instalacije te postavljanje vanjske jedinice na mjesto definirano rješenjem pročelja (na fronte parapeta loggia, sve u liniji - jedan iznad drugog). Postojeće jedinice koje su demontirane se vraćaju, a za ostale stanove se montira nosač vanjske klima jedinice kako ne bi došlo do naknadnog bušenja fasade te kako bi se ostvario jedinstven izgled pročelja. Montažu vanjske jedinice izvršiti tipskim ovjesnim elementima (tvornički proizveden Tip: 16/170 M12, Količina punjenja u jedinicama po skali: Beton 9; šuplji blok 40 , Dubina bušenja (mm): tfix + 125mm, tfix korisna duljina maks. (mm): 60-170, hef min. sidrenje (mm): Beton 125; šuplji blok 200, d0 tipla=bušenje ø (mm): Beton 18; šuplji blok 20, Materijal: nehrđajući čelik) . Predvidjeti nove nosače od nehrđajućeg čelika koji se sidri u nosivi dio zida. Punjenje sistema odgovarajućom rashladnom tvari i montažu vrši ovlaštena osoba. na način da se, tamo gdje uvjeti to dopuštaju, vanjske jedinice postave na vlastite lođe. Stavka uključuje i zbrinjavanje skinutih elemenata na otpadu. Obračun se vrši po komadu demontiranog odnosno montiranog split uređaja, odnosno nosača za uređaj, te metru dužnom produljenja ili nove instalacije - kanala. U stavku je uračunato punjenje postojećih uređaja plinom po potrebi po montaži.
B83: Izmještanje i ponovna montaža izvrši će se u skladu s postojećom regulativom i shemom pozicija koju odobri projektant prije ponovne montaže. Bilo kakva ugradnja prije odobrenja nije dozvoljena.
B84: (provjeriti točan broj prije nuđenja) split uređaji | C84: kom | D84: 23 | F84: =D84*E84 -> 0
B85: nosači bez split uređaja - priprema za njihovo postavljanje (kom = par nosača s montažom i svim potrebnim pričvrsnim sredstvima) | C85: kom | D85: 45 | F85: =D85*E85 -> 0
B86: cijev za odvodnju kondenzata | C86: m¹ | D86: 180 | F86: =D86*E86 -> 0
F87: =F84+F86+F85 -> 0
A89: 13. | B89: Ispitivanje instalacija
B90: Ispitivanje gromobranskih instalacija, električnih instalacija, instalacija 'SPLIT' sustava i drugih instalacija nakon izvedbe nove fasade i novog krova i ponovne montaže istih, zajedno s izdavanjem uvjerenja o sigurnom funkcioniranju kod upotrebe.
C91: komplet | D91: 1 | F91: =D91*E91 -> 0
A93: A.II.1. | B93: RUŠENJA I DEMONTAŽE UKUPNO (ZAJEDNIČKI PROSTORI): | E93: EUR | F93: =F91+F87+F79+F72+F66+F62+F58+F54+F50+F43+F39+F33+F29 -> 0

Sheet A.II.2.dem
A2: TROŠKOVNIK GRAĐEVINSKO OBRTNIČKIH RADOVA
A3: A. GRAĐEVINSKI RADOVI / A.II.2. RUŠENJA I DEMONTAŽE (STAMBENE PROSTORIJE)
A4: r.b. | B4: opis stavke | C4: jed. | D4: kol. | E4: jed.cijena | F4: ukupno
A7: A.II.2. | B7: RUŠENJA I DEMONTAŽE (STANOVI)
A10: 1. | B10: Demontaža i zbrinjavanje postojećih prozora grijanih prostorija stanova
B11: Demontaža postojećih prozora i balkonskih vrata u stanovima koji se mijenjaju, uključujući i prozorske klupčice, pragove i kutije za flos ili eslinger roletu. Dimenzije su izražene u zidarskim (građevinskim mjerama). Uključen sav transport i zbrinjavanje otpada na deponiju udaljenom 20 km. Obračun po komadu stolarske stavke.
B12: pozicija stolarske stavke ST7 - dim. 81/157 cm | C12: kom | D12: 18 | F12: =D12*E12 -> 0
B13: pozicija stolarske stavke ST5a/b - dim. 181/157 cm | C13: kom | D13: 8 | F13: =D13*E13 -> 0
B14: pozicija stolarske stavke ST6a/b -dim. 81x237/130x157 cm | C14: kom | D14: 15 | F14: =D14*E14 -> 0
B15: pozicija stolarske stavke ST7a/b -dim. 130x157/141x2,37 cm | C15: kom | D15: 16 | F15: =D15*E15 -> 0
F16: =SUM(F12:F15) -> 0
A18: A.II.2. | B18: RUŠENJA I DEMONTAŽE UKUPNO (STANOVI): | E18: EUR | F18: =F16 -> 0

Sheet A.III.1.zid
A2: TROŠKOVNIK GRAĐEVINSKO OBRTNIČKIH RADOVA
A3: A. GRAĐEVINSKI RADOVI / A.IV.1. ZIDARSKI RADOVI (ZAJEDNIČKE PROSTORIJE)
A4: r.b. | B4: opis stavke | C4: jed. | D4: kol. | E4: jed.cijena | F4: ukupno
A7: A.IV.1 | B7: ZIDARSKI RADOVI (ZAJEDNIČKI PROSTORI)
A9: OPĆI UVJETI
A11: Opći uvjeti su sastavni dio svake pojedine stavke. Sve što je navedeno u njima, a nije u pojedinačnom opisu stavke smatra se uključenim u jediničnu cijenu.
A13: Sve radove izvođač mora izvoditi prema troškovniku i glavnom projektu, solidno i stručno, prema pravilima dobrog zanata, Pravilniku o tijelima, dokumentaciji i postupcima tržišta građevnih proizvoda (NN 118/19), Pravilniku o tehničkim normativima za projektiranje i izvođenje završnih radova u građevinarstvu (Sl.list SFRJ 21/90), Tehničkim propisom za građevinske konstrukcije (NN 17/17, 75/20, 7/22 - uz prikladne norme HRN EN 1990 ili jednakovrijedno _________________,HRN EN 1991 ili jednakovrijedno _________________, HRN EN 1996 ili jednakovrijedno _________________, HRN EN 1997 ili jednakovrijedno _________________ i HRN EN 1998 ili jednakovrijedno _________________, NN 75/20), Tehničkim propisom o racionalnoj uporabi energije i toplinskoj zaštiti u zgradama („Narodne novine“ broj 128/15, 70/18., 73/18, 86/18, 102/20) sa pripadajućim normama, Tehničkim propisom o građevnim proizvodima (NN 35/18, 104/19), te svim ostalim hrvatskim i europskim tehničkim propisima i normama i priznatim tehničkim pravilima, ili jednakovrijedno, a osobito :
A15: EN 1015-7 ili jednakovrijedno _________________, zapreminska masa i poroznost svježeg morta EN 1015-3 ili jednakovrijedno _________________, konzistencija svježeg morta EN 1015-11, tlačna i savojna vlačna čvrstoća morta EN 771-1 ili jednakovrijedno _________________, EN 772-1 ili jednakovrijedno _________________, EN 7723 ili jednakovrijedno _________________, EN 772-13 ili jednakovrijedno _________________, EN 772-16 ili jednakovrijedno _________________, HRN EN 14063-1:2008 ili jednakovrijedno _________________, tlačna čvrstoća opeke, na mjestu primjene oblikovani proizvodi od lakoagregatne eksp. gline
A17: HRN B.C1.030, B.C8.030 ili jednakovrijedno _________________, građevinski gips HRN B.C1.020, B.C8.030 ili jednakovrijedno _________________, građevinsko vapno HRN B.C8.015,022 – 026 ili jednakovrijedno _________________, cement HRN B.C8.011 ili jednakovrijedno _________________, portland cement HRN B.C8.030 ili jednakovrijedno _________________, pijesak HRN U.M2.010, U.M2.012 ili jednakovrijedno _________________, mortovi HRN U.F2.010 ili jednakovrijedno _________________, tehnički normativi za izvođenje fasaderskih radova
A19: HRN EN 1008, HRN EN 13139;2003+AC;2006 ili jednakovrijedno _________________, voda i pijesak HRN EN 197-1:2012 ili jednakovrijedno _________________, cement HRN EN 459-1:2015 ili jednakovrijedno _________________, vapno
A21: Svi upotrebljeni materijali za izvedbu zidarskih radova moraju odgovarati navedenim propisima i normama. Izvođač mora prije izvedbe izvršiti pregled podloge te prodora u zidu prema nacrtu u prisutnosti nadzornog inženjera te upisati napomenu u građevinski dnevnik. Navedene radnje uključene su u jediničnu cijenu.
A23: Izvođač je dužan osigurati i zaštititi sve dijelove građevine na kojima se izvode radovi, radi sprečavanja oštećenja tijekom izvedbe. Sva oštećenja na dijelovima na kojima se ne izvode radovi ili koja su nastala nepažnjom izvođača isti je dužan otkloniti o vlastitom trošku.
A25: Sav rad i transport vrši se isključivo sa vanjske strane građevine, tj. preko skele. Zidarsko-fasaderski radovi se izvode na dobro očišćenoj i otprašenoj površini zida te ih treba izvoditi samo u povoljnim vremenskim uvjetima, uz odgovarajuće osiguranje i zaštitu svježe ožbukanih površina od štetnog utjecaja djelovanja sunca i oborina. Sve detalje izvedbe na pročelju potrebno je dogovoriti i na njih ishoditi suglasnost nadzornog inženjera, a prije pristupanja izvedbi radova. Obračun svih radova vršiti kako je to naznačeno u opisu stavke.
A27: Prilikom izvođenja zidova zgrada izvođač se mora pridržavati slijedećih mjera: - zidanje se mora izvoditi sa pravilnim zidarskim vezovima, a preklop mora iznositi najmanje jednu četvrtinu dužine zidnog elementa, - debljina ležajnica ne smije biti veća od 15 mm, a širina sudarnica ne smije biti manja od 10 mm niti veća od 15 mm, - ako se zida za vrijeme zime treba zidove zaštiti od mraza, - zidovi čije izvođenje nije završeno prije nastupanja zimskih mrazova moraju se zaštiti na odgovarajući način, - svako naknadno bušenje ili izrada užljebina u zidovima zgrade koje nije bilo predviđeno projektom, može se izvoditi samo ako je prethodnim statičkim proračunom utvrđeno da nosivost zida poslije tog bušenja odnosno izrade žlijeba nije manja od propisane nosivosti. - poprečni i uzdužni zidovi moraju na spoju biti međusobno povezani zidarskim vezom, tj. za pregradne zidove treba ispustiti zupce u masivnom zidu na svaki drugi red za ½ opeke. - zidove uz vertikalni serklaž također zupčasto izvesti. - vanjske fuge ostaviti prazne od 1,5 do 2 cm za vezu žbuke prigodom žbukanja zidova. - za vrijeme zidanja opeku kvasiti vodom, a pri zidanju cementnim mortom opeka mora ležati u vodi neposredno prije zidanja - reške dimnjaka i ventilacionih kanala zagladiti. - prilikom zidanja pravovremeno ostaviti otvore prema zidarskim mjerama, voditi računa o uzidavanju pojedinih građevinskih elemenata, o ostavljanju žljebova za kanalizaciju, za centralno grijanje ako su ucrtani (ne plaća se posebno, ulazi u jediničnu cijenu)
A29: Posebno se ne naplaćuje ni zatvaranje (žbukanje šliceva, žljebova i sl.) iza položene instalacije. Zazidavanje (zatvaranje) žljebova u zidovima ostavljenih za instalacije kanalizacije i grijanja nakon izvođenja tih instalacija, opekom, rabicom ili na drugi način, ne plaća se posebno, ukoliko troškovnikom nije posebno propisano. Obračun nosivih zidova, stupova i dimnjaka je zapreminski (m3), pregradnih zidova i žbuka površinski (m2).
A31: Žbukati tek kada se zidovi osuše i slegne zgrada. Ne smije se žbukati kad postoji opasnost od smrzavanja ili ekstremno visokih temperatura 30° ili više. Zidovi moraju biti prije žbukanja čisti, a fuge udubljene, da se žbuka može dobro primiti.
... A38: Izvođač će pristupiti izvedbi završnih zidarskih radova tek nakon što projektant potpisom potvrdi tehnološku razradu svih detalja.
A39: 1. | B39: Popravci žbuke nakon ugradnje nove stolarije
B40: Stavka obuhvaća sve popravke oštećene unutarnje žbuke zidova, stropova i špaleta oko otvora koji su oštećeni prilikom izvođenja radova rušenja i demontaže fasadnih stavki, instalacija i sl, nakon ugradnje novih stolarskih stavki. Postojeću podlogu potrebno je prethodno impregnirati i obraditi reparaturnim mortom.
B41: Sve kuteve i bridove učvrstiti kutnim profilima. Sve betonske površine prethodno premazati sredstvom za povećanje prionjivosti. Sve spojeve različitih materijala potrebno je rabicirati. Kod popravaka postojeće žbuke, za zapunjavanje otvora, reški i šliceva upotrijebiti prikladan materijal (polistiren, gips ploče, opeka, porobeton ili sl.) što je uključeno u stavku.
B42: Stavkom je obuhvaćeno žbukanje površina od opeke i od armiranog betona. Žbukanje se vrši grubom produžnom podložnom žbukom i finom žbukom. Žbuka mora biti potpuno ravna, ukupna debljina žbuke mora biti u istoj ravnini sa postojećom žbukom, a završni sloj fino zaglađen.
B43: pozicija stolarske stavke ST1a/1b - dim. 61/61 cm | C43: kom | D43: 66 | F43: =D43*E43 -> 0
B44: pozicija stolarske stavke ST2 - dim. 271/121 cm | C44: kom | D44: 3 | F44: =D44*E44 -> 0
B45: pozicija stolarske stavke ST3 - dim. 81/221 cm | C45: kom | D45: 6 | F45: =D45*E45 -> 0
F46: =SUM(F43:F45) -> 0
A48: 2. | B48: Uklanjanje oštećenog betona i izvedba lokalnih popravaka sanacijskim mortom
B49: Pregled konstrukcije radi utvrđivanja mjesta oštećenog, nezdravog ili kontaminiranog betona, te uklanajnje oštećenog zaštitnog sloja. Obavezno čišćenje korodirane armature prije postupka sanacije te nanošenje sloja zaštite od daljnjeg razvoja korozije. Nanošenje površinske zaštite od sanacijskog morta. Posebno obratiti pažnju na potpunu sanaciju ulaznih vanjskih stubišta, kao i kapa dimnjaka i ventilacijskih kanala na krovu.
B50: Obračun prema m2 obrađene površine | C50: m2 | D50: 60 | F50: =D50*E50 -> 0
A52: 3. | B52: Zidarski popravci i pripomoć
B53: Razna zidarska pripomoć, krpanja pukotina i popravci žbuke i prodora prilikom izvođenja radova. Obračun po m2 obrađene plohe. | C53: m2 | D53: 60 | F53: =D53*E53 -> 0
A55: A.IV.1. | B55: ZIDARSKI RADOVI UKUPNO (ZAJEDNIČKI PROSTORI): | E55: EUR | F55: =F46+F50+F53 -> 0

Sheet A.III.2.zid
A2: TROŠKOVNIK GRAĐEVINSKO OBRTNIČKIH RADOVA
A3: A. GRAĐEVINSKI RADOVI / A.IV.2. ZIDARSKI RADOVI (STANOVI)
A4: r.b. | B4: opis stavke | C4: jed. | D4: kol. | E4: jed.cijena | F4: ukupno
A6: A.IV.2. | B6: ZIDARSKI RADOVI (STANOVI)
A8: 1. | B8: Popravci žbuke nakon ugradnje nove stolarije
B9: Stavka obuhvaća sve popravke oštećene unutarnje žbuke zidova, stropova i špaleta oko otvora koji su oštećeni prilikom izvođenja radova rušenja i demontaže fasadnih stavki, instalacija i sl, nakon ugradnje novih stolarskih stavki. Postojeću podlogu potrebno je prethodno impregnirati i obraditi reparaturnim mortom.
B10: Sve kuteve i bridove učvrstiti kutnim profilima. Sve betonske površine prethodno premazati sredstvom za povećanje prionjivosti. Sve spojeve različitih materijala potrebno je rabicirati. Kod popravaka postojeće žbuke, za zapunjavanje otvora, reški i šliceva upotrijebiti prikladan materijal (polistiren, gips ploče, opeka, porobeton ili sl.) što je uključeno u stavku.
B11: Stavkom je obuhvaćeno žbukanje površina od opeke i od armiranog betona. Žbukanje se vrši grubom produžnom podložnom žbukom i finom žbukom. Žbuka mora biti potpuno ravna, ukupna debljina žbuke mora biti u istoj ravnini sa postojećom žbukom, a završni sloj fino zaglađen.
B12: pozicija stolarske stavke ST7 - dim. 81/157 cm | C12: kom | D12: 18 | F12: =D12*E12 -> 0
B13: pozicija stolarske stavke ST5a/b - dim. 181/157 cm | C13: kom | D13: 8 | F13: =D13*E13 -> 0
B14: pozicija stolarske stavke ST6a/b -dim. 81x237/130x157 cm | C14: kom | D14: 15 | F14: =D14*E14 -> 0
B15: pozicija stolarske stavke ST7a/b -dim. 130x157/141x2,37 cm | C15: kom | D15: 16 | F15: =D15*E15 -> 0
F16: =SUM(F12:F15) -> 0
A18: A.III.2. | B18: ZIDARSKI RADOVI UKUPNO (STANOVI): | E18: EUR | F18: =F16 -> 0

Sheet A.IV.izo
A2: TROŠKOVNIK GRAĐEVINSKO OBRTNIČKIH RADOVA
A3: A. GRAĐEVINSKI RADOVI / A.V. IZOLATERSKI RADOVI
A4: r.b. | B4: opis stavke | C4: jed. | D4: kol. | E4: jed.cijena | F4: ukupno
A6: A.V. | B6: IZOLATERSKI RADOVI
A8: OPĆI UVJETI
A10: Sve radove izvođač mora izvoditi prema troškovniku i glavnom projektu, solidno i stručno, prema pravilima dobrog zanata, Pravilniku o tijelima, dokumentaciji i postupcima tržišta građevnih proizvoda (NN 118/19), Pravilniku o tehničkim normativima za projektiranje i izvođenje završnih radova u građevinarstvu (Sl.list SFRJ 21/90), Tehničkim propisom za građevinske konstrukcije (NN 17/17, 75/20, 7/22 - uz prikladne norme HRN EN 1990,HRN EN 1991 ili jednakovrijedno _________________, HRN EN 1996, HRN EN 1997 ili jednakovrijedno _________________ i HRN EN 1998 ili jednakovrijedno _________________, NN 75/20), Tehničkim propisom o racionalnoj uporabi energije i toplinskoj zaštiti u zgradama („Narodne novine“ broj 128/15, 70/18., 73/18, 86/18, 102/20) sa pripadajućim normama, Tehničkim propisom o građevnim proizvodima (NN 35/18, 104/19), Tehničkim uvjetima za projektiranje i građenje zgrada - Akustika u građevinarstvu (HRN U.J6.201/89 ili jednakovrijedno _________________), te svim ostalim tehničkim propisima, priznatim tehničkim pravilima i HR normama, ili jednakovrijedno.
A12: Izvođač radova mora za sve materijale koje će upotrijebiti za izvedbu izolacije pribaviti odgovarajuće dokaze o sukladnosti. Hidroizolaciju, toplinsku ili zvučnu izolaciju treba izvoditi prema specifikaciji radova i tehničkim uvjetima izvođenja.
A14: Površine na koje se polaže izolacija trebaju biti ravne i očišćene od prašine ili drugih nečistoća. Toplinsku i zvučnu izolaciju potrebno je izvesti kontinuirano bez reški kako bi se spriječili toplinski ili zvučni mostovi.
A16: Nakon izvedbe svakog sloja izolacije nadzorni organ treba izvršiti pregled, a tek nakon pozitivnog mišljenja i upisa u građevinski dnevnik može se nastaviti sa radom.
A18: Skladištenje materijala na gradilištu mora biti stručno kako bi se isključila bilo kakva mogućnost propadanja. Nepravilno i nekvalitetno izvedene radove izvođač mora na svoj trošak ukloniti i izvesti pravilno.
A20: Izvođač je dužan sve izvoditi prema uputama proizvođača, isporučitelja materijala te ovjerenih detalja. Izvođač će pristupiti izvedbi tek nakon što projektant potpisom potvrdi tehnološku razradu svih detalja. Izrada rješenja neće se posebno naplatiti već predstavlja trošak i obavezu izvođača.
A22: HIDROIZOLACIJA Sve hidroizolaterske radove treba izvesti solidno i stručno držeći se projektne dokumentacije, propisa, opisa iz troškovnika, uputa proizvođača i pravila dobrog zanata. Prije početka radova izvođač mora ustanoviti kvalitetu podloge na kojoj se izvodi izolacija i ako nije pogodna za rad mora o tome izvijestiti naručitelja radova kako bi se podloga na vrijeme popravila i pripremila za izvođenje izolacije.
A24: Sav materijal za izolaciju treba odgovarati propisima i normativima. Izolacijsku ljepenku i ostale vrste izolacijskih traka i ploča treba rezati ravno i pravokutno. Zaderani i krpani komadi ne smiju se ugrađivati. Svi preklopi moraju biti najmanje 10 cm široki i lijepljeni varenjem. Kod polaganja dvaju ili više slojeva izolacijskih traka ili ploča preklopi ne smiju ležati jedan na drugom, već moraju biti pomaknuti.
A26: Kod hidroizolacije zidova ljepenka treba na svaku stranu zida imati prihvat širine od 10 cm, koji treba spojiti s horizontalnom izolacijom podova. Površine na koje se polaže izolacija, trebaju biti posve ravne, suhe, očišćene od prašine i nečistoće i dovoljno glatke kako bi izolacija dobro prionula. Izolacija treba prilegnuti na površinu ravno, bez nabora i mjehura. U cijeni također treba uključiti obradu slojeva izolacije i izvedbu holkera uz vertikalne zidove, oko raznih prodora kroz slojeve izolacije (instalacije), kao i ugradnje završnih profila i sl.
A28: Posebnu pažnju obratiti na zaštitu od požara kod rada s vrućim bitumenskim premazima i varenim ljepenkama zbog velike zapaljivosti bitumena. U slučaju požara gasiti pijeskom ili pjenom. Gašenje vodom je opasno zbog prskanja vrelog bitumena.
A30: Svi materijali za izvedbu hidroizolaterskih radova moraju u pogledu kvalitete odgovarati HR normama koje propisuje Tehnički propis o građevnim proizvodima (NN 35/18), sukladno normi koja se odnosi na određeni proizvod, ili jednakovrijedno, a osobito:
... A50: Ukoliko je to moguće izvršiti provjeru postojećeg stanja konstrukcije prije nuđenja. Nakon demontaže i uvida u postojeće stanje nosive konstrukcije napraviti provjeru opterećenja, izračun opterečenja uklonjenih slojeva u odnosu na slojeve novog krova mora biti odobren od strane inženjera konstrukcije. U slučaju potrebe za odstupanjem od predviđenih slojeva, isti se neće obračunavati kao dodatni rad. U cijeni predvidjeti eventualno potrebne izmjene na licu mjesta zbog specifičnosti zadatka (sanacija). Izvoditelj treba imati radnike s odgovarajućim iskustvom, obučene i ovlaštene od proizvođača materijala.
A51: 1. | B51: Toplinska izolacija stropa negrijanog razizemlja iznad zajedničkih prostora- MK1, iznad garaža -MK2
B52: NAPOMENA: Sve mjere izvedbe, kao i postojeće konstukcije provjeriti na licu mjesta prije planiranja i organizacije radova.
B53: Izvedba toplinske izolacije podgleda stropa negrijanog razizemlja, sa svim potrebnim predradnjama i pripremom podloge. Toplinska izolacija na bazi mineralne (kamene) vune (λ=0,35 W/mK), debljine 16 cm, s jedne strane obložene specijalnim staklenim voalom pogodnim za direktno nanošenje boje. Ploče mineralne (kamene) vune ljepe se i mehanički su učvršćene metalnim držačima s metalnim diskom (min. ø80 mm), sve prema preporuci proizvođača. Montaža bez dodatne podkonstrukcije.
B54: Prije početka radova investitor je dužan raščistiti i omogućiti pristup svim prostorijama podruma kako bi se radovi neometano mogli izvesti.
B55: Sve radove treba izvesti isključivo po uputama, koristeći materijale, alate i način izvođenja po tehnologiji proizvođača, prema gl. arhitektonskom projektu i detaljima, te projektu racionalne uporabe energije i toplinske zaštite z.o.p. SAE 168-2024 Obračun po m² izvedene površine.
B56: MV, deb. 16 cm | C56: m² | D56: 572 | F56: =D56*E56 -> 0
A58: 2. | B58: Izvedba slojeva ravnog neprohodnog krova iznad 4. kata - oznaka RK1,RK1.1
B59: NAPOMENA: Sve mjere izvedbe, kao i postojeće konstukcije provjeriti na licu mjesta prije planiranja i organizacije radova.
B60: Izvođenje slojeva ravnog neprohodnog krova s vertikalnim dizanjem uz konstrukciju vanjskog zida zgrade - vijenca, dimnjake, odzračnike i ventilacijske kanale min 30 cm. Hidroizolacija je mehanički fiksirana te hermetizirana jednokomponentnim poliuretanskim trajnoelastičnim kitom koji čini čvrstu ali visoko elastičnu brtvu niskog modula elastičnosti i prikladan je za horizontalne i vertikalne aplikacije te se može aplicirati na velikom rasponu temperatura. Jediničnom cijenom uključeni svi spojni elementi: otvoreni, zatvoreni i kutni prelazi i završni elementi. Osobitu pažnju posvetiti holkeru i završnom učvršćenju i brtvljenju hidroizolacije.
B61: Postava hidroizolacije prema uputstvima, programu i izvedbenom troškovniku proizvođača, sve komplet u cijeni do pune gotovosti po iskazanim stavkama.
B62: Nakon uklanjanja ostataka sloja šljunka, na očišćenu podlogu postojeće hidroizolacije se sljedeći radovi:
A63: a) | B63: Dobava i polaganje toplinske izolacije - dvoslojne tvrde ploče mineralne (kamene) vune za ravne prohodne krovove (na prethodno postavljenu parnu branu), ploča od dva sloja (12 + 6 cm) različite gustoće (sloj veće gustoće postavljen na gornjoj strani), koeficijent toplinske provodljivosti λ≤0,036 W/mK, klasa negorivosti A1, ukupne debljine 18 cm na horizontalnim odn. 5cm na vertikalnim dijelovima, gustoće 190 kg/m³ gornji sloj, 90 kg/m³ donji sloj. Sve detalje izvesti na način koji propisuje proizvođač toplinske izolacije. Izvoditelj treba imati radnike s odgovarajućim iskustvom, obučene i ovlaštene od proizvođača materijala.
A64: b) | B64: Dobava i polaganje jednoslojnih hidroizolacijskih membrana od sintetičke gume (TPO-a) debljine 1,5 mm, energetski učinkovitih reflektirajuće bijele ili sive boje, trajno otpornih na UV zrake, većinu kemijskih spojeva, mikroorganizme i korijenje. Membrana je punoplošno armirana gustim poliesterskim pletivom, potpuno homogene i trajno stabilne strukture cijelog presjeka. Zadržava trajnu dimenzionalnu stabilnost u ekstremnim temperaturnim rasponima, uz visoke otpornosti na sile vlačnih naprezanja i točkastih proboja. mehanički učvršćena za podlogu. Hidroizolacijske membrane se polažu na geotekstil ili toplinsku izolaciju (sve prema uputama proizvođača) i ugrađuju u sustavu mehanički pričvršćenih membrana. Rubovi membrana se međusobno preklapaju i zavaruju vrućim zrakom kako bi se postigao potpuno homogen spoj (min preklapanje prema uputama proizvođača). Membrana se vertikalno uzdiže uz konstrukciju vanjskog nadozida zgrade, krovnih svjetlika, dimnjaka, odzračnika i ventilacijskih kanala. Na svojim završetcima membrana se vari na TPO limove. Sve spojeve izvesti na način da se osigura vodotijesnost membrane. Izvoditelj treba imati radnike s odgovarajućim iskustvom, obučene i ovlaštene od proizvođača materijala.
A65: c) | B65: Obrada prodora (npr. vertikalna konstrukcija krovnog svjetlika, dimnjaci, odzračnici, ventilacijski kanali) kroz hidroizolaciju nearmiranom TPO membranom ili tipskom TPO prirubnicom. Završetak se kita jednokomponentnim poliuretanskim kitom koji čini čvrstu, ali visoko elastičnu brtvu niskog modula elastičnosti i prikladan je za horizontalne i vertikalne aplikacije te se može aplicirati na velikom rasponu temperatura i priteže obujmicom. Izvesti prema projektu i detalju proizvođača.
A66: d) | B66: Izvedba detalja na mjestu sudara horizontalnih i vertikalnih površina koje se hidroizoliraju. Detalj se izvodi na način da se ugrađuje prefabricirani perforirani Fe/Zn profil povećane krutosti koji se mehanički učvršćuje za podlogu sa min. 4,0 kom/m¹ pričvršćivača. Izvesti prema projektu i detalju proizvođača.
A67: e) | B67: Dobava i ugradnja vertikalnog slivnika od TPO-a u slivničke vertikale (∅kao postojeći, potrebna izmjera prije nuđenja). Slivnici se mehanički pričvršćuju za podlogu, i na njih se vari hidroizolacija. Izvesti prema projektu i detalju proizvođača. Prirubnice krovnih slivnika trebale bi biti upuštene u konstrukciju ispod hidroizolacije (Napomena: Kod termički izolIranih krovnih konstrukcija sa parnom branom trebaju se koristiti dvodijelni termički izolirani krovni slivnici). Tvornički prerađeni krovni slivnici moraju odgovarati DIN EN 1253 „Slivnici za objekte“ ili jednakovrijedno________________.
A68: f) | B68: Dobava i montaža dvostrukih okomitih odzračnika na bazi tvrdog PVC-a, toplinski izoliranih sa ekspandiranim polietilenom (EPE), sa mogućnošću spajanja na parnu branu i na hidroizolaciju, promjera Ǿ110 i visine 500mm. Jedan na svakih 250-350 m2. Obračun po komadu ugrađenog elementa.
A70: 2.1 | B70: Svi navedeni slojevi horizontalne toplinske izolacije od mineralne vune deb. 18 cm i hidroizolacije od TPO membrane (a-c) na horizontalnim dijelovima krova. Izvesti prema projektu i detalju proizvođača. (po potrebi razdjelni slojevi). Detalji D3, D5 .
B71: TPO membrana | C71: m2 | D71: 680 | F71: =D71*E71 -> 0
B72: MV, deb. 18 cm | C72: m2 | D72: 660 | F72: =D72*E72 -> 0
B73: parna brana (PE) | C73: m2 | D73: 690 | F73: =D73*E73 -> 0
A75: 2.2 | B75: Svi navedeni slojevi vertikalne hidroizolacije od TPO membrane, v = 20 cm i toplinske izolacije od kamene vune deb. 5 cm, v = 15 cm uz krovni nadozid. Izvesti prema projektu i detalju proizvođača. Detalj D3.
B76: TPO membrana | C76: m2 | D76: 32 | F76: =D76*E76 -> 0
B77: MV, deb. 5 cm | C77: m2 | D77: 24 | F77: =D77*E77 -> 0
A79: 2.3 | B79: Dobava materijala i izrada vertikalnog prihvatnog završetka hidroizolacije na dimnjacima, ventilacijama i izlazu na krov. Završetak se izvodi kaširanim TPO limom r.š.5cm koji se mehanički pričvršćuje za podlogu. HI RŠ do 40 cm. U stavci uključeno svo potrebno kitanje PU kitom.
C80: m¹ | D80: =50.8*1.1 -> 55.88 | F80: =D80*E80 -> 0
A82: 2.4 | B82: Izvedba detalja na mjestu sudara horizontalnih i vertikalnih površina. Izvesti prema projektu i detalju proizvođača. (d)
B83: oko dimnjaka, ventilacija i izlaza na krov | C83: m¹ | D83: 56 | F83: =D83*E83 -> 0
B84: na sudaru s nadozidom | C84: m¹ | D84: 150 | F84: =D84*E84 -> 0
A86: 2.5 | B86: Dobava i ugradnja sigurnosnog vertikalnog slivnika od TPO-a u postojeće slivničke vertikale (∅kao postojeći, potrebna izmjera prije nuđenja). (e) Izvesti prema projektu i detalju proizvođača. Detalj D6.
C87: kom | D87: 6 | F87: =D87*E87 -> 0
A89: 2.6 | B89: Dobava i montaža dvostrukih okomitih odzračnika na bazi tvrdog PVC-a, toplinski izoliranih s ekspandiranim polietilenom (EPE), s mogućnošću spajanja na parnu branu i na hidroizolaciju, promjera Ǿ100 i visine 500 mm. Obračun po komadu ugrađenog elementa (f).
C90: kom | D90: 4 | F90: =D90*E90 -> 0
F91: =SUM(F71:F90) -> 0
A93: A.V. | B93: IZOLATERSKI RADOVI UKUPNO: | E93: EUR | F93: =F91+F56 -> 0

Sheet A.V.zem
A2: TROŠKOVNIK GRAĐEVINSKO OBRTNIČKIH RADOVA
A3: A. GRAĐEVINSKI RADOVI / A.V.ZEMLJANI RADOVI
A4: r.b. | B4: opis stavke | C4: jed. | D4: kol. | E4: jed.cijena | F4: ukupno
A7: A.III. | B7: ZEMLJANI RADOVI UKUPNO:
A9: OPĆI UVJETI
A11: Prije početka radova potrebno je provjeriti da li trase postojećih instalacijskih vodova na gradilištu i u blizini kolidiraju s iskopom ili radnim prostorom potrebne mehanizacije. Prije početka zemljanih radova, teren treba očistiti od šiblja i korova. Ovi radovi kao i radovi oko razmjeravanja terena i obilježavanja zgrade uračunati su u jedinične cijene.
A13: Dužnost je izvođača da utvrdi pravi sastav tla. Ukoliko izvođač prilikom iskopa zemlje naiđe na bilo kakve predmete, objekte ili instalacije, dužan je na tom mjestu obustaviti radove i o tome obavijestiti projektanta i nadzornog inženjera.
A15: Iskopani materijal treba odlagati na dovoljnom odstojanju od ruba iskopa da ne dođe do urušavanja. Podupiranja, razupiranja i zaštita iskopa od oborinskih voda prekrivanjem PVC folijama i izvedbom površinske odvodnje kanalima i muljnim crpkama, obuhvaćena su jediničnim cijenama. Potrebna građa za podupiranje mora biti pripremljena na gradilištu prije početka iskopa. Ako se iskopane jame oštete, odrone ili zatrpaju nepažnjom ili uslijed nedovoljnog podupiranja, izvođač ih dovodi u ispravno stanje bez posebne naknade. Ukoliko je izvođač otkopao tlo ispod projektom predviđene temeljne ravnine obavezan je bez naknade popuniti tako nastale šupljine betonom C 8/10, do projektirane kote. Zabranjeno je popunjavanje prekopa nasipom šljunka.
A17: Količine iskopa, transporta i nasipa zemlje obračunavaju se prema sraslom stanju tla. Iskopani materijal upotrijebiti za nasipavanje i zatrpavanje. Isti treba prevesti na gradilišni deponij, uskladištiti te poslije upotrijebiti. Višak iskopanog materijala odvesti na gradski deponij. U cijenu zbrinjavanja otpadnog materijala uključiti plaćanje svih potrebnih troškova da bi se otpad kompletno zbrinuo.
A19: Jedinična cijena uključuje sav rad za iskop (ručni ili strojni), potrebne razupore, podupore (osiguranje od urušavanja), sva potrebna planiranja (do točnosti ±3 cm), niveliranje i nabijanja površina, crpljenje površinske i/ili procjedne vode, rasprostiranje i oblikovanje tla (ručno ili specijalnim strojevima), utovar u kamion, prijevoz na gradilišni deponij i istovar zemlje ukoliko je to potrebno.
A20: 1. | B20: Iskop zemlje uz rub podnožja zgrade - južno, zapadno i sjeverno pročelje
B21: Iskop zemlje širine 60 cm uz rub podnožja zgrade, ukupne dubine iskopa 120 cm. U stavku je uključena i demontaža i ponovna montaža manjih, posebno nespecificiranih elemenata i dijelova duž linijskog iskopa. Iskop sa vrši sa vertikalnim odsijecanjem. Izvesti pažljivo kako se ne bi oštetili dijelovi postojeće konstrukcije. Iskopanu zemlju deponirati uz rub iskopa. Obračun je po m³.
C22: m³ | D22: 65 | F22: =D22*E22 -> 0
A24: 2. | B24: Zasipavanje iskopa uz rub podnožja zgrade
B25: Zasipavanje iskopa uz rub podnožja zgrade zemljom nakon postave XPS-a (opisano u izolaterskim radovima) uključujući nabijanje u slojevima do max 15 cm. Za zasipavanje se koristi zemlja preostala od iskopa. Obračun je po m³.
C26: m³ | D26: 46 | F26: =D26*E26 -> 0
A28: 3. | B28: Odvoz suvišne zemlje
B29: Odvoz sve suvišne zemlje sa gradilišta na gradsku deponiju udaljenu do 20 km uključujući utovar, prijevoz i istovar zemlje. Obračun je po m³.
C30: m³ | D30: 18 | F30: =D30*E30 -> 0
A32: 4. | B32: Polaganje oblutaka
B33: Nabava i polaganje oblutaka granulacije Ø 4,0-6,0 cm u širini od 40 cm, deb. sloja 10 cm uz rub podnožja zgrade. Obračun je po m³.
C34: m³ | D34: 8 | F34: =D34*E34 -> 0
A36: 5. | B36: Sanacija zelenih površina - travnjaka
B37: Uređenje zelenih površina nakon svih radova i dovođenje u prvobitno stanje nakon eventualnih oštećenja nasipavanjem humusa te sijanje trave.
C38: m2 | D38: 200 | F38: =D38*E38 -> 0
A40: A.V. | B40: ZEMLJANI RADOVI UKUPNO: | E40: EUR | F40: =F38+F34+F30+F26+F22 -> 0

Sheet B.I.lim
A2: TROŠKOVNIK GRAĐEVINSKO OBRTNIČKIH RADOVA
A3: B. OBRTNIČKI RADOVI / B.I. LIMARSKI RADOVI
A4: r.b. | B4: opis stavke | C4: jed. | D4: kol. | E4: jed.cijena | F4: ukupno
A6: B. | B6: OBRTNIČKI RADOVI
A9: B.I. | B9: LIMARSKI RADOVI
A11: OPĆI UVJETI
A13: Sve radove izvođač mora izvoditi prema troškovniku i glavnom projektu, solidno i stručno, prema pravilima dobrog zanata, Pravilniku o tijelima, dokumentaciji i postupcima tržišta građevnih proizvoda (NN 118/19), Pravilniku o tehničkim normativima za projektiranje i izvođenje završnih radova u građevinarstvu (Sl.list SFRJ 21/90), Tehničkim propisom za građevinske konstrukcije (NN 17/17, 75/20, 7/22 - uz prikladne norme HRN EN 1990,HRN EN 1991 ili jednakovrijedno _________________, HRN EN 1996 ili jednakovrijedno _________________, HRN EN 1997 ili jednakovrijedno _________________ i HRN EN 1998 ili jednakovrijedno _________________, NN 75/20), Tehničkim propisom o racionalnoj uporabi energije i toplinskoj zaštiti u zgradama („Narodne novine“ broj 128/15, 70/18., 73/18, 86/18, 102/20) sa pripadajućim normama, Tehničkim propisom o građevnim proizvodima (NN 35/18, 104/19), te svim ostalim hrvatskim i europskim tehničkim propisima i normama i priznatim tehničkim pravilima, ili jednakovrijedno, a osobito :
A15: HRN C.B4.081 ili jednakovrijedno _________________, pocinčani lim HRN C.C4.020, 025, 030, 051, 060, 120, 150 ili jednakovrijedno _________________, aluminijski lim HRN C.D4.020 ili jednakovrijedno _________________, bakreni lim
A17: Ukoliko ne postoje adekvatni standardi za materijale koji se ugrađuju, obavezno je pribaviti odgovarajući atest kao dokaz kvalitete.
A19: Izvođač je dužan prije početka radova predočiti projektantu detalje izvedbe i savijanja limova. Tek po odobrenju i nakon ovjere istih od strane projektanta izvođač može pristupiti izvedbi radova. Izvođač je dužan prije početka radova provjeriti sve građevinske elemente na koje, ili za koje se pričvršćuje limarija i pismeno dostaviti naručitelju svoje primjedbe u vezi eventualnih nedostataka posebno u slučaju: neodgovarajućeg izbora projektiranog materijala i loše riješenog načina vezivanja limarije za građevinske radove. Izrada rješenja neće se posebno platiti već predstavlja trošak i obvezu izvođača. Prilikom izvođenja limarije izvođač se mora striktno pridržavati usvojenih i od strane projektanta ovjerenih detalja. Izvođač će pristupiti izvedbi tek nakon što projektant potpisom potvrdi radioničke nacrte i tehnološku razradu svih detalja.
A21: Dijelovi različitog materijala ne smiju se dodirivati jer bi uslijed toga moglo doći do korozije. Elementi od čelika za pričvršćivanje cinčanog ili pocinčanog lima moraju se pocinčati, ako u opisu radova nije predviđena neka druga zaštita (postavljanje podmetača od olova ili plastike otpornih na kiseline ili lužine). Za bakreni lim treba primijeniti učvršćivanje od bakra ili bakrenog čelika.
A23: Sastav i učvršćenja moraju biti tako izvedeni da elementi pri toplotnim promjenama mogu nesmetano dilatirati, a da pri tom ostanu nepropusni. Moraju se osigurati od oštećenja koje može izazvati vjetar i sl. Ispod lima koji se postavlja na beton, drvo ili žbuku treba postaviti sloj bitumenske ljepenke, čija su dobava i postava uključene u jediničnu cijenu ako u stavci nije opisano drugačije. Nakon obrade, može se ugraditi samo neoštećeni lim.
A25: Za elemente za učvršćivanje (kuke, zakovice, jahači, čavli, vijci i sl.) treba primijeniti: za čelični lim - čelična spojna sredstva, za pocinčani i olovni lim - dobro pocinčana spojna sredstva, za bakreni lim - bakrena spojna sredstva, za alu lim - alu ili galvanizirana Čn spojna sredstva.
A27: Sve vidljive spojeve lima i betonskih ili ožbukanih ploha pročelja treba brtviti po cijeloj dužini spoja trajno elastičnim (plastičnim) bezbojnim kitom. Sve spojeve lima treba obvezno izvesti nepropusno. Plohe izvedene limom moraju biti izvedene pravilno i u ravnini, po nagibima odvodnje i kosinama definiranim u projektu.
A29: Cijenom izvedbe radova treba obvezno uključiti sve materijale koji se ugrađuju i koriste (osnovne i pomoćne materijale), sav potreban rad (osnovni i pomoćni) na izvedbi radova do potpune gotovosti i funkcionalnosti istih, sve transporte i prijenose do i na gradilištu sve do mjesta ugradnje, sva potrebna skladištenja i zaštite, sav alat i građevinske strojeve, čišćenje tokom rada, odvoz i zbrinjavanje smeća na deponiju udaljenom 20 km, završno čišćenje prije primopredaje radova, nadoknadu eventualne štete nastale iz nepažnje na svojim ili tuđim radovima, sve potrebne zaštitne konstrukcije i skele, kao i sve drugo predviđeno mjerama zaštite na radu i pravilima struke. U cijeni treba također uključiti izvedbu i obradu raznih detalja limarije kod spojeva, prijelaza, lomova i sudara ploha, završetaka limarije i drugo, sve obvezno usklađeno sa drugim različitim materijalima i radovima uz limariju, do potpune gotovosti i funkcionalnosti.
A31: Jedinična cijena uključuje, uzimanje mjera na gradilištu i definiranje ugradbenih dimenzija, tehnološku razradu svih detalja, pripremu podloga, izradu radioničkih nacrta, sav spojni materijal, sve posredne i neposredne troškove za rad, materijal, sva manja potrebna usijecanja utora nužna za ugradnju i savijanje lima i izvedbu detalja, kao i sva sitnija usijecanja ploha te potrebne popravke i zapunjavanja nastalih međuprostora i pukotina cem. mortom.Obračun se vrši po m2 pokrova po kosini krova. U cijenu m2 krovnog pokrova uračunato je postavljanje prefabriciranih pokrovnih elemenata kao snjegobrana i sljemenjaka, uvala, odzračnika i proboja ventilacije.
A33: 1. | B33: Opšav vanjskih prozorskih klupčica
B34: Dobava materijala, izrada i montaža vanjskih limenih klupčica prozora od suterena do 4. kata. Izvesti od plastificiranog al. lima deb. 0,7 mm, razvijenih širina od cca 30 cm i 40 cm. Lim završava okapnicom odmaknutom od gotove fasade 3 cm. Lim je završno obrađen plastificiranjem u svijetlosivom tonu.
B35: U stavku uključena dobava i ugradnja podložne ploče od XPS-a debljine 2-4 cm u širini špalete od cca 21 cm i 26 cm. Detalji D1, D2.
B36: Podložna hidroizolacija (ljepilo, staklena mrežica, HI premaz) r.š. 26 cm i 33 cm te brtvljenje trajnoelastičnim PU kitom, brtvena traka, galvanizirane plosne čel. kuke, sve uključeno u stavku. Stavka obuhvaća ugradnju klamera, nosača i vodilica, te kompletnu podkonstrukciju potrebnu za izradu i ugradnju klupica. Obratiti pažnju na ugradnju dodatnih klamera na klupčicama velike duljine što ulazi u cijenu stavke. U cijenu uključiti sav ostali pomoćni, spojni i pričvrsni materijal, te sva potrebna podešavanja i prilagođavanja. Sve točne mjere uzimati na licu mjesta.
B37: Obračun po m¹ opšava, m2 hidroizolacije i m2 toplinske izolacije.
B38: lim r.š. = 45 cm | C38: m¹ | D38: 366 | F38: =D38*E38 -> 0
B39: HI r.š. = 40 cm | C39: m² | D39: 147 | F39: =D39*E39 -> 0
B40: XPS d=2-4 cm | C40: m² | D40: 120 | F40: =D40*E40 -> 0
F41: =F38+F39+F40 -> 0
A43: 2. | B43: Limeni opšavi, okapi, kape zidova parapeta
B44: Dobava materijala, izrada i montaža opšavnih limova vijenca ravnog krova i kape parapeta kod loggia. Izvesti od eloksiranog ili plastificiranog al. lima deb. 1 mm u svijetlosivom tonu. Kod kapa i opšava većih dimenzija lim dodatno učvrstiti u podlogu od OSB ploča koja je posredno ili direktno pričvršćena za nosivu konstrukciju, te preko podveza na svakih cca 40 cm razmaka, tj. pomoću galvaniziranih pocinčanih kuka od plosnog čelika 40/3 mm, usidrenih pomoću vijaka sa tiplama za ugradbu. Lim završava okapnicom s obje strane odmaknutom od gotove fasade za 3-5 cm. Izvedba hidroizolacije na spoju s rubnim limom te brtvljenje trajnoelastičnim kitom. Plosne pocinčane kuke uključene u stavku. Izvesti prema glavnom projektu i detalju, te izmjeri na gradilištu. U cijenu je uključen sav pomoćni, spojni i pričvrsni materijal, te sva potrebna podešavanja i prilagođavanja. Sve mjere uzeti na licu mjesta. Obračun po m¹ postavljenog opšava.
B45: kape na parapetima balkona - lim r. š. 25 cm | C45: m¹ | D45: 110 | F45: =D45*E45 -> 0
B46: HI r.š. = 10 cm | C46: m² | D46: =D45*0.1 -> 11 | F46: =D46*E46 -> 0
B47: opšav vijenca ravnog krova - lim r. š. 50 cm | C47: m¹ | D47: 151 | F47: =D47*E47 -> 0
B48: HI r.š. = 32 cm | C48: m² | D48: 49 | F48: =D48*E48 -> 0
B49: QSB ploče š. = 32 cm | C49: m² | D49: 16 | F49: =D49*E49 -> 0
F50: =F45+F46+F47+F48+F49 -> 0
A52: 3. | B52: Pokrov nadstrešnica od trapeznog lima
B53: Dobava i izvedba novog pokrova nadstrešnica nad ulazima na istočnom pročelju samonosivim krovnim trapeznim čeličnim plastificiranim limom minimalne debljine 0,50mm, lim pocinčan (min. 200 g/m2 cinka u skladu s HRN EN 10346:2009 ili jednakovrijedno__________, HRN ENV 1993-1-3 ili jednakovrijedno__________, HRN EN 10143:2008 ili jednakovrijedno__________, EN 10147:2008 ili jednakovrijedno__________, DIN 18807-1:1987 ili jednakovrijedno__________,DIN 18807-2:1987, DIN 18807-3:1987 ili jednakovrijedno__________) i završno obrađen plastificiranjem, u boji po odabiru projektanta na temelju predloženog uzorka. U cijeni trapeznog lima su uključeni pripadajući vijci, kalote, podloške i brtve u eventualno potrebnu dodatnu podkonstrukciju. U cijenu uključeni svi potrebni čelični pocinčani i plastificirani opšav prepusta završetka kosog krova i sl. kao i ostali spojni i priključni materijal i pribor. U cijeni su također uključeni svi završni i prelazni elementi krova kao što su: elementi za provjetravanje, spoj na etics sustav vanjskog zida s potrebnim kitanjem, mrežice protiv ptica i insekata i sl. Stavka uključuje sav transport, rad, materijal spojna i pomoćna sredstva. Nagib pokrova cca 9°. Obračun prema tlocrtnoj projekciji m2 kompletno izvedenog pokrova.
C54: m² | D54: 13 | F54: =D54*E54 -> 0
A56: 4. | B56: Viseći horizontalni žlijeb
B57: Izvedba i montaža četvrtastog horizontalnog žlijeba sa zatvorenim bočnim stranicama, za odvod oborinske vode s nadstrešnice pokrivene trapeznim limom. Širina žlijeba 8 cm. r.š. = 18 cm, izveden čeličnim plastificiranim limom jednakih karaktreistika kao trapezni lim opisan u prošloj stavci. S ukapnice podvučene pod pokrov r.š. 10 cm. Svi spojevi specijalno lotani. Žlijeb pričvršćen na AB konstrukciju nadstrešnice i izveden u padu. U cijenu uključen spojni i priključni materijal i pribor, svi završni i prelazni elementi. Stavka uključuje sav transport, rad, materijal spojna i pomoćna sredstva
C58: m¹ | D58: 6 | F58: =D58*E58 -> 0
A60: 5. | B60: Razni sitni radovi oko raznih prodora i sl.
B61: Radovi uključuju razna limarska pripasivanja te izmjeru, izradu, dobavu i montažu svih limenih opšava i slično, sa svim potrebnim materijalom. Rad limom r.š. do 300 mm. Obračun po m¹ kompletno izvedenih opšava i slično odnosno po utrošenom radnom satu limara. Uključena ugradnja metalnih T profila od pocinčanog lima u boji pročelja iznad vanjskih kutija roleta kod postojeće stolarije koja se ne mijenja. U cijenu stavke je uključen sav rad, materijal i transport, te potrebna radna skela.
B62: limeni "T" profili | C62: m¹ | D62: =186.4*1.1 -> 205.04 | F62: =D62*E62 -> 0
B63: razni tipski limeni opšavi | C63: m¹ | D63: 30 | F63: =D63*E63 -> 0
B64: KV limar | C64: sati | D64: 30 | F64: =D64*E64 -> 0
F65: =F62+F63+F64 -> 0
A67: B.I. | B67: LIMARSKI RADOVI UKUPNO: | E67: EUR | F67: =F65+F58+F50+F41+F54 -> 0

Sheet B.II.1. sto
A2: TROŠKOVNIK GRAĐEVINSKO OBRTNIČKIH RADOVA
A3: B. OBRTNIČKI RADOVI / B.II.1. VANJSKA PVC STOLARIJA (ZAJEDNIČKE PROSTORIJE)
A4: r.b. | B4: opis stavke | C4: jed. | D4: kol. | E4: jed.cijena | F4: ukupno
A6: B.II.1. | B6: VANJSKA PVC STOLARIJA (ZAJEDNIČKE PROSTORIJE)
B8: OPĆI UVJETI
B10: Sve radove izvođač mora izvoditi prema troškovniku i glavnom projektu, solidno i stručno, prema pravilima dobrog zanata, Pravilniku o tijelima, dokumentaciji i postupcima tržišta građevnih proizvoda (NN 118/19), Pravilniku o tehničkim normativima za projektiranje i izvođenje završnih radova u građevinarstvu (Sl.list SFRJ 21/90), Tehničkim propisom za građevinske konstrukcije (NN 17/17 - uz prikladne norme HRN EN 1990 ili jednakovrijedno _________________,HRN EN 1991 ili jednakovrijedno _________________, HRN EN 1996 ili jednakovrijedno _________________, HRN EN 1997 ili jednakovrijedno _________________ i HRN EN 1998, NN 75/20 ili jednakovrijedno _________________), Tehničkim propisom o racionalnoj uporabi energije i toplinskoj zaštiti u zgradama („Narodne novine“ broj 128/15, 70/18., 73/18, 86/18, 102/20) sa pripadajućim normama, Tehničkim propisom o građevnim proizvodima (NN 35/18, 104/19), te svim ostalim hrvatskim i europskim tehničkim propisima i normama i priznatim tehničkim pravilima, ili jednakovrijedno, a osobito :
B12: HRN EN 14351-1:2016 ili jednakovrijedno _________________, prozori i vrata - norma za proizvod, izvedbene značajke HRN EN 12207:2017 ili jednakovrijedno _________________, prozori i vrata - propusnost zraka HRN EN 12208:2001 ili jednakovrijedno _________________, prozori i vrata - vodonepropusnost HRN EN 12210:2016 ili jednakovrijedno _________________, prozori i vrata - otpornost na opterećenje vjetrom HRN EN ISO 140-3 ili jednakovrijedno _________________, akustika - mjerenje razine zvuka u zgradama i elementima zgrada HRN EN ISO 717-1 ili jednakovrijedno _________________, akustika - određivanje razine zvuka u zgradama HRN EN 410:1998 ili jednakovrijedno _________________, staklo u graditeljstvu - određivanje svjetlosnih i sunčanih značajka ostakljenja HRN EN 572-9:2005 ili jednakovrijedno _________________, staklo u graditeljstvu - proizvodi od osnovnog natrij-kalcij-silikatnog stakla HRN D.E1.012 ili jednakovrijedno _________________, vanjska stolarija HRN D.E8.193. i 235. ili jednakovrijedno _________________, vodonepropusnost i hermetičnost
B15: Prije pristupanja izvođenju radova izvoditelj je dužan izvršiti detaljan pregled svih stolarskih elemenata, prozora i vrata koji se mijenjaju. Stolarski elementi ili njihovi dijelovi, kao i pripadajući okov, koji su oštećeni, moraju se zamijeniti novima. Pri izradi novog elementa, u jediničnu cijenu uračunat je gotov stolarski element sa pripadajućim okovom i ugradnjom na građevinu.
B17: Radovi uključuju izradu, dobavu i montažu do potpune gotovosti ugrađenih prozora ili vrata. Brtvljenje i spajanje prema sistemskim rješenjima propisanim od proizvođača sistema. Sav potreban okov za otvaranje mora biti izrađen izrađen od INOX-a satinirane završne obrade. Odabrani okov prilagoditi težini i geometriji krila, tako da nesmetano zadovoljava funkciju otvaranja (otklopni, zaokretni ili zaokretno otklopni). U cijenu stavaka uključeno je i staklo.
B18: Sve mjere i količine obavezno provjeriti na licu mjesta prije izrade stolarije.
B20: Prozori i vrata ugrađuju se u građevinski pripremljen i obrađen otvor u AB zidu, zidu od blok opeke ili krovne konstrukcije pomoću vijaka primjerenih za ovakvu vrstu montaže. U cijenu je uključen sav potreban rubni opšav, RAL ugradnja (vanjski i unutarnji), vanjska hidroizolacija – paropropusna folija (obuhvaćena u limarskim radovima - prozorske klupčice), unutarnja - paronepropusna folija (parna brana), toplinska izolacija te sav pričvrsni pribor. Kod ugradnje stolarije potrebno je obraditi i toplinski izolirati špalete otvora sa slojem toplinske izolacije minimalno 2 cm, ako u opisu stavke nije naznačena veća debljina TI. Obaveza je izvođača prilikom montaže onemogućiti bilo kakvu pojavu toplinskog mosta, radove izvoditi prema priloženim detaljima, pričvršćenja u otvor osnovne konstrukcije kao i prethodno opisani način zaštite od prodora vodene pare iz unutrašnjosti u konstrukciju te atmosferskih utjecaja izvana - sve to prema smjernicama i uputama za RAL-ugradnju.
B22: U cijenu također treba biti uključena i izrada unutarnje PVC klupčice, na potkonstrukciji, prema RAL ton karti-prema odabiru projektanta, osim ako stavkom nije opisano drugačije. U cijenu također treba biti uključena i izrada unutrašnjih gipskartonskih špaleta, osim ako to nije opisano zasebno u gipskartonskim radovima.
B24: Sve stavke opisane su zidarskom mjerom. Prije izvedbe sve mjere kontrolirati u naravi.
B26: Na spoju raznih kvaliteta lima izvesti potrebno galvansko razdvajanje. Izvedba razdvajanja mora biti otporna i postojana na atmosferilije i smrzavanje.
B27: Jedinična cijena uključuje uzimanje mjera na gradilištu i definiranje ugradbenih dimenzija, tehnološku razradu svih detalja, izradu radioničkih nacrta, sav spojni materijal, sidrene ploče, mort za podlijevanje ležaja, zaštitu od korozije, postavu i skidanje radne skele, striktnu primjenu mjera zaštite od požara, sve posredne i neposredne troškove za rad, materijal, alat i građevinske strojeve, sve transporte, čišćenje tokom rada, odvoz i zbrinjavanje smeća na deponij udaljen 20 km, završno čišćenje prije primopredaje radova, nadoknadu eventualne štete nastale iz nepažnje na svojim ili tuđim radovima.
A30: 1. | B30: PROZOR - stavka 1a
B31: Izrada, doprema i ugradnja vanjskog jednodijelnog PVC prozora koji se sastoji od jednog otklopno-zaokretnog krila, u građevinskom otvoru cca 61x61 cm. Karakteristike prozora:
A32: a) | B32: prozorsko otklopno-zaokretno krilo od PVC profila u svijetlosivom tonu. Sistemski metalni okov za ručno otvaranje.
A33: b) | B33: donji horizontalni slijepi profil dimenzije 5/7 cm
A34: c) | B34: unutarnja PVC klupčica, vanjska klupčica obrađena u limarskim radovima;
A35: d) | B35: zaštitna mreža protiv ulazaka glodavaca ispred prozora dimenzija cca 51/46 cm, razmaka rešetki cca 1 cm
A36: e) | B36: ukupni koeficijent prolaska topline cijele stijene UW ≤ 1,40 W/m2K;
A37: f) | B37: ostakljenje: dvostruko IZO staklo 4/16Ar/4, ispuna argonom, s jednim staklom niske emisije, s proračunskim dokazom koef. prolaska topline Ug ≤ 1,10 W/m2K, faktor gꞱ= 0,65;
A38: g) | B38: rubni opšav (vanjski i unutarnji) - RAL ugradnja: vanjska hidroizolacija - paropropusna folija i unutarnja-paronepropusna (parna brana); ili brtvena ekspandirajuća traka i unutarnji PVC kutnik.
B39: U cijenu stavke uračunato je uzimanje mjera na licu mjesta, dobava i ugradnja. Obračun po komadu.
B40: Izvesti prema shemi stolarije (st. 1a). | C40: kom | D40: 12 | F40: =D40*E40 -> 0
A42: 2. | B42: PROZOR - stavka 1b
B43: Izrada, doprema i ugradnja vanjskog jednodijelnog PVC prozora koji se sastoji od jednog otklopno-zaokretnog krila, u građevinskom otvoru cca 61x61 cm. Karakteristike prozora:
A44: a) | B44: prozorsko otklopno-zaokretno krilo od PVC profila u svijetlosivom tonu. Sistemski metalni okov za ručno otvaranje.
A45: b) | B45: donji horizontalni slijepi profil dimenzije 5/7 cm
A46: c) | B46: unutarnja PVC klupčica, vanjska klupčica obrađena u limarskim radovima;
A47: d) | B47: ukupni koeficijent prolaska topline cijele stijene UW ≤ 1,40 W/m2K;
A48: e) | B48: ostakljenje: dvostruko IZO staklo 4/16Ar/4, ispuna argonom, s jednim staklom niske emisije, s proračunskim dokazom koef. prolaska topline Ug ≤ 1,10 W/m2K, faktor gꞱ= 0,65;
A49: f) | B49: rubni opšav (vanjski i unutarnji) - RAL ugradnja: vanjska hidroizolacija - paropropusna folija i unutarnja-paronepropusna (parna brana); ili brtvena ekspandirajuća traka i unutarnji PVC kutnik.
B50: U cijenu stavke uračunato je uzimanje mjera na licu mjesta, dobava i ugradnja. Obračun po komadu.
B51: Izvesti prema shemi stolarije (st. 1b). | C51: kom | D51: 54 | F51: =D51*E51 -> 0
A53: 3. | B53: PROZOR - stavka 2
B54: Izrada, doprema i ugradnja vanjskog jednodijelnog PVC prozora koji se sastoji od četiri otklopno-zaokretna krila, u građevinskom otvoru cca 271x121 cm. Karakteristike prozora:
A55: a) | B55: prozorska otklopno-zaokretna krila od PVC profila u svijetlosivom tonu. Sistemski metalni okov za ručno otvaranje.
A56: b) | B56: donji horizontalni slijepi profil dimenzije 5/7 cm
A57: c) | B57: unutarnja PVC klupčica, vanjska klupčica obrađena u limarskim radovima;
A58: d) | B58: ukupni koeficijent prolaska topline cijele stijene UW ≤ 1,40 W/m2K;
A59: e) | B59: ostakljenje: dvostruko IZO staklo 4/16Ar/4, ispuna argonom, s jednim staklom niske emisije, s proračunskim dokazom koef. prolaska topline Ug ≤ 1,10 W/m2K, faktor gꞱ= 0,65;
A60: f) | B60: rubni opšav (vanjski i unutarnji) - RAL ugradnja: vanjska hidroizolacija - paropropusna folija i unutarnja-paronepropusna (parna brana); ili brtvena ekspandirajuća traka i unutarnji PVC kutnik.
B61: U cijenu stavke uračunato je uzimanje mjera na licu mjesta, dobava i ugradnja. Obračun po komadu.
B62: Izvesti prema shemi stolarije (st. 2). | C62: kom | D62: 3 | F62: =D62*E62 -> 0
A64: 4. | B64: VRATA - stavka 3
B65: Izrada, doprema i ugradnja vanjskih PVC vrata koja se sastoje od jednog djelomično ostakljenog zaokretnog krila, u građevinskom otvoru cca 81x221 cm. Karakteristike vrata:
A66: a) | B66: zaokretno vratno krilo od PVC profila u svijetlosivoj boji. Sistemski metalni okov za ručno otvaranje;
A67: b) | B67: komplet okov za jednokrilna vrata, cilindrična brava, gornji hidraulični zatvarač s polugom, graničnik-fikser;
A68: c) | B68: ukupni koeficijent prolaska topline cijelih vrata UW ≤ 1,40 W/m2K;
A69: d) | B69: ostakljenje: dvostruko IZO staklo 4/16Ar/4, ispuna argonom, s jednim staklom niske emisije, s proračunskim dokazom koef. prolaska topline Ug ≤ 1,10 W/m2K, faktor gꞱ= 0,65;
A70: e) | B70: rubni opšav (vanjski i unutarnji) - RAL ugradnja: vanjska hidroizolacija-paropropusna folija i unutarnja-paronepropusna (parna brana); ili brtvena ekspandirajuća traka i unutarnji PVC kutnik.
B71: Stavka uključuje kompletnu funkcionalnu, završno ugrađenu i obrađenu stavku, sav okov po izboru projektanta, sva sidra i sidrene detalje, spojna i pričvrsna sredstva. U stavku je uključena obrada spoja na kontaktne plohe zidova kao i sva potrebna prilagođavanja i podešavanja. Vrstu okova predložiti projektantu na uvid i odobrenje.
B72: U cijenu stavke uračunato je uzimanje mjera na licu mjesta, dobava i ugradnja. Obračun po komadu.
B73: Izvesti prema shemi stolarije (st. 3). | C73: kom | D73: 6 | F73: =D73*E73 -> 0
A75: B.II.1 | B75: VANJSKA PVC STOLARIJA (ZAJEDNIČKE PROSTORIJE) UKUPNO: | E75: EUR | F75: =SUM(F40:P73) -> 0

Sheet B.III.brav
A2: TROŠKOVNIK GRAĐEVINSKO OBRTNIČKIH RADOVA
A3: B. OBRTNIČKI RADOVI / B.III. VANJSKA BRAVARIJA
A4: r.b. | B4: opis stavke | C4: jed. | D4: kol. | E4: jed.cijena | F4: ukupno
A7: B.III. | B7: VANJSKA BRAVARIJA
B9: OPĆI UVJETI
B11: Sve radove izvođač mora izvoditi prema troškovniku i izvedbenoj projektnoj dokumentaciji, solidno i stručno, prema pravilima dobrog zanata i mjerama uzetima na licu mjesta, Pravilniku o ocjenjivanju sukladnosti, ispravama o sukladnosti i označavanju građevinskih proizvoda (NN 103/08, 147/09, 87/10, 129/11), Pravilniku o tehničkim mjerama i uvjetima za završne radove u zgradarstvu (Sl.list br. 21/90), Tehničkom propisu o racionalnoj upotrebi energije i toplinskoj zaštiti u zgradama (NN 97/14, 130/14) s pripadajućim normama, Tehničkom propis o građevnim proizvodima (NN 33/10, 87/10, 146/10, 81/11, 100/11, 130/12, 81/13), prema Tehničkim propisima za prozore i vrata (NN 69/06) sa pripadajućim noramama i ostalim normama prema Odluci o popisu normi bitnih za primjenu Tehničkog propisa za prozore i vrata, te svim ostalim tehničkim propisima, priznatim tehničkim pravilima i HR normama, a osobito:
B13: HRN EN 14351-1:2006, prozori i vrata - norma za proizvod, izvedbene značajke HRN EN 12207:2001, prozori i vrata - propusnost zraka HRN EN 12208:2001, prozori i vrata - vodonepropusnost HRN EN 12210:2001+AC:2005, prozori i vrata - otpornost na opterećenje vjetrom HRN EN ISO 140-3, akustika - mjerenje razine zvuka u zgradama i elementima zgrada HRN EN ISO 717-1, akustika - određivanje razine zvuka u zgradama HRN EN 410:1998, staklo u graditeljstvu - određivanje svjetlosnih i sunčanih značajka ostakljenja HRN EN 572-9:2005, staklo u graditeljstvu - proizvodi od osnovnog natrij-kalcij-silikatnog stakla HRN D.E1.012, vanjska stolarija HRN D.E8.193. i 235., vodonepropusnost i hermetičnost
B15: Ukoliko ne postoje adekvatni standardi za materijale koji se ugrađuju, obavezno je pribaviti odgovarajući atest kao dokaz kvalitete.
B17: Prije pristupanju izvođenju radova izvoditelj je dužan izvršiti detaljan pregled svih bravarskih elemenata, prozora i vrata koji se mijenjaju. Bravarski elementi ili njihovi dijelovi, kao i pripadajući okov, koji su oštećeni, moraju se zamijeniti novima. Pri izradi novog elementa, u jediničnu cijenu uračunat je gotov bravarski element sa pripadajućim okovom i ugradnjom na građevinu.
B19: Radovi uključuju izradu, dobavu i montažu do potpune gotovosti al. prozora ili vrata od profila sa ili bez prekinutog termičkog mosta, eloksirani ili termolakirani prema RAL ton karti u boji po odabiru projektanta. Brtvljenje i spajanje prema sistemskim rješenjima propisanim od proizvođača sistema. Sav potreban okov za otvaranje potrebno je da je izrađen od INOX-a ili plastificiran u boji profila (prema rješenju projektanata). Odabrani okov prilagoditi težini i geometriji krila, tako da nesmetano zadovoljava funkciju otvaranja (otklopni, zaokretni ili zaokretno otklopni). U cijenu stavaka uključeno je i staklo.
B21: Sve mjere obavezno je provjeriti na licu mjesta prije izrade bravarije.
B23: Prozori i vrata ugrađuju se u građevinski pripremljeni i obrađeni otvor u AB zidu ili zidu od blok opeka pomoću vijaka primjerenih za ovakvu vrstu montaže. U cijenu je uključen sav potreban rubni opšav (vanjski i unutarnji), vanjska vodonepropusna – paropropusna folija, kamena vuna te sav pričvrsni pribor.
B25: U cijenu također treba biti uključena i izrada vanjske al. klupčice od al. lima deb. 1mm, na potkonstrukciji, završno obrađene eloksažom ili plastifikacijom, prema izboru projektanta, sav ostali pomoćni i spojni materijal i sva potrebna podešavanja i prilagođavanja, osim ako stavkom nije opisano drugačije odnosno ako to nije zasebno opisano u limarskim radovima. U cijenu također treba biti uključena i izrada unutarnje al. klupčice od eloksiranog ili plastificiranog al. lima deb. 1 mm, na potkonstrukciji, završna obrada: u natur boji alu. ili termolakiranje prema RAL ton karti-prema odabiru projektanta, osim ako stavkom nije opisano drugačije odnosno ako to nije zasebno opisano u limarskim radovima. U cijenu također treba biti uključena i izrada unutrašnjih gipskartonskih špaleta, osim ako to nije opisano zasebno.
B27: Zidarska mjera je razmak konstruktivnih elemenata. Modularna mjera je razmak modularnih ravnina koji je manji od zidarske mjere. Stolarska mjera je stvarna vanjska mjera stolarskog elementa koja treba biti manja od modularne mjere. Svjetla stolarska mjera koristi se kod vrata i označava čisti razmak između dovratnika, odnosno poda i nadvratnika. Razlika između zidarske i modularne mjere kod mokre gradnje treba biti 1 – 2 cm, a kod montažne može biti i 0,5. Razlika između modularne i stolarske mjere treba biti od 0,3 do 1 cm. Stvake su opisane zidarskim (građevinskim) mjerama.
B29: Zaokretna vrata ili prozorsko krilo je lijevo ako je okovano s lijeve strane, odnosno ako se otvara u smjeru negativne rotacije (kazaljke na satu). Bravarski elementi se izrađuju prema shemama i detaljima, te u dogovoru s projektantom i nadzornim inženjerom, a označavaju brojem troškovničke stavke.
B31: Svi dijelovi konstrukcije i elementi pojedinih pozicija moraju biti proračunati i dimenzionirani tako da sigurno prihvaćaju opterećenja posebice vjetra (tlak, usis) i drugih atmosferskih utjecaja. Sile koje se javljaju u elementima i fasadi u cjelini moraju se prenijeti na monolitni dio zgrade, dok se deformacije i opterećenja (sile) sa zgrade ne smiju nikako prenositi na fasadu i/ili njene elemente.
... B35: Jedinična cijena uključuje uzimanje mjera na gradilištu i definiranje ugradbenih dimenzija, tehnološku razradu svih detalja, izradu radioničkih nacrta, sav spojni materijal, sidrene ploče, mort za podlijevanje ležaja, zaštitu od korozije, postavu i skidanje radne skele, striktnu primjenu mjera zaštite od požara, sve posredne i neposredne troškove za rad, materijal, alat i građevinske strojeve, sve transporte, čišćenje tokom rada, odvoz i zbrinjavanje smeća, završno čišćenje prije primopredaje radova, nadoknadu eventualne štete nastale iz nepažnje na svojim ili tuđim radovima.
A38: 1. | B38: Izrada čelične balkonske ograde
B39: Izrada nove ograde se vrši zbog nezadovoljavajuće, premale visine postojeće ograde i usklađivanja jednoobraznosti pročelja. Ograda se montira nakon izvedbe ETICS sustava na pročelju zgrade.
B40: Dobava i ugradnja ograde U tlocrtnog oblika koja se sastoji od gornje i donje pojasnice od šupljih čeličnih kvadratnih profila dim. 50/50/5 mm i šest vertikalnih nosača od punih čeličnih šipki ∅25 mm. Ukupna duljina ograde iznosi 650 cm, a visina 100 cm iznad kote gotovog poda balkona. Vertikalni nosači (čelične šipke) preko sidrenih ploča usidreni su u betonsku ogradu balkona s unutrašnje strane. Pojasnice i vertikalni nosači međusobno su spojeni varenjem. Gornja pojasnica sidrena je u nosivi dio zida. Stavka se isporučuje obrađena vrućim cinčanjem, te temeljnom i završnom zaštitnom bojom za metal koje se nanose nakon ugradnje. Sve u crnoj boji, prema shemi bravarske stavke.
B41: U stavku uključeno brtvljenje prodora kroz ETICS sustav trajnoelastičnim PU kitom. Uključen sav transport i zbrinjavanje otpada. Obračun po komadu ugrađene nove bravarske stavke.
B42: Bilokakva ugradnja prije odobrenja uzorka, boje i radioničke dokumentacije, nije dozvoljena.
B43: Prije izrade sve mjere i količine kontolirati u naravi!
B44: Izvesti prema shemi bravarije (st. BR 1)!
B45: BR 1 | C45: kom | D45: 4 | E45: 4500 | F45: =D45*E45 -> 18000
A48: B.III. | B48: VANJSKA BRAVARIJA UKUPNO: | E48: kn | F48: =F45 -> 18000

Sheet B.II.2. sto
A2: TROŠKOVNIK GRAĐEVINSKO OBRTNIČKIH RADOVA
A3: B. OBRTNIČKI RADOVI / B.II.2. VANJSKA STOLARIJA (STAMBENE PROSTORIJE)
A4: r.b. | B4: opis stavke | C4: jed. | D4: kol. | E4: jed.cijena | F4: ukupno
A7: B.II.2. | B7: VANJSKA PVC STOLARIJA (STAMBENIH PROSTORA)
A10: 1. | B10: Prozor - st. 4
B11: Izrada, doprema i ugradnja jednodijelnog PVC prozora koji se sastoji od jednog otklopno-zaokretnog krila, u građevinskom otvoru cca 81x157 cm. Karakteristike:
A12: a) | B12: prozorsko otklopno-zaokretno krilo od PVC profila u bijeloj boji. Sistemski metalni okov za ručno otvaranje.
A13: b) | B13: donji horizontalni slijepi profil dimenzije 5/7 cm
A14: c) | B14: unutarnja PVC klupčica, vanjska opisana u limarskim radovima;
A15: d) | B15: ukupni koeﬁcijent prolaska topline cijelog prozora Uw ≤ 0,90 W/m2K;
A16: e) | B16: ostakljenje: trostruko IZO staklo 4/16Ar/4/16Ar/4 mm, ispuna argonom, s jednim staklom niske emisije, s proračunskim dokazom koef. prolaska topline Ug ≤ 0,70 W/m2K, faktor gꞱ> 0,50
A17: f) | B17: rubni opšav (vanjski i unutarnji) - RAL ugradnja: vanjska hidroizolacija-paropropusna folija i unutarnja - paronepropusna (parna brana); ili brtvena ekspandirajuća traka.
B18: Stavka uključuje kompletnu funkcionalnu, završno ugrađenu, ostakljenu i obrađenu stavku, sav okov po izboru projektanta, sva sidra i sidrene detalje, spojna i pričvrsna sredstva. U stavku je uključena obrada spoja na kontaktne plohe zidova kao i sva potrebna prilagođavanja i podešavanja. Vrstu okova predložiti projektantu na uvid i odobrenje.
B19: Izvesti prema shemi stolarije (st. 4).
C20: kom | D20: 18 | F20: =D20*E20 -> 0
A22: 2. | B22: Prozor - st. 5a
B23: Izrada, doprema i ugradnja dvodijelnog PVC prozora koji se sastoji od dva otklopno-zaokretna krila, u građevinskom otvoru cca 181x157 cm. Karakteristike:
A24: a) | B24: prozorska otklopno-zaokretna krila od PVC profila u bijeloj boji. Sistemski metalni okov za ručno otvaranje.
A25: b) | B25: donji horizontalni slijepi profil dimenzije 5/7 cm
A26: c) | B26: unutarnja PVC klupčica, vanjska opisana u limarskim radovima;
A27: d) | B27: ukupni koeﬁcijent prolaska topline cijelog prozora Uw ≤ 0,90 W/m2K;
A28: e) | B28: ostakljenje: trostruko IZO staklo 4/16Ar/4/16Ar/4 mm, ispuna argonom, s jednim staklom niske emisije, s proračunskim dokazom koef. prolaska topline Ug ≤ 0,70 W/m2K, faktor gꞱ> 0,50
A29: f) | B29: eslinger roleta s izoliranom kutijom za rolete i komarnikom Umax=0,6 W/m2K
A30: g) | B30: rubni opšav (vanjski i unutarnji) - RAL ugradnja: vanjska hidroizolacija-paropropusna folija i unutarnja - paronepropusna (parna brana); ili brtvena ekspandirajuća traka.
B31: Stavka uključuje kompletnu funkcionalnu, završno ugrađenu, ostakljenu i obrađenu stavku, sav okov po izboru projektanta, sva sidra i sidrene detalje, spojna i pričvrsna sredstva. U stavku je uključena obrada spoja na kontaktne plohe zidova kao i sva potrebna prilagođavanja i podešavanja. Vrstu okova predložiti projektantu na uvid i odobrenje.
B32: U cijenu stavke uračunato je uzimanje mjera na licu mjesta, dobava i ugradnja. Obračun po komadu.
B33: Izvesti prema shemi stolarije (st. 5a).
C34: kom | D34: 5 | F34: =D34*E34 -> 0
A36: 3. | B36: Prozor - st. 5b
B37: Izrada, doprema i ugradnja dvodijelnog PVC prozora koji se sastoji od dva otklopno-zaokretna krila, u građevinskom otvoru cca 181x157 cm. Karakteristike:
A38: a) | B38: prozorska otklopno-zaokretna krila od PVC profila u bijeloj boji. Sistemski metalni okov za ručno otvaranje.
A39: b) | B39: donji horizontalni slijepi profil dimenzije 5/7 cm
A40: d) | B40: unutarnja PVC klupčica, vanjska opisana u limarskim radovima;
A41: d) | B41: ukupni koeﬁcijent prolaska topline cijelog prozora Uw ≤ 0,90 W/m2K;
A42: e) | B42: ostakljenje: trostruko IZO staklo 4/16Ar/4/16Ar/4 mm, ispuna argonom, s jednim staklom niske emisije, s proračunskim dokazom koef. prolaska topline Ug ≤ 0,70 W/m2K, faktor gꞱ> 0,50
A43: f) | B43: eslinger roleta s izoliranom kutijom za rolete i komarnikom Umax=0,6 W/m2K
A44: g) | B44: rubni opšav (vanjski i unutarnji) - RAL ugradnja: vanjska hidroizolacija-paropropusna folija i unutarnja - paronepropusna (parna brana); ili brtvena ekspandirajuća traka.
B45: Stavka uključuje kompletnu funkcionalnu, završno ugrađenu, ostakljenu i obrađenu stavku, sav okov po izboru projektanta, sva sidra i sidrene detalje, spojna i pričvrsna sredstva. U stavku je uključena obrada spoja na kontaktne plohe zidova kao i sva potrebna prilagođavanja i podešavanja. Vrstu okova predložiti projektantu na uvid i odobrenje.
B46: U cijenu stavke uračunato je uzimanje mjera na licu mjesta, dobava i ugradnja. Obračun po komadu.
B47: Izvesti prema shemi stolarije (st. 5b).
C48: kom | D48: 3 | F48: =D48*E48 -> 0
A50: 4. | B50: Balkonska stijena - st. 6a
B51: Izrada, doprema i ugradnja dvodijelne PVC balkonske stijene koja se sastoji od jednih zaokretno-otklopnih balkonskih vratiju i jednog prozora sa dva otklopno-zaokretna krila u otvoru cca 81x237/130x157 cm. Karakteristike:
A52: a) | B52: balkonska vrata i prozorska otklopno-zaokretna krila od PVC profila u bijeloj boji. Sistemski metalni okov za ručno otvaranje.
A53: b) | B53: donji horizontalni slijepi profil dimenzije 5/7 cm
A54: c) | B54: unutarnja PVC klupčica, vanjska opisana u limarskim radovima;
A55: d) | B55: ukupni koeﬁcijent prolaska topline cijele stijene Uw ≤ 0,90 W/m2K;
A56: e) | B56: ostakljenje: trostruko IZO staklo 4/16Ar/4/16Ar/c4, ispuna argonom, s jednim staklom niske emisije, s proračunskim dokazom koef. prolaska topline Ug ≤ 0,70 W/m2K, faktor gꞱ> 0,50
A57: f) | B57: eslinger roleta s izoliranom kutijom za rolete i komarnikom Umax=0,6 W/m2K
A58: g) | B58: rubni opšav (vanjski i unutarnji) - RAL ugradnja: vanjska hidroizolacija-paropropusna folija i unutarnja - paronepropusna (parna brana); ili brtvena ekspandirajuća traka.
B59: Stavka uključuje kompletnu funkcionalnu, završno ugrađenu, ostakljenu i obrađenu stavku, sav okov po izboru projektanta, sva sidra i sidrene detalje, spojna i pričvrsna sredstva. U stavku je uključena obrada spoja na kontaktne plohe zidova kao i sva potrebna prilagođavanja i podešavanja. Vrstu okova predložiti projektantu na uvid i odobrenje.
B60: U cijenu stavke uračunato je uzimanje mjera na licu mjesta, dobava i ugradnja. Obračun po komadu.
B61: Izvesti prema shemi stolarije (st. 6a).
C62: kom | D62: 5 | F62: =D62*E62 -> 0
A64: 5. | B64: Balkonska stijena - st. 6b
B65: Izrada, doprema i ugradnja dvodijelne PVC balkonske stijene koja se sastoji od jednih zaokretno-otklopnih balkonskih vratiju i jednog prozora sa dva otklopno-zaokretna krila u otvoru cca 81x237/130x157 cm. Karakteristike:
A66: a) | B66: balkonska vrata i prozorska otklopno-zaokretna krila od PVC profila u bijeloj boji. Sistemski metalni okov za ručno otvaranje.
A67: b) | B67: donji horizontalni slijepi profil dimenzije 5/7 cm
A68: c) | B68: unutarnja PVC klupčica, vanjska opisana u limarskim radovima;
A69: d) | B69: ukupni koeﬁcijent prolaska topline cijele stijene Uw ≤ 0,90 W/m2K;
A70: e) | B70: ostakljenje: trostruko IZO staklo 4/16Ar/4/16Ar/c4, ispuna argonom, s jednim staklom niske emisije, s proračunskim dokazom koef. prolaska topline Ug ≤ 0,70 W/m2K, faktor gꞱ> 0,50
A71: f) | B71: eslinger roleta s izoliranom kutijom za rolete i komarnikom Umax=0,6 W/m2K
A72: g) | B72: rubni opšav (vanjski i unutarnji) - RAL ugradnja: vanjska hidroizolacija-paropropusna folija i unutarnja - paronepropusna (parna brana); ili brtvena ekspandirajuća traka.
B73: Stavka uključuje kompletnu funkcionalnu, završno ugrađenu, ostakljenu i obrađenu stavku, sav okov po izboru projektanta, sva sidra i sidrene detalje, spojna i pričvrsna sredstva. U stavku je uključena obrada spoja na kontaktne plohe zidova kao i sva potrebna prilagođavanja i podešavanja. Vrstu okova predložiti projektantu na uvid i odobrenje.
B74: U cijenu stavke uračunato je uzimanje mjera na licu mjesta, dobava i ugradnja. Obračun po komadu.
B75: Izvesti prema shemi stolarije (st. 6b).
C76: kom | D76: 10 | F76: =D76*E76 -> 0
A78: 6. | B78: Balkonska stijena - st. 7a
B79: Izrada, doprema i ugradnja dvodijelne PVC balkonske stijene koja se sastoji od jednih dvokrilnih balkonskih vrata sa zaokretno-otklopnim krilima i jednog prozora sa dva otklopno-zaokretna krila u otvoru cca 130x157/141x237 cm. Karakteristike:
A80: a) | B80: balkonska vrata i prozorska otklopno-zaokretna krila od PVC profila u bijeloj boji. Sistemski metalni okov za ručno otvaranje.
A81: b) | B81: donji horizontalni slijepi profil dimenzije 5/7 cm
A82: c) | B82: unutarnja PVC klupčica, vanjska opisana u limarskim radovima;
A83: d) | B83: ukupni koeﬁcijent prolaska topline cijele stijene Uw ≤ 0,90 W/m2K;
A84: e) | B84: ostakljenje: trostruko IZO staklo 4/16Ar/4/16Ar/c4, ispuna argonom, s jednim staklom niske emisije, s proračunskim dokazom koef. prolaska topline Ug ≤ 0,70 W/m2K, faktor gꞱ> 0,50
A85: f) | B85: eslinger roleta s izoliranom kutijom za rolete i komarnikom Umax=0,6 W/m2K
A86: g) | B86: rubni opšav (vanjski i unutarnji) - RAL ugradnja: vanjska hidroizolacija-paropropusna folija i unutarnja - paronepropusna (parna brana); ili brtvena ekspandirajuća traka.
B87: Stavka uključuje kompletnu funkcionalnu, završno ugrađenu, ostakljenu i obrađenu stavku, sav okov po izboru projektanta, sva sidra i sidrene detalje, spojna i pričvrsna sredstva. U stavku je uključena obrada spoja na kontaktne plohe zidova kao i sva potrebna prilagođavanja i podešavanja. Vrstu okova predložiti projektantu na uvid i odobrenje.
B88: U cijenu stavke uračunato je uzimanje mjera na licu mjesta, dobava i ugradnja. Obračun po komadu.
B89: Izvesti prema shemi stolarije (st. 7a).
C90: kom | D90: 10 | F90: =D90*E90 -> 0
A92: 7. | B92: Balkonska stijena - st. 7b
B93: Izrada, doprema i ugradnja dvodijelne PVC balkonske stijene koja se sastoji od jednih dvokrilnih balkonskih vrata sa zaokretno-otklopnim krilima i jednog prozora sa dva otklopno-zaokretna krila u otvoru cca 130x157/141x237 cm. Karakteristike:
A94: a) | B94: balkonska vrata i prozorska otklopno-zaokretna krila od PVC profila u bijeloj boji. Sistemski metalni okov za ručno otvaranje.
A95: b) | B95: donji horizontalni slijepi profil dimenzije 5/7 cm
A96: c) | B96: unutarnja PVC klupčica, vanjska opisana u limarskim radovima;
A97: d) | B97: ukupni koeﬁcijent prolaska topline cijele stijene Uw ≤ 0,90 W/m2K;
A98: e) | B98: ostakljenje: trostruko IZO staklo 4/16Ar/4/16Ar/c4, ispuna argonom, s jednim staklom niske emisije, s proračunskim dokazom koef. prolaska topline Ug ≤ 0,70 W/m2K, faktor gꞱ> 0,50
A99: f) | B99: eslinger roleta s izoliranom kutijom za rolete i komarnikom Umax=0,6 W/m2K
A100: g) | B100: rubni opšav (vanjski i unutarnji) - RAL ugradnja: vanjska hidroizolacija-paropropusna folija i unutarnja - paronepropusna (parna brana); ili brtvena ekspandirajuća traka.
B101: Stavka uključuje kompletnu funkcionalnu, završno ugrađenu, ostakljenu i obrađenu stavku, sav okov po izboru projektanta, sva sidra i sidrene detalje, spojna i pričvrsna sredstva. U stavku je uključena obrada spoja na kontaktne plohe zidova kao i sva potrebna prilagođavanja i podešavanja. Vrstu okova predložiti projektantu na uvid i odobrenje.
B102: U cijenu stavke uračunato je uzimanje mjera na licu mjesta, dobava i ugradnja. Obračun po komadu.
B103: Izvesti prema shemi stolarije (st. 7b).
C104: kom | D104: 10 | F104: =D104*E104 -> 0
A106: B.II.2. | B106: VANJSKA PVC STOLARIJA UKUPNO (STAMBENE PROSTORIJE) : | E106: EUR | F106: =SUM(F20:F104) -> 0

Sheet B.III.zz
A2: TROŠKOVNIK GRAĐEVINSKO OBRTNIČKIH RADOVA
A3: B. OBRTNIČKI RADOVI / B.III. ZAVRŠNI ZIDARSKO - FASADERSKI RADOVI
A4: r.b. | B4: opis stavke | C4: jed. | D4: kol. | E4: jed.cijena | F4: ukupno
A6: B.III. | B6: ZAVRŠNI ZIDARSKO - FASADERSKI RADOVI
A8: OPĆI UVJETI
A10: Sve radove izvođač mora izvoditi prema troškovniku i izvedbenoj projektnoj dokumentaciji, solidno i stručno, prema pravilima dobrog zanata, Zakonu o građevnim proizvodima (NN 76/13, 130/17, 39/19, 118/20), Tehničkim propisima za građevinske konstrukcije (NN 17/17, 75/20, 7/22), Pravilniku o tijelima, dokumentaciji i postupcima tržišta građevnih proizvoda (NN 118/19), Pravilniku o tehničkim normativima za projektiranje i izvođenje završnih radova u građevinarstvu (Sl.list SFRJ 21/90), Tehničkom propisu o racionalnoj upotrebi energije i toplinskoj zaštiti u zgradama (NN 128/15, 70/18, 73/18,86/18, 102/20) s pripadajućim normama, Tehničkom propisu o građevnim proizvodima (NN 35/18, 104/19), te svim ostalim hrvatskim i europskim tehničkim propisima i normama i priznatim tehničkim pravilima, ili jednakovrijedno, a osobito :
A12: HRN EN 13162:2015 ili jednakovrijedno _________________, tvornički izrađeni proizvodi od mineralne vune (MW) HRN EN 13163:2016 ili jednakovrijedno _________________, tvornički izrađeni proizvodi od ekspandiranog polistirena (EPS) HRN EN 13164:2015 ili jednakovrijedno _________________, tvornički izrađeni proizvodi od ekstrudirane polistirenske pjene (XPS) HRN EN 13165:2016 ili jednakovrijedno _________________, tvornički izrađeni proizvodi od tvrde poliuretanske pjene (PUR) HRN EN 13166:2016 ili jednakovrijedno _________________, tvornički izrađeni proizvodi od fenolne pjene (PF) HRN EN 13167:2015 ili jednakovrijedno _________________, tvornički izrađeni proizvodi od ćelijastog (pjenastog) stakla (CG) HRN EN 13168:2015 ili jednakovrijedno _________________, tvornički izrađeni proizvodi od drvene vune (WW) HRN EN 13169:2015 ili jednakovrijedno _________________, tvornički izrađeni proizvodi od ekspandiranog perlita (EPB) HRN EN 13170:2015 ili jednakovrijedno _________________, tvornički izrađeni proizvodi od ekspandiranog pluta (ICB) HRN EN 13171:2015 ili jednakovrijedno _________________, tvornički izrađeni proizvodi od drvenih vlakana (WF) ETAG 004, 03/00, 06/08 ili jednakovrijedno _________________, EXTERNAL THERMAL INSULATION COMPOSITE SYSTEMS WITH RENDERING HRN EN 13499:2004 ili jednakovrijedno _________________, povezani sustavi za vanjsku toplinsku izolaciju (ETICS) na osnovi EPS HRN EN 13500:2004 ili jednakovrijedno _________________, povezani sustavi za vanjsku toplinsku izolaciju (ETICS) na osnovi MW HRN EN 29052-1 (ISO 9052-1; EN 29052-1) ili jednakovrijedno _________________, materijali koji se upotrebljavaju u stanovima ispod plivajućih podova HRN EN 13172:2012 ili jednakovrijedno _________________, toplinsko - izoalcijski proizvodi, vrednovanje sukladnosti HRN EN 13495 ili jednakovrijedno _________________, toplinsko-izolacijski proizvodi za primjenu u zgradarstvu - određivanje otpornosti na čupanje povezanih sustava za vanjsku toplinsku izolaciju (ETICS) HRN EN 13501-1 ili jednakovrijedno _________________, razredba građevnih proizvoda i građevnih elemenata prema ponašanju u požaru HRN DIN 18 516 ili jednakovrijedno _________________, ventilirane fasade HRN EN 998-1 ili jednakovrijedno _________________, specifikacija morta za ziđe HRN EN 15824 ili jednakovrijedno _________________, specifikacije za vanjske i unutarnje žbuke na osnovi organskih veziva HRN EN 1991-1-4: Eurocod 1 - Djelovanja na konstrukcije - Dio 1-4: Opća djelovanja - Djelovanja vjetra - nacionalni dodatak ili jednakovrijedno _________________
A14: HRN EN 14063-1:2008 ili jednakovrijedno _________________, na mjestu primjene oblikovani proizvodi od lakoagregatne ekspandirane gline HRN EN 14064-1:2012 ili jednakovrijedno _________________, nevezani proizvodi od mineralne vune (MW) oblikovani na mjestu primjene HRN EN 14064-2:2010 ili jednakovrijedno _________________, nevezani proizvodi od mineralne vune (MW) oblikovani na mjestu primjene HRN EN 14316-1:2008 ili jednakovrijedno _________________, oblikovanje toplinske izolacije na mjestu primjene od proizvoda na bazi eksp. perlita (EP)
A16: HRN B.C1.030, B.C8.030 ili jednakovrijedno _________________, građevinski gips HRN B.C1.020, B.C8.030 ili jednakovrijedno _________________, građevinsko vapno HRN B.C8.015,022 – 026 ili jednakovrijedno _________________, cement HRN B.C8.011 ili jednakovrijedno _________________, portland cement HRN B.C8.030 ili jednakovrijedno _________________, pijesak HRN U.M2.010, U.M2.012 ili jednakovrijedno _________________, mortovi HRN U.F2.010 ili jednakovrijedno _________________, tehički normativi za izvođenje fasaderskih radova, ili jednakovrijedno.
A18: Ukoliko ne postoje adekvatni standardi za materijale koji se ugrađuju, obavezno je pribaviti odgovarajući atest kao dokaz kvalitete.
A20: Izvoditelj je dužan osigurati i zaštititi sve dijelove građevine na kojima se izvode radovi, radi sprečavanja oštećenja tijekom izvedbe. Pojava svih oštećenja na dijelovima na kojima se ne izvode radovi ili koji su nastupili nepažnjom izvoditelja isti je dužan otkloniti o vlastitom trošku. Naročitu pažnju treba posvetiti zaštiti stolarije koju treba zaštititi PVC građevinskom folijom. Ta zaštita ulazi u jediničnu cijenu izvedbe pročelja zgrade.
A22: Sav rad, sve komunikacije i sav transport vrši se isključivo s vanjske strane građevine, tj. preko skele. Zidarsko-fasaderski radovi se izvode na dobro očišćenoj i otprašenoj površini zida te ih treba izvoditi samo u povoljnim vremenskim uvjetima, uz odgovarajuće osiguranje i zaštitu svježe ožbukanih površina od štetnog utjecaja djelovanja sunca i oborina. Sve detalje izvedbe na pročelju potrebno je dogovoriti i na njih ishoditi suglasnost nadzornog inženjera, a prije pristupanja izvedbi radova. Obračun svih radova vršit će se kako je to naznačeno u opisu stavke.
A24: Žbukati tek kada se zidovi osuše. Ne smije se žbukati kad postoji opasnost od smrzavanja ili ekstremno visokih temperatura 30° ili više. Zidovi moraju biti prije žbukanja čisti, a fuge udubljene da se žbuka može dobro primiti. Prije žbukanja zidove navlažiti, a osobito kod cementne žbuke/ morta. Ukoliko na zidovima izbija salitra – treba ih četkom očistiti i oprati rastvorom solne kiseline u vodi (omjer 1:10) o trošku izvođača i dodavati sredstvo protiv izbijanja salitre u mort. Prva faza žbukanja je bacanje grubog šprica (oštri pijesak, cement, voda) i to zidarskom žlicom, a ne tavom. Na grubi špric bacati grubu žbuku kojom se definira ravnina žbukane plohe. Fina žbuka služi samo za zaglađivanje površina. Treba je izraditi tako da površine budu posve ravne i glatke, a uglovi i bridovi, te spojevi zida i stropa izvedeni oštro ukoliko u troškovniku nije drugačije označeno. Rabiciranje žbuke izvodi se pomoću tekstilno staklene mrežice otporne na alkalije ili sitno pletene mreže od nehrđajućeg čelika. Točno izvedena žbuka je ona koja po horizontali i vertikali nema odstupanja veća od 1‰ u bilo kojem smjeru, za jednu etažu. Troškovi sanacije dijelova izvedenih van ovih kriterija padaju na teret izvođača radova.
A25: Mort za žbukanja mora odgovarati HRN U.M2.012 ili jednakovrijedno. Prije žbukanja sve zidne površine potrebno je očistiti i pošpricati rijetkim cementnim mortom u omjeru 1:1. Završne plohe zida moraju biti ravne, fine i jednolično zaglađene. Mort treba biti miješan u omjerima materijala kako je određeno projektom morta, a koji je dužan dostaviti izvođač. Navedenim projektom se mora postići projektirana marka morta. Sav pribor koji se koristi pri mješanju i transportu se treba održavati čistim. Nakon što se mort izvadi iz mješalice ne smije mu se dodavati nikakav materijal. Mort mora biti upotrebljen prije nego počne vezivanje. Mort mora imati plastičnu konzistenciju određenu normama za mort. Unaprijed pripremljeni mort treba rabiti u skladu s uputama proizvođača i prije kraja roka uporabe deklariranog od proizvođača.
A27: ETICS (the external thermal insulation composite system), odnosno povezani sustav za vanjsku toplinsku izolaciju sastoji se od ljepila, toplinske izolacije (EPS, mineralna vuna), polimercementne armirane žbuke, impregnacijskog premaza i završne žbuke u odabranoj boji i teksturi (silikatna, akrilna, silikonska). ETICS sustav treba izvoditi komponentama jednog, odabranog sustava. Kod ugradnje svih komponenti pridržavati se uputa proizvođača (način ugradnje, sušenje). Pri izvedbi ETICS-a, odnosno povezanog sustava za vanjsku toplinsku izolaciju potrebno je pridržavati se Smjernica za izradu ETICS sustava (HUPFAS). Izbor pričvrsnica mora odgovarati kategoriji opterećenja za postojeću podlogu u skladu sa smjernicom ETAG 014 ili jednakovrijedno _________________. Svaka pričvrsnica koja se koristi treba imati dokaz uporabljivosti u skladu s europskom smjernicom ETAG 014 ili jednakovrijedno _________________ prema kojoj treba biti izdana tehnička ocjena. Ako podloga ne odgovara nit jednoj kategoriji prema ETAG 014 ili jednakovrijedno _________________, potrebno je izvesti ispitivanje nosivosti pričvrsnice na gradilištu (pull-off) test. Tip i broj pričvrsnica po m² određuje se na temelju proračuna negativnih tlakova u skladu s važećom hrvatskom normom HRN EN 1991-1-4:2012/NA: 2012: Eurokod 1- Djelovanja na konstrukcije – dio 1-4: Opća djelovanja – Djelovanja vjetra – nacionalni dodatak i nosivosti pričvrsnice na postojećoj podlozi ili jednakovrijedno _________________. Norma vrijedi za zgrade visine do 22 m, omjera visine i manje strane objekta h/d≤2, nadmorske visine do 500 mnm, te nazivne brzine vjetra do vref,0 35 m/s. Za sve ostale slučajeve obavezno je izraditi proračun broja pričvrsnica u skladu s važećim hrvatskim tehničkim propisima. Duljinu pričvrsnica je potrebno odrediti na način da se osigura, od proizvođača propisana, dubina sidrenja. Pričvrsnice ne smiju biti sidrene u žbuku, već isključivo u nosivu podlogu (beton, opeka). Lijepljenje toplinske izolacije na podlogu treba vršiti na način kako je to opisano u nacionalnim Smjernicama z aizradu ETICS sustava (HUPFAS-a). Pričvrsnica može efikasno pružiti negativno opterećenje vjetrom jedino ako se ispod nje nalazi sloj ljepila. Temeljem važeće hrvatske i europske građevne regulative svi su ponuđači sustava dužni nuditi kompletni toplinsko - izolacijski sustav za koji je proveden postupak ocijenjivanja sukladnosti i izdane isprave o sukladnosti u skladu s odredbama Pravilnika za ocijenjivanje sukladnosti, isprave o skuladnosti i označavanje građevnih proizvoda (NN 103/08, 147/09, 87/10, 129/11). Izvođači su dužni iste ugraditi prema tehničkoj uputi proizvođača i smjernicama HUPFAS-a te kontrolirati jesu li proizvodi koji su isporučeni na gradilište dio sustava. Izvođač sustava i nadzorni inženjner na gradilištu obavezni su kontrolirati jesu li isporučeni elementi odgovarajućeg sustava za koji je proveden postupak ocijenja sukladnosti u skladu s važećim zakonima i propisima, te na gradilištu imati svu pripadajuću dokumentaciju (tehničke upute, potvrde, izjave o sukladnosti i dr.).
A47: Ukoliko se izvodi ventilirano pročelje, radove treba uskladiti s radovima na izvedbi ventiliranog pročelja i ugradnjom prozora i vrata u sklopu istog ventiliranog pročelja (vidi odgovarajuće grupe radova). To se odnosi kako na izvedbu detalja spojeva i potkonstrukcije te brtvljenja i kitanja (odnosno obrada spojeva), tako i na vremensko usklađenje izvođenja radova (koordinacija izvođenja). Potrebno je koordinirati svoje aktivnosti sa ostalim sudionicima u projektu, a prema terminskom planu.
... A59: Toplinska izolacija obračunava se po stvarnoj površini, s odbijanjem svih otvora. Radovi završnog žbukanja (armirana vapnena i polimercementna žbuka, impregnacijski premaz i završna žbuka) zidova određeni su prema normativima (GN 421) i standardima u građevinarstvu, a obračunavaju se na sljedeći način: 1. Otvori veličine do 3,0 m² ne odbijaju se, a njihove špalete se posebno ne obračunavaju. 2. Kod otvora veličine 3,0 do 5,0 m² odbija se površina preko 3,0 m², a špalete se posebno ne obračunavaju. 3. Kod otvora preko 5,0 m² odbija se površina preko 3,0 m², a špalete oko otvora se obračunavaju posebno. Ako su špalete veće od 20 cm, tada se višak preko 20 cm obračunava posebno po m².
A61: 1. | B61: Izvedba ETICS-a na vanjskim zidovima MW=14 cm, MW=8cm, MW=5cm, MW=3cm, špalete MW=3cm - oznake - VZ1, VZ2, VZ3, VZ4
B62: Izvedba certificiranog ETICS sustava toplinske izolacije vanjskih zidova (prema normi HRN EN 13500:2004 ili jednakovrijedno _________________), klasificiranje otpornosti na požar (prema normi HRN EN 13501-1) ili jednakovrijedno, sa svim potrebnim predradnjama i pripremom podloge koja je opisana i obračunata u pripremnim radovima A.I. Toplinska izolacija se izvodi mineralnom (kamenom) vunom (λ≤0,036 W/mK, klase negorivosti A1), različitih debljina (od 4 i 14 cm), s tankoslojnim polimer cementnim mortom debljine min 0,5 cm nanesenim u dva sloja i armiranim staklenom alkalnootpornom mrežicom između slojeva.
B63: Završni dekorativni sloj izvesti od tankoslojne silikatne žbuke debljine 0,3 cm na prethodno impregniranu podlogu prema odabranom proizvođaču i tipu završnog sloja. Izbor završne žbuke, boja, granulacija i tekstura žbuke po odabiru projektanta - nikakva dodatna obrada ploha nije potrebna. Ploče mineralne (kamene) vune su lijepljene i mehanički učvršćene plastičnim pričvrsnicama sa širokim glavama, sve prema preporuci proizvođača. Minimalni broj pričvrsnica je 6, a maksimalni 12 kom/m². Izbor pričvrsnica i potrebni broj kom po m² je opisan u općim uvjetima.
B64: U cijenu su uključeni svi potrebni profili za žbukanje i profili za pročelje, alu i/ili PVC kutnici (sa mrežicom), sokl profili, okapni profili na nadvojima otvora, ojačanja za rubove, otvore, uglove, dilatacijske reške i dr., te brtvljenje spojeva pročelja i vanjske stolarije i bravarije brtvom Sd=0,50.
B65: Sve radove treba izvesti isključivo po uputama, koristeći materijale, alate i način izvođenja po tehnologiji proizvođača slojeva pročelja, prema gl. arhitektonskom projektu i detaljima, te projektu racionalne uporabe energije i toplinske zaštite z.o.p. SAE-168-2024.
B66: Obračun toplinske izolacije i završne žbuke (armirana polimercementna žbuka, impregnacijski premaz i završna žbuka) je po m² izvedene površine, na sljedeći način: Kod obračuna TI otvori se odbijaju u čitavoj površini. Toplinska izolacija špaleta debljine 4 cm obračunava se zasebno u m². Obračun završne žbuke (armirana polimercementna žbuka, impregnacijski premaz i završna žbuka) određen je prema građevinskoj normi i opisan je u općim uvjetima. U cijenu je uključeno isprobavanje uzorka boje žbuke prije odabira boje pročelja.
B68: vanjski zidovi pročelja (MW) d=14 cm | C68: m² | D68: 1810 | F68: =D68*E68 -> 0 | G68: =7.15*111 -> 793.65 | H68: OVO SU TOČNE KOLIČINE ILI UVEĆANE?
B69: vanjski zidovi lođa (MW) d=8 cm | C69: m² | D69: 90 | F69: =D69*E69 -> 0
B70: podgled stropne ploče lođe i nadstrešnica nad ulazom (MW) d=4 cm | C70: m² | D70: =(1.7*30)+15 -> 66 | F70: =D70*E70 -> 0
B71: špalete prozora MW d=4 cm | C71: m² | D71: 35 | F71: =D71*E71 -> 0
B72: špalete prozora MW d=3 cm | C72: m² | D72: 390 | F72: =D72*E72 -> 0 | G72: =4.45*25 -> 111.25
B73: završna žbuka | C73: m² | D73: 2326 | F73: =D73*E73 -> 0 | G73: P ZAPAD | H73: =(1*1.2*5)+(2.3*0.7)+(3*0.7)+(1.7*1.3*15)+(0.9*1.3*2)+(0.95*2.2*3)+(2.15*1.3*2)+(1.1*1.3)+(1*0.8)+(1*1.1) -> 60.39 | J73: =P74*0.17 -> 7.3593 | K73: m2 | L73: Š ZAPAD 17 | M73: =((1.2+1+1.2)*4)+(2.3+0.7+0.7)+(3+0.7+0.7)+((1.7+1.3+1.3)*8)+(1+0.8+0.8) -> 58.7 | N73: m' | O73: Š ZAPAD 18 | P73: =((0.95+2.2+2.2-1.3-1.3)*2)+((0.9+1.3)*2)+((2.15+1.3)*2)+(0.95+2.2+2.2-1.3)+(1.1+1.3) -> 23.25 | Q73: m'
B74: završna žbuka špaleta prozora širine preko 20 cm | C74: m² | D74: 759 | F74: =D74*E74 -> 0 | G74: P JUG | H74: =(3*2)+(2.09*4)+(1.75*4)-(8.11*3)+(1*2.2*2)+(3.9*0.5*3) -> 7.28 | L74: Š ZAPAD 28 | M74: =((1.7+1.3+1.3)*8)+((0.9+1.3)*2)+((0.95+2.2+2.2-1.3-1.3)*2)+((2.15+1.3)*2)+(0.95+2.2+2.2-1.3)+(1.1+1.3)+(3+1.3+1.3)+(1+1.1+1.1)-P73 -> 43.2 | N74: m' | O74: Š JUG 17 | P74: =(2.85+2.85+3.9)*3+(4.83*3) -> 43.29 | Q74: m'
F75: =SUM(F68:F74) -> 0 | G75: P ISTOK | H75: =(5.3*0.5*3)+(1*2.1*2)-3-2+(15*1.7*1.3)+(1*0.8)+(1.7*2.25)-0.82+(1.25*0.8)+(1*2.5)+(3*0.7)+(0.65*0.7*2)+(2.15*2.4)+(0.95*2.2*3)+(0.9*1.3*2)+(2.15*1.3*2)+(3*1.3)+(1*1.1)+(5.4*0.5*3) -> 83.075 | L75: Š SJEVER 17 | M75: =(1.4+2.35+2.35)+(0.65+0.7+0.7) -> 8.15 | N75: m' | O75: Š JUG 28 | P75: =((2.3+1.3+1.3)*2)+((0.95+2.2+2.2-1.3)*4)+((1.35+1.3)*4) -> 36.6 | Q75: m'
A77: 2. | B77: Sanacija i završna obrada dijelova koji se toplinski ne izoliraju | G77: P SJEVER | H77: =3+(0.45)+(1*2.2*4)+(0.9*0.7*2)+(0.9*2.2)+(0.8*1.3)+(1.7*1.3) -> 18.74 | L77: Š SJEVER 28 | M77: =(1+2.2)*4 -> 12.8 | N77: m'
B78: Zidarska obrada i sanacija parapetnih zidova i podgleda loggia i ostalih dijelova koji se toplinski ne izoliraju, reparaturnim mortom te bojanje. Izvesti završni dekorativni sloj od tankoslojne silikatne žbuke debljine 2 mm na prethodno impregniranu podlogu prema odabranom proizvođaču i tipu završnog sloja. Obračun je određen prema građevinskoj normi (HRN U.F2.010- Završni radovi u građevinarstvu ili jednakovrijedno_____________) . | L78: Š ISTOK 17 | M78: =(1.25+0.8+2.5+1+2.5-0.8)+(3+0.7+0.7)+((0.65+0.7+0.7)*2)+(2.4+2.4+2.15)+((1.7+1.3+1.3)*4)+(1+0.8+0.8)+((5.3+0.5+0.5)*3)+(6.4*3) -> 80.6 | N78: m' | O78: Š ISTOK 18 | P78: =(0.95+2.2+2.2-1.3)+(1.1+1.3)+((2+1.3)*2)+((0.95+2.2+2.2-1.3-1.3)*4)+((0.9+1.3)*4)+((2.15+1.3)*2) -> 39.75 | Q78: m'
B79: završna žbuka | C79: m² | D79: 239 | F79: =D79*E79 -> 0 | L79: Š ISTOK 28 | M79: =((1.7+1.3+1.3)*11)+((1+2.1+2.1)*2)+(3+1.3+1.3)+(1+1.1+1.1) -> 66.5 | N79: m' | O79: DODANA ŠPALETA OKO PROZORA LOĐA | S79: =(6.7)*3 -> 20.1
B80: zidovi i kape dimnjaka i ventilacijskih vertikala | C80: m² | D80: 38 | F80: =D80*E80 -> 0
A82: 3. | B82: Doprema i ugradnja PVC fasadne zaštitne rešetke za ventilaciju promjera 15 cm.
B83: Prije dopreme i izvedbe potrebno je dostaviti uzorak koji treba odobriti nadzorna osoba. Stavka uključuje potrebni spojni materijal kao i izvedbu svih potrebnih prelaznih elemenata. U cijenu stavke uračunato je uzimanje mjera na licu mjesta, dobava i ugradnja. Obračun prema komadu kompletno izvedene i montirane rešetke. | H83: =(12.7*0.3)+6.9+8.9+0.7+0.6+1.7+0.6+4+0.4+6.4+(1.18*0.3) -> 34.364
C84: kom | D84: 90 | F84: =D84*E84 -> 0 | H84: =H83+0.8+1.2+0.6+3.4+3.4 -> 43.764
A86: 4. | B86: Obloga unutarnjih kutija za rolete gipskartonskim pločama na prozorima
B87: Dobava materijala i izvedba oblage od GK ploča d = 12, 5 mm unutarnjih kutija za rolete na prozorima. Jednostruko oblaganje. Fugirano, priprema za bojanje i to na način da se cijela površina prvo pregleta čistim gipsanim gletom, a zatim impregnira impregnacijom za unutrašnje površine. Sve spojeve između gips-kartonskih i drugih površina potrebno je uredno pokitati odgovarajućim akrilnim kitom. Obračun po m². Detalj D3,D4.
C88: m² | D88: 35 | F88: =D88*E88 -> 0
A90: 5. | B90: Izvedba ETICS-a na vanjskim zidovima u podnožju, XPS=14 cm.
B91: NAPOMENA: Sve mjere izvedbe, kao i postojeće konstukcije provjeriti na licu mjesta prije planiranja i organizacije radova.
B92: Izvedba certificiranog ETICS (prema ETAG 004 ili jednakovrijedno) sustava toplinske izolacije vanjskih zidova sa svim potrebnim predradnjama i pripremom podloge. Izvedba izolacije podnožja zgrade visine cca. 30 cm, postavom ploča od ekstrudiranog polistirena (XPS) λ≤0,036 W/mK, debljine 14 cm, odnosno 14 + 3 cm na mjestima ab ploče prizemlja i temelja postavljaju se na postojeću hidroizolaciju, minimalne gustoće 30kg/m3, s tankoslojnom polimer cementnom žbukom debljine 0,5 cm armiranom staklenom alkalnootpornom mrežicom, te završnim vodoodbojnim slojem teraplasta s dodatkom fungicida na prethodno impregniranu podlogu, sve iz sustava istog proizvođača. Vrsta impregnacije prema vrsti završnog sloja. Odabri boje, granulacije i teksture žbuke uz odobrenje projektanta. U dijelu ispod nivoa terena na ploče XPS-a se sa vanjske strane postavlja čepasta folija (HDPE) s čepićima okrenutim prema XPS-u.
B93: U cijenu su uključeni svi potrebni profili i okapi, te brtvene trake na spoju dijela zida izoliranog XPS-om i dijela zida izoliranog mineralnom (kamenom) vunom. Izvesti prema projektu. U stavku je uključena izvedba probnih uzoraka boje na pročelju zgrade prije odabira završne nijanse boje. Ploče XPS-a su lijepljene na podlogu i mehanički učvršćene plastičnim pričvrsnicama sa širokim glavama, sve prema preporuci proizvođača. Minimalni broj pričvrsnica je 6, a maksimalni 12 kom/m². Izbor pričvrsnica i potrebni broj kom po m² je opisan u općim uvjetima. U cijenu su uključeni svi potrebni profili za žbukanje i profili za pročelje, alu i/ili PVC kutnici sa mrežicom, sokl profili, okapni profili na nadvojima otvora, ojačanja za rubove, otvore, uglove i dr., te priključni profil sa samoljepljivom brtvenom trakom i mrežicom na sudaru špaleta sa stolarskim stavkama. | H93: =(5.53+5.53+3.85+3.85+1.73+1.73+(4.89*5))*0.32+(4.68*3*1.2) -> 31.7824
B94: Završno - dekorativni sloj izvodi se min 15 cm ispod završne kote terena. Kod izvedbe podnožja u ravnini sa pročeljem potrebno je izvesti sloj oblutaka kako bi se osiguralo što manje prskanja vodom. U cijenu su uključeni svi potrebni profili i okapi, te brtvene trake. Izvesti prema projektu i detalju. Detalj D1. | H94: =2.51*25 -> 62.75
B95: Sve radove treba izvesti isključivo po uputama, koristeći materijale, alate i način izvođenja po tehnologiji proizvođača slojeva pročelja, prema gl. arhitektonskom projektu i detaljima (D4a, D4b), te projektu racionalne uporabe energije i toplinske zaštite z.o.p. SAE 168-2024. | H95: =#REF!+#REF!+(3.49*2)+(0.88*4)+(1.34*2)+(2.87*2)+(1.9*2)+(0.43*4)+(2*6)+(1*12) -> #REF!
B96: završna sokl žbuka (akrilatna mozaik žbuka) | C96: m² | D96: 103 | F96: =D96*E96 -> 0
B97: XPS debljine 14 cm, v = 60 cm | C97: m² | D97: 103 | F97: =D97*E97 -> 0
B98: XPS debljine 3 cm, v = 30 cm | C98: m² | D98: 27 | F98: =D98*E98 -> 0
B99: čepasta folija (HDPE), v = 110 cm | C99: m² | D99: 27 | F99: =D99*E99 -> 0
F100: =SUM(F96:F99) -> 0
A102: 6. | B102: Završno čišćenje
B103: Završno fino čišćenje zgrade nakon dovršetka svih građevinsko-obrtničkih radova. Prilikom čišćenja paziti da se završna obrada ne ošteti.
B104: Napomena: višekratna čišćenja u tijeku gradnje ulaze u jedinične cijene svih sudionika na gradnji, ne ulaze u ovu stavku i ne obračunavaju se posebno.
C105: komplet | D105: 1 | F105: =D105*E105 -> 0
A107: 7. | B107: Čišćenje betonskih opločnika i asfalta oko zgrade
B108: Stavka uključuje visokotlačno pranje betonske i asfaltne staze, čišćenje fuga i ispuna fuga kvarcnim posipom (pijeskom) nakon dovršetka svih građevinsko-obrtničkih radova. Prilikom čišćenja paziti da se završna obrada ne ošteti.
B109: Napomena: višekratna čišćenja u tijeku gradnje ulaze u jedinične cijene svih sudionika na gradnji, ne ulaze u ovu stavku i ne obračunavaju se posebno.
C110: komplet | D110: 1 | F110: =D110*E110 -> 0
A112: 8. | B112: Odvoz smeća
B113: Utovar i odvoz otpadnog materijala, ambalaže i sl. na deponij udaljen do 20 km.
B114: Uključivo svi troškovi prijevoza i komunalne naknade deponija. Izvodi se po nalogu i odobrenju nadzornog inženjera.
B115: Napomena: višekratni odvozi smeća u tijeku gradnje ulaze u jedinične cijene svih sudionika na gradnji, ne ulaze u ovu stavku i ne obračunavaju se posebno.
C116: komplet | D116: 1 | F116: =D116*E116 -> 0
A118: B.III. | B118: ZAVRŠNI ZIDARSKO - FASADERSKI RADOVI UKUPNO: | E118: EUR | F118: =(F116+F110+F105+F100+F88+F84+F80+F79+F75) -> 0

Sheet B.IV.1.lič
A2: TROŠKOVNIK GRAĐEVINSKO OBRTNIČKIH RADOVA
A3: B. OBRTNIČKI RADOVI / B.IV.1. SOBOSLIKARSKO-LIČILAČKI RADOVI
A4: r.b. | B4: opis stavke | C4: jed. | D4: kol. | E4: jed.cijena | F4: ukupno
A7: B.IV.1. | B7: SOBOSLIKARSKO-LIČILAČKI RADOVI (ZAJEDNIČKIH PROSTORIJA) UKUPNO:
A9: OPĆI UVJETI
A11: Materijal koji će se upotrijebiti, pomoćni materijal, rad i pomoćni rad mora u svemu odgovarati standardima, propisima, Pravilniku o tehničkim normativima za projektiranje i izvođenje završnih radova u građevinarstvu (Sl. list SFRJ 21/90) i Tehničkim uvjetima za izvođenje ličilačkih radova HRN U.F2.O12/78 ili jednakovrijedno _________________. Sav vezivni materijal, ljepila, materijal za brtvljenje i pomoćna sredstva prema HRN U.F1.011 ili jednakovrijedno _________________, ili jednakovrijedno.
A13: Prije početka izvedbe radova izvoditelj je dužan projektantu predočiti uzorke boja odgovarajuće za određen tip obrade i izvesti probna bojanja s uzorcima na plohama koje se obrađuju, i to u više nijansi boja, na osnovu čega će projektant odabrati boju i način nanošenja odnosno tip valjka. Tek po izboru i odobrenju projektanta može se otpočeti sa radovima na tako odabran način. Gore navedeno neće se posebno platiti već predstavlja trošak i obvezu izvoditelja i ulazi u jediničnu cijenu izvedbe radova.
A15: Sva bojanja i ličenja treba izvesti samo na suhim, čistim, ravnim ili ravnomjerno zakrivljenim (po projektu) i odmašćenim plohama. Podlogu treba prije početka radova pregledati i kod većih oštećenja ili zaprljanja i zamašćenja na isto upozoriti nadzornog inženjera i radove prekinuti dok se podloga odgovarajuće ne pripremi. Kod manjih oštećenja treba izvoditelj podlogu dovesti u potrebno stanje za kvalitetan rad brušenjem manjih neravnina, kitanjem i zapunjavanjem pukotina i manjih udubina kitom za zapunjavanje i izravnanje. Nakon toga treba obavezno izvesti gletanje odgovarajućom glet masom za određeni tip podloge do potrebne glatkoće, ako nije u stavci troškovnik drugačije navedeno. Sve gore navedeno treba uračunati u jediničnu cijenu.
A17: Pri radu treba se strogo pridržavati pravila zaštite na radu, uz primjenu odgovarajućih zaštitnih sredstava. Sve prostorije po završetku radova treba dobro prozračiti ili ventilirati. Prilikom izvođenja radova izvoditelj treba zaštititi sve susjedne plohe i dijelove konstrukcije na takav način da ne dođe do njihovog prljanja i oštećenja i isto uračunati u cijeni. Ukoliko do prljanja i oštećenja ipak dođe, isto će izvoditelj očistiti i popraviti na svoj trošak.
A19: Tijekom izvođenja radova treba obratiti pažnju na atmosferske prilike. Vanjski radovi se ne smiju izvoditi u slučaju oborina, magle, zraka prezasićenog vlagom, te jakog vjetra i temperature ispod +5°C.
A21: Premazi i boje moraju biti postojani na svjetlo i otporni na pranje vodom, a na vanjskim plohama otporni na atmosferilije. Svi soboslikarski radovi moraju se izvesti prema izabranim uzorcima.
A23: Izvođač može započeti radove tek kad su iz prostorije odstranjeni svi otpaci i drugo što bi moglo smetati izvedbi. Za sve vrste soboslikarsko-ličilačkih radova podloge moraju biti čiste od prašine i druge prljavštine kao što su: smole, ulja, masti, čađa, gar, bitumen, cement, mort i dr. Bojati ili ličiti dopušteno je samo na suhu i pripremljenu podlogu. Vanjski ličilački radovi ne smiju se izvoditi po lošem vremenu, koje bi moglo štetiti kvaliteti radova (npr. hladnoća, oborine, magla, jak vjetar i sl.).
A25: Zabranjeno je bacati u kanalizaciju i sanitarne uređaje ostatke boje, vapna, gipsa, kita i drugog materijala.
A27: ZIDOVI
A28: Unutrašnji zidovi prostorija prvo se izravnavaju, gletaju specijalnim postavama koje moraju dobro prilijegati na podlogu i nakon sušenja činiti vrlo čvrstu podlogu za bojanje disperzivnim bojama. U obračunu su posebno iskazane žbukane / betonske površine od gipskartonskih površina. Grundiranje površine izvodi se i obračunava za cijelu površinu podloga od gipskartonskih ploča. Kvaliteta kitanja i ličenja kontrolira se noću ili u zamračenoj prostoriji reflektorom prislonjenim uz plohu zida odnosno stropa.
A30: Vrste boja za unutarnje / vanjske prostora: - vapno – zastarjela tehnologija koja se danas uglavnom više ne primjenjuje - uljena boja – zastarjela tehnologija koja se danas uglavnom više ne primjenjuje - disperzivne - disperzije bazirane na polimernim vezivima, kao npr. akrilna smola, silikatne, silikonske... - disperzivne latex -disperzije na bazi vinilacetatnog polimera, izuzetno čvrste i otporne na pranje / ribanje - dekorativne stucco boje - na bazi gašenog vapna i finih zrnaca mramornog praha sa specijalnim aditivima
... A64: Jedinična cijena treba obuhvatiti: - bojanje u više boja prema izboru projektanta - sav materijal, dobavu, izradu I dopremu alata, mehanizaciju i uskladištenje - troškove radne snage za kompletan rad opisan u troškovniku - sve horizontalne i vertikalne transporte do mjesta montaže - potrebnu radnu skelu (izuzima se fasadna skela) - čišćenje nakon završetka radova - svu štetu kao i troškove popravka kao posljedica nepažnje u toku izvedbe - troškove zaštite na radu - troškove atesta - zaštitu okolnih konstrukcija od prljanja - čišćenje po završenom radu uključivo odvoz viška materijala na gradski deponiJ udaljen 20 km
A66: 1. | B66: Popravak boje - ličenje unutarnjih ožbukanih zidova, stropova, špaleta, greda, parapeta nakon ugradnje stolarije
B67: Popravak boje i ličenje izvesti poludisperzivnom bojom za žbukane podloge u minimalno 2 sloja u širini do 50cm. Priprema postojećih i novo ožbukanih površina zidova, stropova, špaleta, greda i parapeta za bojanje i ličenje. Priprema se sastoji od impregnacije, kitanja i zatvaranja pojedinačnih rupa, gletanja u dva sloja s bandažiranjem svih pukotina i spojeva raznih materijala, brušenja i otprašivanja. Pripremljena površina mora biti glatka i ravna, bez neravnina. Obračun po komadu ugrađenog prozora i vrata.
B68: pozicija stolarske stavke ST1a/1b - dim. 61/61 cm | C68: kom | D68: 66 | F68: =D68*E68 -> 0 | H68: GDJE JE LIČENJE BETONSKIH DIJELOVA OGRADA?
B69: pozicija stolarske stavke ST2 - dim. 271/121 cm | C69: kom | D69: 3 | F69: =D69*E69 -> 0 | H69: ILI JE TO U ŽBUKAMA?
B70: pozicija stolarske stavke ST3 - dim. 81/221 cm | C70: kom | D70: 6 | F70: =D70*E70 -> 0
F71: =SUM(F68:I70) -> 0
A73: 2. | B73: Ličenje negrijanih prostora stubišta, zajedničkih prostora i spremišta koji se ne izoliraju | J73: vidjet još za ovo??
B74: Ličenje negrijanih prostora stubišta, zajedničkih prostora i spremišta koji se ne izoliraju. Radna skela je uključena u cijenu. Dobava materijala i obrada zidova prvoklasnom disperzivnom bojom. Bojanje u tonu prema odbiru stanara.U cijenu su uključene sve potrebne predranje (kitanje, gletanje, višekratno brušenje, premaz impregnacije i dr.) Obračun po m² zida.
B75: zidovi i stupovi | C75: m2 | D75: 1595 | F75: =D75*E75 -> 0
B76: stropovi i grede | C76: m2 | D76: 250 | F76: =D76*E76 -> 0 | H76: 10.57
A78: 3. | B78: Ličenje kaširane toplinske izolacije stropa razizemlja
B79: Ličenje unutarnjih novoizvedenih obloga stropova kaširanim pločama mineralne vune - MW. Popravak boje i ličenje izvesti poludisperzivnom bojom u minimalno 2 sloja. Priprema površina stropova za bojanje i ličenje. Pripremljena površina mora biti glatka i ravna, bez neravnina.
C80: m2 | D80: 572 | F80: =D80*E80 -> 0
A82: 4. | B82: Popravak i ličenje oštećenih dijelova metalnih ograda lođa.
B83: Popravak oštećenih dijelova postojećih metalnih ograda lak bojom za metal u sivom tonu s potrebnim predradnjama (skidanje stare boje, čišćenje od rđe, premaz temeljnom bojom) i čišćenje nakon obavljenih radova, sav potreban rad i materijal. Uključuje bojanje u minimalno 2 sloja. Ograda je složena od metalnih profila pravokutnog presjeka dimenzija stranice cca 1x1 cm i rukohvata kružnog presjeka promjera cca 4 cm.
B84: cjevi pravokutnog presjeka | C84: m' | D84: 822 | F84: =D84*E84 -> 0
B85: rukohvat - cijevi kružnog presjeka | C85: m' | D85: 212 | F85: =D85*E85 -> 0
A87: 5. | B87: Popravak i ličenje oštećenih dijelova metalnih ograda francuskih prozora.
B88: Popravak oštećenih dijelova postojećih metalnih ograda lak bojom za metal u sivom tonu, s potrebnim predradnjama (skidanje stare boje, čišćenje od rđe, premaz temeljnom bojom) i čišćenje nakon obavljenih radova, sav potreban rad i materijal. Uključuje bojanje u minimalno 2 sloja. Ograda je složena od okvira od metalnih profila pravokutnog presjeka dimenzija stranice cca 2x1cm i ispune od okomitih cijevi kružnog presjeka promjera cca 1 cm.
B89: okvir - cjevi pravokutnog presjeka | C89: m' | D89: 205 | F89: =D89*E89 -> 0
B90: ispuna - cijevi kružnog presjeka | C90: m' | D90: 552 | F90: =D90*E90 -> 0
A92: 6. | B92: Popravak i ličenje oštećenih dijelova metalnih ograda ulaznog vanjskog stubišta.
B93: Popravak oštećenih dijelova postojećih metalnih ograda lak bojom za metal u sivom tonu, s potrebnim predradnjama (skidanje stare boje, čišćenje od rđe, premaz temeljnom bojom) i čišćenje nakon obavljenih radova, sav potreban rad i materijal. Uključuje bojanje u minimalno 2 sloja. Ograda je složena od metalnih profila pravokutnog presjeka dimenzija stranice cca 2x2cm.
B94: postojeći čelični profili kvadratnog presjeka 3x3cm | C94: m' | D94: 93 | F94: =D94*E94 -> 0
B95: čelične šipke dimenzija ø cca. 10 mm | C95: m' | D95: 211 | F95: =D95*E95 -> 0
A97: 7. | B97: Popravak i ličenje oštećenih dijelova metalnih stupova koji drže nadstrešnicu i vanjsko stubište.
B98: Popravak oštećenih dijelova postojećih metalnih stupova pravokutnog presjeka dim 5x10cm lak bojom za metal u sivom tonu, s potrebnim predradnjama (skidanje stare boje, čišćenje od rđe, premaz temeljnom bojom) i čišćenje nakon obavljenih radova, sav potreban rad i materijal. Uključuje bojanje u minimalno 2 sloja. Stupovi su složeni od od U čeličnih profila dimenzija 10X5cm pokrivenih s otvorene strane limom što seve čini sandučasti pravokutni presjek.
C99: m' | D99: 24 | F99: =D99*E99 -> 0
A101: 8. | B101: Popravak i ličenje svih metalnih površina raznih nosača i elemenata instalacija koji se nalaze na krovu.
B102: Popravak i ličenje svih metalnih površina (uključujući metalne dijelove svjetlarnika, kape dimnjaka i ventilacija)raznih nosača i elemenata instalacija koji se nalaze na krovu lak bojom za metal u sivom tonu, s potrebnim predradnjama (skidanje stare boje, čišćenje od rđe, premaz temeljnom bojom) i čišćenje nakon obavljenih radova, sav potreban rad i materijal. Uključuje bojanje u minimalno 2 sloja.
C103: m2 | D103: 5 | F103: =D103*E103 -> 0
A105: B.IV.1. | B105: SOBOSLIKARSKO-LIČILAČKI RADOVI (ZAJEDNIČKE PROSTORIJE) UKUPNO: | E105: EUR | F105: =F103+F99+F95+F94+F90+F89+F85+F84+F80+F76+F75+F71 -> 0

Sheet B.IV.2.lič
A2: TROŠKOVNIK GRAĐEVINSKO OBRTNIČKIH RADOVA
A3: B. OBRTNIČKI RADOVI / B.IV.2. SOBOSLIKARSKO-LIČILAČKI RADOVI
A4: r.b. | B4: opis stavke | C4: jed. | D4: kol. | E4: jed.cijena | F4: ukupno
A7: B.IV.2. | B7: SOBOSLIKARSKO-LIČILAČKI RADOVI (STANOVI) UKUPNO:
A9: 1. | B9: Popravak boje - ličenje unutarnjih ožbukanih zidova, stropova, špaleta, greda, parapeta nakon ugradnje stolarije
B10: Popravak boje i ličenje izvesti poludisperzivnom bojom za žbukane podloge u minimalno 2 sloja u širini do 50 cm. Priprema postojećih i novo ožbukanih površina zidova, stropova, špaleta, greda i parapeta za bojanje i ličenje. Priprema se sastoji od impregnacije, kitanja i zatvaranja pojedinačnih rupa, gletanja u dva sloja s bandažiranjem svih pukotina i spojeva raznih materijala, brušenja i otprašivanja. Pripremljena površina mora biti glatka i ravna, bez neravnina. Obračun po komadu ugrađenog prozora i vrata.
B11: pozicija stolarske stavke ST7 - dim. 81/157 cm | C11: kom | D11: 18 | F11: =D11*E11 -> 0
B12: pozicija stolarske stavke ST5a/b - dim. 181/157 cm | C12: kom | D12: 8 | F12: =D12*E12 -> 0
B13: pozicija stolarske stavke ST6a/b -dim. 81x237/130x157 cm | C13: kom | D13: 15 | F13: =D13*E13 -> 0
B14: pozicija stolarske stavke ST7a/b -dim. 130x157/141x2,37 cm | C14: kom | D14: 16 | F14: =D14*E14 -> 0
F15: =SUM(F11:F14) -> 0
A17: B.IV.2 | B17: SOBOSLIKARSKO-LIČILAČKI RADOVI (STANOVI) UKUPNO: | E17: EUR | F17: =SUM(F15) -> 0

Sheet B.V.podopol.
A2: TROŠKOVNIK GRAĐEVINSKO OBRTNIČKIH RADOVA
A3: B. OBRTNIČKI RADOVI / B.V. PODOPOLAGAČKI RADOVI
A4: r.b. | B4: opis stavke | C4: jed. | D4: kol. | E4: jed.cijena | F4: ukupno
A7: B.V. | B7: PODOPOLAGAČKI RADOVI
B9: OPĆI UVJETI
B11: Pri izvedbi podopolagačkih radova u svemu se pridržavati Tehničkih uvjeta za izvođenje podopolagačkih radova HRN U.F2.033 i HRN U.F2.034 ili jednakovrijedno __________________.
B13: Izvođač treba prije polaganja ispitati horizontalnost i izpravnost postojeće podloge. Ukoliko je podloga neispravna, treba se izvesti nova, ili sanirati postojeća. Izvođač je dužan dati uzorke podne obloge na izbor projektantu i investitoru. U slučaju pojave neispravnosti na položenom podu, treba se prvo ustanoviti razlog iste, tj. da li je zbog lošeg materijala, loše izrade ili lošeg rukovanja, a nakon toga pristupiti sanaciji o trošku odgovorne osobe.
B15: Izvođač treba upotrijebiti materijal koji po vrsti, boji i kvaliteti odgovara uzorku što ga odabere projektant. Ugrađene pločice moraju biti klase po opisu iz stavke troškovnika, a ako isto nije specificirano, moraju biti "A" klase, kako za podno tako i za zidno opločenje. Sve pločice moraju odgovarati propisanim klasama protukliznosti, vatrootpornosti i otpornosti na mraz navedenim u stavkama troškovnika, za što je potrebno osigurati potvrde o sukladnosti (certifikate) te prije početka polaganja iste dostaviti nadzornom inženjeru. Rubovi pločica moraju biti oštri, ravni, paralelni i neoštećeni, površine pločica bez zareza i mjehurića, boja pločica ujednačena.
B17: U podopolagačke radove spadaju radovi s PVC i gumenim pločama i trakama, koji se lijepe neoprenskim ljepilima za suhu i čvrstu podlogu od cementne glazure, gipsanog estriha ili iverice. Izvođač mora ploče prije polaganja zagrijati da nalegnu na podlogu. Prilikom rada s neoprenskim ljepilima osigurati ventilaciju prostorije i zaštitu maskama. Postavu linoleuma obavljati u skladu s uputama proizvođača u načelu točkastim lijepljenjem na području linoleum trake i kontinuiranim na mjestu spoja traka. Trake na spojevima prije ljepljenja zajedno krojiti rezanjem obiju traka istovremeno na mjestu spoja. Za linoleume i tepihe izvođač je dužan koristiti ljepilo koje nije otrovno i nije neoprenskog porijekla. Izvođač je dužan do primopredaje radova zaštititi postavljene podove od oštećenja i onečišćenja. Za ljepilo je potrebna cementna glazura na podu, betonski zid u glatkoj oplati ili gruba žbuka na zidu. Spojnice fugirati kako je propisano u pojedinoj stavci.
B19: Sve radove treba izvesti prema detaljnim nacrtima, opisima u troškovniku, tehničkim propisima, uputama projektanta i nadzornog inženjera.
B20: Organizaciju rada izvođač treba provesti tako da bude u skladu s operativnim planom, te da ne dođe do zakašnjenja s vlastitim radovima ili do ometanja u odvijanju radova drugih izvođača. Izvođač će pristupiti izvedbi tek nakon što projektant potpisom potvrdi sheme polaganja i tehnološku razradu svih detalja.
B22: Jedinična cijena uključuje • Dobavu / ishođenje potvrde o sukladnosti za sve ugrađene materijale (certifikat) • uzimanje mjera na gradilištu i definiranje ugradbenih dimenzija. • tehnološku razradu svih detalja • izradu shema polaganja • dobavu i ugradnju podne obloge, svog spojnog materijala (ljepilo) i materijala za fugiranje, kutnih profila • postavu i skidanje radne skele • sve posredne i neposredne troškove za rad, materijal, alat i građevinske strojeve • sve transporte • čišćenje tokom rada • odvoz i zbrinjavanje smeća • završno čišćenje prije primopredaje radova • nadoknadu eventualne štete nastale iz nepažnje na svojim ili tuđim radovima
A24: 1. | B24: Izrada klasičnih brušenih terazzo podova i stuba vanjskog stubišta
B25: Dobava, nabava i izvođenje klasičnih brušenih podova nanošenjem visokoopteretivne mase miješane s agregatom granulata. Potrebno je koristiti agregat boje i dimenzija što sličnijih postojećem podu. U jediničnu cijenu uključiti brušenje, zapunjavanje pora, ponovno brušenje i poliranje do potrebne graltkoće, te završni transparentni premaz. U stavku uključiti izradu terrazza u dvije boje (jedna boja i veličina granulata za prostor poda podesta stubišta, druga boja i veličina granula za rubnu zona širine ca 10 cm i bočne stranice podesta širine ca 17 cm, sve prema postojećem stanju i prema odabiru projektanta. Također uračunati izradu terazzo ploča gazišta montažnog stubišta dimenzija 140X30X5cm sa svim troškovima izrade kalupa i montaže. U cijenu uključen sav potreban materijal i probor. Protukliznost završne obloge R11.
B26: Radove izvesti nakon uklanjanja postojećeg sloja terazza i montažnih stuba, demontaže postojeće ograde i popravka betonskih dijelova podesta stubišta. Prije radova napraviti pripremu za ponovnu postavu ograde stubišta. Paziti na dinamiku radova - u dogovoru sa stanarima omogućiti alternativni pristup stubištu. Sve u cijeni stavke.
B27: Sve mjere provjeriti u naravi.
B28: terazzo pod podesta vanjskog stubišta | C28: m2 | D28: =9.36*1.1 -> 10.296 | F28: =D28*E28 -> 0
B29: terazzo obloga rubne zone i bočnih stranica podesta vanjskog stubišta | C29: m2 | D29: =4.77*1.1 -> 5.247 | F29: =D29*E29 -> 0
B30: montažne ploče stuba vanjskog stubišta | C30: kom | D30: 18 | F30: =D30*E30 -> 0
F31: =F28+F29+F30 -> 0
A33: B.V. | B33: PODOPOLAGAČKI RADOVI UKUPNO: | E33: EUR | F33: =F31 -> 0

Sheet B.brav
A2: TROŠKOVNIK GRAĐEVINSKO OBRTNIČKIH RADOVA
A3: B. OBRTNIČKI RADOVI / B.VI.BRAVARSKI RADOVI
A4: r.b. | B4: opis stavke | C4: jed. | D4: kol. | E4: jed.cijena | F4: ukupno
A7: B.VI. | B7: BRAVARSKI RADOVI:
B9: OPĆI UVJETI
B11: Svi bravarski radovi moraju se izvesti u skladu s važećim tehničkim propisima, HRN, pravilima struke, HTZ propisima, ovim općim i posebnim uvjetima, općim i pojedinačnim opisima iz ovog troškovnika, tehničkom dokumentacijom, detaljima, shemama, radioničkim nacrtima izrada kojih je obveza izvođača, te usmenim i pismenim uputama projektanta i nadzornog inženjera.
B12: Svi bravarski radovi moraju se izvesti u skladu s važećim tehničkim propisima, HRN, pravilima struke, HTZ propisima, ovim općim i posebnim uvjetima, općim i pojedinačnim opisima iz ovog troškovnika, tehničkom dokumentacijom, detaljima, shemama, radioničkim nacrtima izrada kojih je obveza izvođača, te usmenim i pismenim uputama projektanta i nadzornog inženjera.
B13: Sve odredbe ovih posebnih uvjeta i općih uvjeta smatraju se sastavnim dijelom opisa svake pojedine stavke ovog troškovnika i vrijede za sve radove, osim ako ih opis stavke troškovnika ne isključuje.
B14: Prije izvođenja radova izvođač je u obvezi provjeriti sve mjere na licu mjesta, izraditi i dostaviti projektantu na ovjeru radioničke nacrte i detalje, te uzorke materijala. Dozvoljena je upotreba materijala i izrada bravarskih elemenata prema radioničkim nacrtima i detaljima prihvaćenim od strane projektanta.
B15: Za kontrolu kvalitete ugrađenih materijala i izvedenih radova primjenjuju se slijedeće norme i propisi:
A17: - | B17: Pravilnik o tehničkim mjerama i uvjetima za zaštitu čeličnih konstrukcija od korozije
A18: - | B18: kvadratno željezo HRN C.B3.024 ili jednakovrijedno
A19: - | B19: plosno željezo HRN C.B3.025 ili jednakovrijedno
A20: - | B20: okruglo željezo HRN C.K6.020 ili jednakovrijedno
A21: - | B21: profilno željezo HRN C.B0.500 ili jednakovrijedno
A22: - | B22: čelični limovi HRN C. B4.110 ili jednakovrijedno
C23: HRN C. | D23: B4.111
C24: HRN C. | D24: B4.112
A25: - | B25: rebrasti Alu limovi | C25: HRN C. | D25: C4.060
A26: - | B26: Alu profili | C26: HRN C. | D26: C3.020
A27: - | B27: zvučna izolacija | C27: HRN U. | D27: J6.201-89
B29: Svi termički zahtjevi na fasadnim elementima moraju biti ispunjeni tako da zadovoljavaju traženu toplinsku izolaciju u skladu s važećim normama i projektom.
B30: Svi termički zahtjevi na fasadnim elementima moraju biti ispunjeni tako da zadovoljavaju traženu toplinsku izolaciju u skladu s važećim normama i projektom.
B31: Donjih 40 cm visine vratnih krila, ako se drugačije posebno ne navodi, izvodi se kao puni termoizolirani panel, osim ako stavkom troškovnika nije drugačije određeno.
B32: Pri izvođenja radova izvoditelj treba kvalitetu ugrađenih materijala i stručnost radnika dokazati certifikatima i atestnom dokumentacijom izdanim od strane ovlaštene institucije. Za materijale za koje izvoditelj nema certifikat a isti se traži treba izvoditelj osigurati uzorke i dati ih na ispitivanje. Sve troškove za dobivanje certifikata predstavljaju obvezu i trošak izvoditelja.
B33: Svi dijelovi bravarije prije otpreme na gradilište moraju biti ličeni olovnim minijem, očišćeni od hrđe, a očišćena mjesta ličena antikorozjskim naličem u dva premaza uz kitanje pukotina i rupica odgovarajućim kitom, a sve kompletno pripremljeno za završnu obradu prema opisu iz troškovnika.
B34: Ostakljenje se mora u svemu izvesti po opisu iz stavke troškovnika. Staklom koje se ugrađuje i brtvljenjem mora se postići tražena zvučna izolacija.
B35: Vrata i prozore treba opremiti kvalitetnim i trajnim brtvenim trakama i profilima. Isti moraju biti elastični, trajni i otporni na vanjske utjecaje, postojani na temperaturne promjene i zračenje. Kitovi koji se ugrađuju moraju biti trajno elastični, osobina kao gore navedeno.
B36: Fuge između zida/stropa/poda i stolarije ispuniti poliuretanskom pjenom, izvana kitati trajno elastičnim kitom a iznutra pokriti kutnim letvicama. Spajanje pojedinih elemenata u veće cjeline brtviti i vršiti po uputi proizvođača, a bez posebne naknade.
B37: Bravarija se izvodi iz čeličnih profila od pocinčanog lima (hladno kontinuirano profilirana čelična traka d=1 mm) kvadratnog ili pravokutnog presjeka. Spajanje profila vrši se zavarivanjem, svi varovi moraju biti fino završno obrađeni. Dimenzije šprljaka su pretpostavljene, a stvarne ovise o proizvođačkom detalju. Kutne spojeve izvesti hidrauličkim uprešavanjem, a mjesta naročito osjetljiva na popuštanje brtviti dodatno.
B38: Slijepe dovratnike / doprozornike izraditi od šupljih kvadratnih čeličnih profila, a montažu izvesti varenjem na već ugrađene sidrene pločice od plosnog željeza, dužine cca 10 cm, oblika prema detalju. Ugradnja sidrenih pločica vrši se istovremeno s betoniranjem. Sidrene pločice sastavni su dio bravarije i uključene su u jediničnu cijenu iste.
B39: Svi vijci i spojna sredstva i okov moraju obvezno biti od nehrđajućeg materijala, izvedeno u antikorozijskoj izvedbi.
B40: Sav okov mora biti skriven osim ako opisom stavke troškovnika nije drugačije određeno. Sav vidljivi okov odabire projektant nakon predočenja uzoraka. Sav okov mora biti odabran u dogovoru s projektantom.. Dijelove okova od čelika izvesti s presvlakom od cinka vrućim pocinčavanjem 60 g/m2, a ankeri presvlakom od cinka vrućim pocinčavanjem 180 g/m2.
B41: Obračun izvedenih radova izvršiti će se prema jedinici mjere definirane za svaku pojedinu stavku troškovnika i prema postojećim građevinskim normama.
A42: B.VI. | B42: BRAVARSKI RADOVI:
A44: 1. | B44: Dobava materijala popravak i preinaka postojeće fiksne metalne ograde francuskih prozora iz čeličnih profila i cijevi
B45: Preinaka fiksne metalne ograde francuskih prozora. Zahvat se izvodi radi potrebe oslobađanja prostora za oblogu špaleta postavljanjem toplinske izolacije debljine 3 cm. Ograda je složena od okvira od metalnih profila pravokutnog presjeka dimenzija stranice cca 2x1cm i ispune od okomitih cijevi kružnog presjeka promjera cca 1 cm. Preinaka se treba izraditi u radionici a sastoji se od sljedećih radnji:
A46: - | B46: demontiranje ograde i odvoz u radionicu
A47: - | B47: odstranjenje postojeće metalne šipke dimenzije ø cca. 10 mm dulj. cca. 90 cm rezanjem
A48: - | B48: skraćivanje postojećeg donjeg i gornjeg okvira ograde za ca 6-7 cm rezanjem i naknadno spajanje varenjem
A49: - | B49: -završna obrada varova brušenjem te naknadna zaštita cinkotitom
A50: - | B50: završno je potrebno izvršiti popravak boje postojeće bravarije uz prethodno odstranjenje postojeće boje kako je opisano i obračunato u B.V.I. Soboslikarsko- ličilačkim radovima
A51: - | B51: ponovna montaža ograde na dovršeno pročelje sa svim potrebnim priborom i spojnim sredstvima, trnovima i sl.
B52: Eventualne spojeve na dodiru dijelova materijala od različitih metala međusobno razdvojiti odgovarajućim sredstvima radi sprečavanja međusobne reakcije galvanske korozije.
B53: Ostale izvedbene detalje dogovoriti s projektantom. Prije izvedbe obavezna izrada radioničkih nacrta od strane izvođača, uz obaveznu ovjeru glavnog projektanta.
B54: U cijenu stavke uračunato je uzimanje mjera na licu mjesta, dobava i ugradnja sav potreban rad, materijal, spojna sredstva, kao i izrada radioničke i montažne dokumentacije.. Obračun prema kompletno izvedenoj i montiranoj stavci.
B55: Bilo kakva ugradnja prije odobrenja uzorka i dokumentacije, nije dozvoljena.
B56: Prije izrade sve mjere i količine kontrolirati u naravi.
C57: kom | D57: 38 | F57: =D57*E57 -> 0
A59: 2. | B59: Dobava materijala popravak i preinaka postojeće fiksne metalne ograde vanjskog stubišta iz čeličnih profila i cijevi
B60: Preinaka fiksne metalne ograde vanjskog stubišta. Zahvat se izvodi radi potrebe oslobađanja prostora za oblogu pročelja postavljanjem toplinske izolacije debljine 14 cm i radi popravka oštećene ograde, te prilagođavanja zahtjevima sigurnosti. Ograda je složena od okvira od metalnih profila pravokutnog presjeka dimenzija stranice cca 3x3cm. Preinaka se treba izraditi u radionici a sastoji se od sljedećih radnji:
A61: - | B61: demontiranje ograde i odvoz u radionicu
A62: - | B62: skraćivanje postojećeg donjeg i gornjeg okvira ograde u zoni prema pročelju za cca 15 cm rezanjem i naknadno spajanje varenjem
A63: - | B63: zamjena trulih dijelova ograde pravokutnim cijevima istog profila (3x3cm) rezanjem i naknadno spajanje s ostatkom okvira varenjem (procjena da je potrebno zamijeniti ca 5% postojećih cijevi)
A64: - | B64: dobava materijala i montaža ispune ograde vertikalnim čeličnim šipkama dimenzija ø cca. 10 mm dulj. cca. 85 cm na razmaku od cca 10cm varenjem za postojeće okvire (vidjeti postojeće šipke za ispunu ograda francuskih prozora i lođa).
A65: - | B65: završna obrada varova brušenjem te naknadna zaštita cinkotitom
A66: - | B66: završno je potrebno izvršiti popravak boje postojeće bravarije uz prethodno odstranjenje postojeće boje kako je opisano i obračunato u B.V.I. Soboslikarsko- ličilačkim radovima
A67: - | B67: ponovna montaža ograde na nakon dovršenja pročelja i podopolagačkih radova uređenja vanjskog stubišta sa svim potrebnim priborom i spojnim sredstvima, trnovima i sl.
B68: Eventualne spojeve na dodiru dijelova materijala od različitih metala međusobno razdvojiti odgovarajućim sredstvima radi sprečavanja međusobne reakcije galvanske korozije.
B69: Ostale izvedbene detalje dogovoriti s projektantom. Prije izvedbe obavezna izrada radioničkih nacrta od strane izvođača, uz obaveznu ovjeru glavnog projektanta.
B70: U cijenu stavke uračunato je uzimanje mjera na licu mjesta, dobava i ugradnja sav potreban rad, materijal, spoja sredstva, kao i izrada radioničke i montažne dokumentacije..
B71: Bilo kakva ugradnja prije odobrenja uzorka i dokumentacije, nije dozvoljena.
B72: Prije izrade sve mjere i količine kontrolirati u naravi!
B73: postojeći čelični profili kvadratnog presjeka 3x3cm | C73: m' | D73: =83.8*1.1 -> 92.18 | F73: =D73*E73 -> 0
B74: čeličnie šipke dimenzija ø cca. 10 mm | C74: m' | D74: =191.25*1.1 -> 210.375 | F74: =D74*E74 -> 0
F75: =SUM(F73:F74) -> 0
A77: 3. | B77: Ugradnja stalaka za bicikle
B78: Dobava i ugradnja stalaka za bicikle od pocinčanih čeličnih cijevi, dim 60x5x70 cm u biciklarnike u razizemlju zgrade. Debljina stjenke cijevi min. 2mm. Izvesti prema shemi bravarije B1.
C79: kom | D79: 13 | F79: =E79*D79 -> 0
A81: B.VI. | B81: BRAVARSKI RADOVI UKUPNO: | E81: EUR | F81: =F79+F75+F57 -> 0
