Workbook

Sheet Opći uvjeti i napomene
B2: INVESTITOR: MINISTARSTVO UNUTARNJIH POSLOVA RH
B3: LOKACIJA: JASTREBARSKO, ZRINSKI-FRANKOPANSKA ULICA BB
B4: GRAĐEVINA: ZGRADE BR. 11, 12, 13, 14, 15, 20, 21, 61, 62 I VANJSKI PROSTOR
B5: RADOVI: UREĐENJE GRAĐEVINA, VANJ. PROSTORA I INFRASTRUKTURE
B6: PROJEKTANT: APG-INŽENJERING d.o.o. DUGO SELO
B33: TROŠKOVNIK GRAĐEVINSKO-OBRTNIČKIH I INSTALATERSKIH RADOVA
B62: ožujak 2026. godine
A64: stavka | B64: opis stavke | C64: jedin. mjere | D64: količina | E64: edinična cijena (euro) | F64: ukupno (euro)
B66: OPĆI UVJETI I NAPOMENE
B68: JEDINIČNA CIJENA
B69: U jediničnim cijenama za sve stavke troškovnika, ponuda mora sadržavati ukupne troškove materijala i rada do potpunog dovršenja cjelokupnog posla odnosno do pune funkcionalnosti. Jedinična cijena, također, uključuje sva potrebna ispitivanja, kontrole i mjerenja za sve izvedene radove, ugrađene materijale i opremu. Sve predmetno je obuhvaćeno jediničnom cijenom i ne navodi se kao zasebna stavka. Trošak pribavljanja sve atestne dokumentacije uključiti u cijenu nuđenih stavki, jer se posebni troškovi neće priznati. Izvođač treba kvalitetu ugrađenih materijala i stručnosti radnika dokazati odgovarajućim atestima i uvjerenjima izdanim od strane za to ovlaštene organizacije i to uračunati u cijenu pojedinih stavaka. Kod cijene nuđenja voditi računa da je za vrijeme građenja raskriveni dio građevine zaštićen od oborina.
B70: Izvođač je dužan kod nuđenja voditi računa da otpad mora razvrstati i takav razvrstan deponirati na specijaliziranim odlagalištima, pa kod izrade ponude ponuditelj treba voditi računa o udaljenostima za najbliže specijalizirane deponije kao i troškove taksi na njima (deponija metal-staklo-građevinska plastika-stiropor i drugo), uključiti u pojedinoj stavci. Sve navedene radnje uključiti s cijenom u pojedinim stavkama, jer se posebna plaćanja neće priznati. U svim stavkama uključiti i sav potreban horizontalni i vertikalni transport do mjesta ugradnje. Za sve stavke građevinsko-obrtničkih i instalaterskih radova potrebno je uključiti sva gruba i fina čišćenja prilikom i nakon izvođenja radova, jer se dodatni troškovi neće dodatno naplaćivati.
B72: OBILAZAK PREDMETNE LOKACIJE
B73: Ponuditelj može obići i detaljno pregledati lokaciju (građevinsku česticu, građevinu/e, zonu obuhvata). Neovisno o tome je li ponudtitelj obišao lokaciju, naručitelj će smatrati da je ponuditelj obišao i detaljno pregledao lokaciju (građevinsku česticu, građevinu/e, zonu obuhvata), te je dobro upoznat sa svim uvjetima, faktorima i resursima u odnosu i u vezi s lokacijom ili onim koji mogu utjecati na izvršenje radova, te da je na temelju navedenog podnio svoju ponudu. Stoga odabrani ponuditelj nema pravo zahtjevati povećanje cijene ili drugu naknadu, pozivajući se da u vrijeme davanja ponude nije bio upoznat s okolnostima vezanim uz lokaciju (građevnu česticu, građevinu/e, zonu obuhvata). U slučaju kakvih nejasnoća illi ocijene ponuditelja da je neko od rješenja neprihvatljivo, postaviti upit naručitelju radi razrješenja detalja. U protivnom od izvođača će se zahtjevati izvođenje detalja kao što je projektant predložio.
B74: Za pojedine elemente dani su normativi važeći na dan pisanja ovog troškovnika. U slučaju da isti u razdoblju do početka realizacije ovih radova ili u njihovom tijeku budu izmijenjeni, primjenjuju se normativi važeći u vrijeme izvođenja radova. Sav ugrađeni materijal treba odgovarati uvjetima iz opisa troškovnika i nacrta, te odgovarajućim normama ili tehničkim uvjetima za izvođenje istih radova, a ukoliko se to posebno traži opisom i drugim propisima. Ugrađeni materijali se mogu razlikovati od predviđenih tehničkih uvjeta ili normi ukoliko zadovoljavaju tehničke uvjete i norma koje su jednakovrijedne ili slične navedenima. Prije početka izvođenja pojedine vrste radova izvođač mora dokumentacijom dokazati da je ovlašten za izvođenje tih radova odnosno ugradnju materijala odabranog proizvođača.
B75: Prije početka radova potrebno je izvesti pripremne radove sve u skladu sa zakonskom regulativom s područja zaštite na radu i područja kompletne građevinske regulative, a naročito radove niže navedene. Trošak ovih radova potrebno ukalkulirati u cijenu građenja jer se isti neće posebno obračunavati. - Dobava i montaža privremene ograde u svrhu zaštite prostora samoga gradilišta vizualno i sigurnosno od prostora ostatka parcele, koja mora udovoljavati svim uvjetima važećeg zakona o zaštiti na radu - Izrada plana organizacije gradilišta.
B76: Izvođač je sukladno važećem Zakonu o zaštiti na radu dužan poduzimati sve propisane mjere i radnje tijekom izvođenja radova proizašle iz tog zakona i cijelokupne pozitivne regulative s područja zaštite na radu, a naročito sljedeće: 1. Osigurati kontenjere na gradilištu za: a/ kontenjer - garderobni za radnike b/ kontenjer - za odmor radnika c/ kontenjeri - za sanitarne potrebe radnika sa suhim WC-ima d/ kontenjer - za tehničku službu gradilišta e/ kontenjer - za nadzornu službu Kontenjeri moraju biti izrađeni i postavljeni u skladu s regulativom s područja zaštite na radu. 2. Postaviti sve potrebne znakove. 3. Postaviti sve zaštitne ograde u svrhu zaštite prostora gradilišta (vizualna i sigurnosna zaštita). 4. Adekvatno razupirati, osigurati i zaštititi sve iskope. 5. Osigurati i zaštititi sve okolne građevine kao cijeline i pojedine njihove dijelove. 6. Plan organizacije gradilišta. Sve navedeno uključiti u pojedine stavke jer se isto neće posebno naplaćivati.
B77: Za potrebe izvođenja radova izvođač je dužan osigurati privremene priključke na infrastrukturu po na osob niskonaponsku električnu mrežu i vodovodnu mrežu, te isto mora biti uključeno u jediničnu cijenu. Odabir za sve materijale gdje će to biti potrebno odabir dezena boja i slično vršit će projektan uz suglasnost korisnika i odobrenje investitora. Prije nabave i ugradnje svih materijala, proizvoda i opreme, karakteristike istih moraju biti pregledane i odobrene od strane stručnog nadzora (kako bi se utvrdilo da iste odgovaraju traženim karakteristikama u predmetnoj stavci troškovnika).
B79: POPIS PRIMJENJENIH ZAKONA, PRAVILNIKA I TEHNIČKIH PROPISA
B80: 1. Zakon o gradnji (NN 153/13, 20/17, 39/19, 125/19, 145/24) 2. Zakon o prostornom uređenju (NN 153/13, 65/17, 114/18, 39/19, 98/19, 67/23) 3. Zakon o komori arhitekata i komorama inženjera u graditeljstvu i prostornom uređenju (NN 78/15, 114/18, 110/19) 4. Zakon o poslovima i djelatnostima prostornog uređenja i gradnje (NN RH 78/15, 118/18, 110/19) 5. Zakon o građevnim proizvodima (NN 76/13, 30/14, 130/17, 39/19, 118/20) 6. Zakon o normizaciji (NN 80/13) 7. Zakon o tehničkim zahtjevima za proizvode i ocjenjivanju sukladnosti (NN 80/13, 14/14, 32/19) 8. Zakon o zaštiti okoliša (NN 80/13, 153/13, 78/15, 12/18, 118/18) 9. Zakon o zaštiti od požara (NN 92/10) 10. Zakon o energetskoj učinkovitosti (NN 127/14, 116/18, 25/20) 11. Zakon o zaštiti od buke (NN 30/09, 55/13, 153/13, 41/16, 114/18) 12. Zakon o zaštiti na radu (NN 71/14, 118/14, 154/14, 94/18, 96/18) 13. Zakon o zaštiti na radu na privremenim gradilištima (NN 48/18)
... B475: NAČELA DNSH KOJA SE OBAVEZNO MORAJU POŠTIVATI:
A476: 1. | B476: Tijekom gradnje građevine potrebno je posebnu pažnju posvetiti rješenjima za gospodarenje građevnim otpadom. Tijekom građenja građevine izvođač je dužan gospodariti građevnim otpadom nastalim tijekom građenja i/ili pri uklanjanju građevine ili njezinog dijela na gradilištu, te oporabiti i/ili zbrinuti građevni otpad nastao tijekom građenja na gradilištu te o tome na gradilištu imati propisanu dokumentaciju sukladno propisima koji uređuju gospodarenje otpadom. Materijal nastao rušenjem izvođač je dužan privremeno deponirati u neposrednoj blizini objekta, te ga po završetku radova zbrinuti u skladu s hijerarhijom otpada i EU Protokolom o gospodarenju građevinskim otpadom i rušenjem. Izvođač je dužan najmanje 70% neopasnog građevinskog otpada i otpada od rušenja nastalog na gradilištu pripremiti za ponovnu uporabu, recikliranje i korištenje drugog materijala, uključujući operacije zatrpavanja za otpad koji zamjenjuje druge materijale. Prema karakteristikama dijelova građevine koji se uklanjaju, ocjenjuje se da će nakon uklanjanja u najvećoj mjeri nastati neopasni i/ili inertni građevinski materijal. Nakon uklanjanja građevine potrebno je sav nastali otpad od uklanjanja zbrinuti po ključnim brojevima otpada, u skladu s odredbama Zakona o gospodarenju otpadom (NN 84/21). Sav otpad, građevinski i ostali, koji ostaje na lokaciji objekta nakon rušenja potrebno je pohraniti i odložiti na prostorima predviđenim za to. Otpad je potrebno sortirati prema ključnim brojevima. Sve ukalkulirati u jedinične cijene kod nuđenja.
B477: Propisi: Zakon o održivom gospodarenju otpadom (NN 94/13, 73/17, 14/19, 98/19), Pravilnik o gospodarenju otpadom (NN 106/22), Pravilnik o građevinskom otpadu i otpadu koji sadrži azbest (NN 69/16)
A478: 2. | B478: Za ugrađene materijale potrebna je dostava CO2 otiska.
A479: 3. | B479: Kod izvođenja radova gdje god je to moguće koristiti se sivom vodom za koju je potrebno kod organizacije gradilišta predvidjeti spremnike. Sve ukalkulirano u režijske troškove gradilišta.

Sheet Zgrada 11
A1: stavka | B1: opis stavke | C1: jedin. mjere | D1: količina | E1: jedinična cijena (euro) | F1: ukupno (euro)
A3: I. | B3: ZGRADA 11
A5: A. | B5: GRAĐEVINSKO-OBRNIČKI RADOVI
A7: 1. | B7: SKELA
A8: 1.1. | B8: Dobava, postava, skidanje i otprema cijevne fasadne skele, od bešavnih cijevi. Skelu izvesti prema važećim HTZ propisima. Skelu je potrebno osigurati od prevrtanja, sidrennjem u građevinu, a od udara munje uzemljenjem. Potrebno je izvesti pomične željezne ili drvene ljestve – penjalice u svrhu osiguranja vertikalne komunikacije po skeli. Prije izvedbe skele izvođač je dužan izraditi projekt skele, što je u cijeni stavke. Obračun se vrši po m² vertikalne projekcije površine skele. Stavka uključuje rad i materijal osnovni i pomoćni, sve do potpune funkcionalnosti. | C8: m2 | D8: 698 | E8: 11.55 | F8: =D8*$E8
B9: 1. Skela ukupno: | F9: =SUM(F8)
A11: 2. | B11: PRIPREMNI RADOVI
A12: 2.1. | B12: Geodetsko praćenje, iskolčenje građevine, trase svih instalacija, šahtova, upločenje uz građevinu, nanošenje svih potrebnih geodetskih visina unutar i oko građevine, izrada elabotrata iskolčenja, snimanja izvedenih instalacija i geodetski elaborat za potrebe katastra. | C12: kpl | D12: 1 | F12: =D12*$E12
A13: 2.2. | B13: Ispitivanje zrakopropusnosti ovojnice zgrade prema HRN EN ISO 9972-2015 ili jednakovrijednoj, te u skladu sa važećim zahtjevima Tehničkog propisa o racionalnoj uporabi energije i toplinskoj zaštiti zgrada. Ispitivanje se vrši dva puta: prvi puta nakon ugradnje i brtvljenja otvora, ugradnje strojarskih instalacija, ožičenja električnih instalacija, žbukanja zidova i zatvaranja vanjske ovojnice zgrade parnom branom, drugi puta nakon završetka svih radova, a prije tehničkog pregleda zgrade. Ispitivanje se vrši blower-door testom uz otkrivanje mjesta propuštanja zraka termografskim snimanjem, anemometrom ili metodom suhog dima. Prilikom ispitivanja, za razliku tlakova između unutarnjeg i vanjskog zraka od 50 Pa, izmjereni protok zraka, sveden na obujam unutarnjeg zraka ne smije biti veći od vrijednosti n50 = 1,5 h-1 (kod zgrada s mehaničkim uređajem za ventilaciju). Prije ispitivanja, naručitelj treba provesti brtvljenje svih prodora kroz zrakonepropusnu ovojnicu poput kanalizacijskih odvoda, ventilacijskih kanala, kablova od struje, itd. Ispitivanje se ponavlja nakon brtvljenja eventualnih mjesta propuštanja zraka dok se ne zadovolji vrijednost n50 =< 1,5 h-1. Postupak se ponavlja dok vanjska ovojnice ne postigne odgovarajuću zrakonepropusnost. Obračun prema netto grijanom volumenu zgrade. Termografsko ispitivanje provodi certificirana osoba. | C13: m2 | D13: 2113 | F13: =D13*$E13
A14: 2.3. | B14: Čišćenje terena od raslinja oko građevine, siječenje i skupljanje. U stavku uključeno uklanjanje smeća, prepreka, drveća, i sl., košenja trave i korova, te utovar i odvoz otpadnog materijala na gradsku deponiju, uključeno u cijeni stavke. | C14: m2 | D14: 455 | F14: =D14*$E14
A15: 2.4. | B15: Pažljivo skidanje, siječenje i skupljane zelenila (bršljana) koje je obuhvatilo pročelje. Primjenjuje se sigurnosna tehnologija rušenja uz rad s ljestvi i rezanjem odozgo prema dolje (sa kontroliranim spuštanjem). Sve sasječene dijelove potrebno je utovariti i odvesti na za to najbližu odgovarajuću deponiju, uključeno u cijenu stavke. | C15: m2 | D15: 242 | F15: =D15*$E15
B16: 2. Pripremni radovi ukupno: | F16: =SUM(F12:F15)
A18: 3. | B18: RUŠENJE I RAZGRADNJA
A19: 3.1. | B19: Kompletna demontaža svih elektroinstalacija jake i slabe struje nadžbukni i podžbukni dio, što uključuje sve utičnice, prekidače, rasvjetna tijela, elektro ormare, kutije s osiguračina, kablove, nosače projektora i projektore, pametne ploče, zvučnike, zvono, videonadzor, pemetne tv i slično, sve u potpunoj gotovosti. U cijenu stavke uključena izrada šliceva za vađenje postojećih elektroinstalacija, kao i sav potreban rad i materijal te upotreba odgovarajuće skele. U cijenu stavke uračunat utovar i odvoz razgrađenog materijala (razvrstanog po vrstama) na najbližu odgovarajuću deponiju, kao i svi troškovi istovara i korištenja odgovarajuće deponije. a) površine 510 m² | C19: kpl | D19: 1 | F19: =D19*$E19
A20: 3.2. | B20: Otpajanja elektroenergetskog priključka građevine prije početka svih rušenja. Radove izvodi za to ovlaštena osoba. Stavka uključuje sav rad i materijal, kao i upotrebu odgovarajuće skele. Postava gradilišnih GRO. | C20: kom | D20: 1 | F20: =D20*$E20
A21: 3.3. | B21: Kompletna demontaža svih strojarskih instalacija, što uključuje kompletnu demontažu postrojenja kotlovnice, svih radijatora, cijevnog razvoda grijanja i slično, sve u potpunoj gotovosti. U cijenu stavke uključena izrada šliceva i potrebnih prodora za vađenje postojećih instalacija, kao i sav potreban rad i materijal te upotreba odgovarajuće skele. U cijenu stavke uračunat utovar i odvoz razgrađenog materijala (razvrstanog po vrstama) na najbližu odgovarajuću deponiju, kao i svi troškovi istovara i korištenja odgovarajuće deponije. a) površine 510 m² | C21: kpl | D21: 1 | F21: =D21*$E21
A22: 3.4. | B22: Skidanje pokrova od valovitih salonitnih azbesnih ploča krovišta (građevina i nadstrešnica). Stavka uključuje i sljemenjake. Skidanje se izvodi na način da ne dođe do oštećenja i loma ploča koje se moraju slagati na palete i omotati folijom, a polomljeni komadi se moraju posebno prikupiti u spremnike ili vreće u kojima se završni sloj prekriva zemljom kako bi se spriječilo eventualno širenje prašine. Pokrovne salonitne ploče nikako nije dozvoljeno prilikom skidanja bacati s krova već ih je potrebno pažljivo spustiti i složiti na mjesto pristupačno za prijevoz. Za vrijeme skidanja ploča potrebno je ploče prskati vodom i upotrebljavati zaštitnu opremu, te krovnu konstrukciju usisati jer se upravo na krovnoj građi nakupilo dosta prašine koju čovjek može udahnuti. Svako lomljenje, rezanje ili brušenje je najstrože zabranjeno, a mjesto privremenog odlaganja prije odvoza na zbrinjavanje potrebno je ograditi ceradom i smanjiti utjecaj vjetra na prikupljeni otpad. Prilikom rada sa salonitnim pločama obavezno je primjena osobnih zaštitnih sredstva (maske, rukavice, zaštitna odjeća i dr.).
B23: Kompletna opisana demontaža pokrova uračunata u cijeni stavke, kao i odlaganje pokrova na gradilišnu deponiju za čuvanje materijala te zbrinjavanje prema posebnoj Uputi i u skladu s važećim propisima. U stavci uračunata upotreba radne skele i sva potrebna osiguranja. U cijenu stavke uračunat utovar i odvoz na odlagalište kod ovlaštenog pravnog subjekta za zbrinjavanje navedenog otpada kao i svi troškovi istovara i korištenja odgovarajuće deponije. Nakon čišćenja gradilišta i okoliša od azbesta može se pristupiti gradnji novog objekta. Obračun po m² kose krovne površine. | C23: m2 | D23: 746.8 | F23: =D23*$E23
A24: 3.5. | B24: Demontaža letava za pokrov valovitim salonitnim azbesnim pločama krovišta građevine. Kompletna demontaža uračunata u cijeni stavke, kao i upotreba odgovarajuće radne skele i sva potrebna osiguranja građevine kao cjeline i dijelova vezanih za ovu razgradnju te svu zaštitu za sigurnost (oprema) i postupke prilikom skidanja (otprašivanje usisavanjem, kvašenje,...) prema opisu u stavci 3.4. U cijenu stavke uračunat utovar i odvoz razgrađenog materijala (razvrstanog po vrstama) na najbližu odgovarajuću deponiju, kao i svi troškovi istovara i korištenja odgovarajuće deponije. Obračun po m² kose krovne površine. | C24: m2 | D24: 746.8 | F24: =D24*$E24
A25: 3.6. | B25: Demontaža gornje daščane oplate krovišta zgrade. Kompletna demontaža uračunata u cijeni stavke, kao i upotreba odgovarajuće skele i sva potrebna osiguranja građevine kao cjeline i dijelova vezanih za ovu razgradnju te sva zaštita za sigurnost (oprema) i postupke prilikom skidanja (otprašivanje usisavanjem, kvašenje,...) prema opisu u stavci 3.4. U cijenu stavke uračunat utovar i odvoz razgrađenog materijala (razvrstanog po vrstama) na najbližu odgovarajuću deponiju, kao i svi troškovi istovara i korištenja odgovarajuće deponije. Obračun po m² kose krovne površine. | C25: m2 | D25: 746.8 | F25: =D25*$E25
A26: 3.7. | B26: Demontaža drvene nosive konstrukcije radi zamjene novih istovjetnih elemenata - rogova. Kompletna demontaža uračunata u cijeni stavke, kao i upotreba odgovarajuće radne skele i sva potrebna osiguranja građevine kao cjeline i dijelova vezanih za ovu razgradnju te sva zaštita za sigurnost (oprema) i postupke prilikom skidanja (otprašivanje usisavanjem, kvašenje,...) prema opisu u stavci 3.4. U cijenu stavke uračunat utovar i odvoz razgrađenog materijala (razvrstanog po vrstama) na najbližu odgovarajuću deponiju, kao i svi troškovi istovara i korištenja odgovarajuće deponije. | C26: kom | D26: 37 | F26: =D26*$E26
A27: 3.8. | B27: Demontaža postojeće nosive drvene konstrukcije krovišta izvedeno na rasponu od cca 15 m, izvedene od drvenog rešetkastog nosača na rasponu od 4 m, čine ga gornji pojas nosača koji prati kosinu krova, donji pojas nosača izveden s dvije međusobno spojene daske te ispuna kosnicima. Obračun po projekciji na tlocrt. | C27: m2 | D27: 714.2 | F27: =D27*$E27
A28: 3.9. | B28: Demontaža i vađenje slojeva poda potkrovlja do nosive konstrukcije od grednika koji uključuju predpostavljene slojeve (ukupne debljine do 25 cm) kako slijedi: - izravnavajući sloj - slijepi pod - letve - nasip šute Kompletna demontaža uračunata u stavci, kao i sva potrebna osiguranja građevine kao cjeline i dijelova vezanih za ovu razgradnju. te sva zaštita za sigurnost (oprema) i postupke prilikom skidanja (otprašivanje usisavanjem, kvašenje,...) prema opisu u stavci 3.4. U cijenu stavke uračunat utovar i odvoz razgrađenog materijala (razvrstanog po vrstama) na najbližu odgovarajuću deponiju, kao i svi troškovi istovara i korištenja odgovarajuće deponije. | C28: m2 | D28: 599.9 | F28: =D28*$E28
A29: 3.10. | B29: Demontaža daščanog grednika (veznih greda) poda krovišta zgrade. Kompletna demontaža uračunata u cijeni stavke, kao i upotreba odgovarajuće skele i sva potrebna osiguranja građevine kao cjeline i dijelova vezanih za ovu razgradnju te sva zaštita za sigurnost (oprema) i postupke prilikom skidanja (otprašivanje usisavanjem, kvašenje,...) prema opisu u stavci 3.4. U cijenu stavke uračunat utovar i odvoz razgrađenog materijala (razvrstanog po vrstama) na najbližu odgovarajuću deponiju, kao i svi troškovi istovara i korištenja odgovarajuće deponije. | C29: kom | D29: 45 | F29: =D29*$E29
A30: 3.11. | B30: Demontaža daščane oplate postavljene ispod daščanog drvenog grednika stropa prizemlja. Kompletna demontaža uračunata u cijeni stavke, kao i upotreba odgovarajuće skele i sva potrebna osiguranja građevine kao cjeline i dijelova vezanih za ovu razgradnju te sva zaštita za sigurnost (oprema) i postupke prilikom skidanja (otprašivanje usisavanjem, kvašenje,...) prema opisu u stavci 3.4. U cijenu stavke uračunat utovar i odvoz razgrađenog materijala (razvrstanog po vrstama) na najbližu odgovarajuću deponiju, kao i svi troškovi istovara i korištenja odgovarajuće deponije. | C30: m2 | D30: 599.9 | F30: =D30*$E30
A31: 3.12. | B31: Demontaža opšava završetka krovnog vijenca. Kompletna demontaža uračunata u cijeni stavke, kao i upotreba odgovarajuće radne skele i sva potrebna osiguranja građevine kao cjeline i dijelova vezanih za ovu razgradnju te svu zaštitu za sigurnost (oprema) i postupke prilikom skidanja (otprašivanje usisavanjem, kvašenje,...) prema opisu u stavci 3.4. Nakon demontaže opšava ogledni uzorak demontiranog elementa ostaviti na gradilišnoj deponiji da posluži kao uzorak za izradu istovjetnog novog opšava, svi troškovi vezani za deponiranje istog uključeni su u stavku. U cijenu stavke uračunat utovar i odvoz razgrađenog materijala (razvrstanog po vrstama) na najbližu odgovarajuću deponiju, kao i svi troškovi istovara i korištenja odgovarajuće deponije. | C31: m' | D31: 95.2 | F31: =D31*$E31
A32: 3.13. | B32: Demontaža gromobranskih instalacija sa krova i pročelja, izvedenih od pocinčanih traka. Uključivo demontažu pričvrsnica i spojnica. Stavka uključuje upotrebu radne skele i sva potrebna osiguranja građevine kao cjeline i dijelova vezanih za ovu razgradnju te svu zaštitu za sigurnost (oprema) i postupke prilikom skidanja (otprašivanje usisavanjem, kvašenje,...) prema opisu u stavci 3.4. U cijenu stavke uračunat utovar i odvoz razgrađenog materijala (razvrstanog po vrstama) na najbližu odgovarajuću deponiju, kao i svi troškovi istovara i korištenja odgovarajuće deponije. | C32: m' | D32: 99 | F32: =D32*$E32
A33: 3.14. | B33: Demontaža opšava dimnjaka, ventilacija i odzračnih vertikala, prodora krovnih ploha limom. U stavci uključena demontaža svog pričvrsnog i pomoćnog materijala. Stavka uključuje upotrebu radne skele i sva potrebna osiguranja građevine kao cjeline i dijelova vezanih za ovu razgradnju te svu zaštitu za sigurnost (oprema) i postupke prilikom skidanja (otprašivanje usisavanjem, kvašenje,...) prema opisu u stavci 3.4. U cijenu stavke uračunat utovar i odvoz razgrađenog materijala (razvrstanog po vrstama) na najbližu odgovarajuću deponiju, kao i svi troškovi istovara i korištenja odgovarajuće deponije.
B34: a) veličine 44/44 cm | C34: kom | D34: 6 | F34: =D34*$E34
B35: b) veličine 50/50 cm | C35: kom | D35: 5 | F35: =D35*$E35
A36: 3.15. | B36: Demontaža horizontalnog visećeg oluka uključivo podložni lim sa okapnicom. Nakon demontaže potrebno je pohraniti na gradilištu 1m horizontalnog oluka koji će poslužiti kao predložak za izradu novog. Kompletna demontaža uračunata u cijeni stavke, kao i demontaža obujmica (kuka), držača oluka. Stavka uključuje upotrebu radne skele i sva potrebna osiguranja građevine kao cjeline i dijelova vezanih za ovu razgradnju te svu zaštitu za sigurnost (oprema) i postupke prilikom skidanja (otprašivanje usisavanjem, kvašenje,...) prema opisu u stavci 3.4. U cijenu stavke uračunat utovar i odvoz razgrađenog materijala (razvrstanog po vrstama) na najbližu odgovarajuću deponiju, kao i svi troškovi istovara i korištenja odgovarajuće deponije. | C36: m' | D36: 95.2 | F36: =D36*$E36
A37: 3.16. | B37: Demontaža spoja vertikalnog oluka sa horizontalnim (tzv. labuđi vrat). Kompletna demontaža uračunata u cijeni stavke, kao i upotreba odgovarajuće radne skele i sva potrebna osiguranja građevine kao cjeline i dijelova vezanih za ovu razgradnju te sva zaštita za sigurnost (oprema) i postupke prilikom skidanja (otprašivanje usisavanjem, kvašenje,...) prema opisu u stavci 3.4. U cijenu stavke uračunat utovar i odvoz razgrađenog materijala (razvrstanog po vrstama) na najbližu odgovarajuću deponiju, kao i svi troškovi istovara i korištenja odgovarajuće deponije. | C37: kom | D37: 6 | F37: =D37*$E37
A38: 3.17. | B38: Demontaža vertikalnih oluka. Nakon demontaže potrebno je pohraniti na gradilištu 1 m vertikalnog oluka koji će poslužiti kao predložak za izradu novog. Stavka uključuje demontažu obujmica. Kompletna demontaža uračunata u cijeni stavke, kao i upotreba radne skele i sva potrebna osiguranja građevine kao cjeline i dijelova vezanih za ovu razgradnju te sva zaštita za sigurnost (oprema) i postupke prilikom skidanja (otprašivanje usisavanjem, kvašenje,...) prema opisu u stavci 3.4. U cijenu stavke uračunat utovar i odvoz razgrađenog materijala (razvrstanog po vrstama) na najbližu odgovarajuću deponiju, kao i svi troškovi istovara i korištenja odgovarajuće deponije. | C38: m' | D38: 26.4 | F38: =D38*$E38
A39: 3.18. | B39: Demontaža limenog opšava zabata. Kompletna demontaža uračunata u stavci, kao i upotreba odgovarajuće skele. U cijenu stavke uračunat utovar i odvoz razgrađenog materijala (razvrstanog po vrstama) na najbližu odgovarajuću deponiju, kao i svi troškovi istovara i korištenja odgovarajuće deponije. | C39: m' | D39: 33.5 | F39: =D39*$E39
A40: 3.19. | B40: Demontaža i vađenje opšava vanjskih prozorskih klupčica. Kompletna demontaža uračunata u cijenu stavke, kao i upotreba radne skele. U cijenu stavke uračunat utovar i odvoz razgrađenog materijala (razvrstanog po vrstama) na najbližu odgovarajuću deponiju, kao i svi troškovi istovara i korištenja odgovarajuće deponije. a) prozorske klupčice na nivou prizemlja, rad na visini do 2,0 m' | C40: m' | D40: 29 | F40: =D40*$E40
A41: 3.20. | B41: Demontaža i vađenje vanjske stolarije na nivou prizemlja - dvostrukih dvokrilnih zaokretnih ostakljenih prozora i doprozornika na pročeljima. Kompletna demontaža uračunata u cijenu stavke, kao i upotreba radne skele. U cijenu stavke uračunat utovar i odvoz razgrađenog materijala (razvrstanog po vrstama) na najbližu odgovarajuću deponiju, kao i svi troškovi istovara i korištenja odgovarajuće deponije.
B42: a) dvostruki prozor vanjskih dim. 130×193 cm | C42: kom | D42: 16 | F42: =D42*$E42
B43: b) dvostruki prozor vanjskih dim. 134×76 cm | C43: kom | D43: 3 | F43: =D43*$E43
A44: 3.21. | B44: Demontaža i vađenje vanjske stolarije na nivou prizemlja - jednostrukih zaokretnih ostakljenih prozora na pročeljima. Kompletna demontaža uračunata u cijenu stavke, kao i upotreba radne skele. U cijenu stavke uračunat utovar i odvoz razgrađenog materijala (razvrstanog po vrstama) na najbližu odgovarajuću deponiju, kao i svi troškovi istovara i korištenja odgovarajuće deponije.
B45: a) jednostruki prozor vanjskih dim. 77×76 cm | C45: kom | D45: 2 | F45: =D45*$E45
B46: b) jednostruki prozor vanjskih dim. 60×60 cm | C46: kom | D46: 2 | F46: =D46*$E46
A47: 3.22. | B47: Demontaža i vađenje unutarnjih prozorskih klupčica. Kompletna demontaža uračunata u cijenu stavke, kao i upotreba radne skele. U cijenu stavke uračunat utovar i odvoz razgrađenog materijala (razvrstanog po vrstama) na najbližu odgovarajuću deponiju, kao i svi troškovi istovara i korištenja odgovarajuće deponije. a) prozorske klupčice na nivou prizemlja, rad na visini do 3,0 m' | C47: m' | D47: 29 | F47: =D47*$E47
A48: 3.23. | B48: Demontaža i vađenje vanjskih vrata s staklenom stijenom i dvokrilnih vrata zajedno s dovratnicima. Kompletna demontaža uračunata u stavci, kao i upotreba odgovarajuće skele. U cijenu stavke uračunat utovar i odvoz razgrađenog materijala (razvrstanog po vrstama) na najbližu odgovarajuću deponiju, kao i svi troškovi istovara i korištenja odgovarajuće deponije. a) vrata sa staklenom stijenom vel. 294(321)/223 | C48: kom | D48: 1 | F48: =D48*$E48
A49: 3.24. | B49: Demontaža i vađenje vanjskih dvokrilnih vrata kotlovnice zajedno s dovratnicima. Kompletna demontaža uračunata u stavci, kao i upotreba odgovarajuće skele. U cijenu stavke uračunat utovar i odvoz razgrađenog materijala (razvrstanog po vrstama) na najbližu odgovarajuću deponiju, kao i svi troškovi istovara i korištenja odgovarajuće deponije. a) vrata vel. 186/220 | C49: kom | D49: 1 | F49: =D49*$E49
A50: 3.25. | B50: Demontaža i vađenje unutarnje stolarije (vrata) zajedno sa dovratnicima iz zidova. Kompletna demontaža uračunata u cijeni stavke, kao i upotreba odgovarajuće radne skele i sva potrebna osiguranja građevine kao cjeline i dijelova vezanih za ovu razgradnju. U cijenu stavke uračunat utovar i odvoz razgrađenog materijala (razvrstanog po vrstama) na najbližu odgovarajuću deponiju, kao i svi troškovi istovara i korištenja odgovarajuće deponije.
B51: a) jednokrilna (nivo prizemlja) | C51: kom | D51: 8 | F51: =D51*$E51
B52: b) dvokrilna (nivo prizemlja) | C52: kom | D52: 1 | F52: =D52*$E52
A53: 3.26. | B53: Razbijanje poda sa završnom oblogom od keramičkih pločica, sve do sloja šljunka, nivo prizemlja. Pretpostavljeni slojevi debljine do 70 cm kako slijedi: - keramičke pločice - cementna glazura - gornja betonska podloga - hidroizolacija - donja betonska podloga - nasip šljunka U stavci uključeno planiranje zemljane podloge s točnošću ± 2,0 cm nakon demontaže slojeva. Kompletna demontaža uračunata u stavci. U cijenu stavke uračunat utovar i odvoz razgrađenog materijala (razvrstanog po vrstama) na najbližu odgovarajuću deponiju, kao i svi troškovi istovara i korištenja odgovarajuće deponije. | C53: m2 | D53: 41.3 | F53: =D53*$E53
A54: 3.27. | B54: Razbijanje poda sa završnom oblogom od betona (betonski pod), sve do sloja šljunka, nivo prizemlja. Pretpostavljeni slojevi debljine do 70 cm kako slijedi: - cementna glazura - gornja betonska podloga - hidroizolacija - donja betonska podloga - nasip šljunka U stavci uključeno planiranje zemljane podloge s točnošću ± 2,0 cm nakon demontaže slojeva. Kompletna demontaža uračunata u stavci. U cijenu stavke uračunat utovar i odvoz razgrađenog materijala (razvrstanog po vrstama) na najbližu odgovarajuću deponiju, kao i svi troškovi istovara i korištenja odgovarajuće deponije. | C54: m2 | D54: 115.2 | F54: =D54*$E54
A55: 3.28. | B55: Razbijanje poda sa završnom oblogom od parketa, sve do sloja šljunka, nivo prizemlja. Pretpostavljeni slojevi debljine do 70 cm kako slijedi: - parket - slijepi pod - gornja betonska podloga - hidroizolacija - donja betonska podloga - nasip šljunka U stavci uključeno planiranje zemljane podloge s točnošću ± 2,0 cm nakon demontaže slojeva. Kompletna demontaža uračunata u stavci. U cijenu stavke uračunat utovar i odvoz razgrađenog materijala (razvrstanog po vrstama) na najbližu odgovarajuću deponiju, kao i svi troškovi istovara i korištenja odgovarajuće deponije. | C55: m2 | D55: 339.5 | F55: =D55*$E55
A56: 3.29. | B56: Kompletna demontaža svih sanitarnih uređaja, što uključuje i demontažu svih postojećih cijevi kanalizacije i vodoopskrbe. U cijenu stavke uključena izrada šliceva za vađenje postojećih cijevi kanalizacije, kao i sav potreban rad i materijal te upotreba odgovarajuće skele. U cijenu stavke uračunata utovar i odvoz razgrađenog materijala (razvrstanog po vrstama) na najbližu odgovarajuću deponiju, kao i svi troškovi istovara i korištenja odgovarajuće deponije.
B57: a) umivaonik (nivo prizemlja) | C57: kom | D57: 4 | F57: =D57*$E57
B58: b) WC školjka (nivo prizemlja) | C58: kom | D58: 4 | F58: =D58*$E58
A59: 3.30. | B59: Rušenje unutarnjih pregrada u sanitarnim prostorima, debljine do 7 cm, visine do 2,5 m'. Kompletna demontaža uračunata u stavci, kao i upotreba odgovarajuće skele i sva potrebna osiguranja građevine kao cjeline i dijelova vezanih za ovu razgradnju. U cijenu stavke uračunat utovar i odvoz razgrađenog materijala (razvrstanog po vrstama) na najbližu odgovarajuću deponiju, kao i svi troškovi istovara i korištenja odgovarajuće deponije. | C59: m2 | D59: 44 | F59: =D59*$E59
A60: 3.31. | B60: Skidanje obloge od keramičkih pločica postavljenih u cementnom mortu sa zidova. Opločenje do visine 3,0 m. Kompletna demontaža uračunata u stavci, kao i upotreba odgovarajuće skele. U cijenu stavke uračunat utovar i odvoz razgrađenog materijala (razvrstanog po vrstama) na najbližu odgovarajuću deponiju, kao i svi troškovi istovara i korištenja odgovarajuće deponije. | C60: m2 | D60: 99.2 | F60: =D60*$E60
A61: 3.32. | B61: Rušenje zidova debljine 7-80 cm, visine do 5 m'. Rušenje vršiti pažljivo na dijelu gdje se zadržava dio postojeće konstrukcije. Kompletna demontaža uračunata u stavci, kao i upotreba odgovarajuće skele i sva potrebna osiguranja građevine kao cjeline i dijelova vezanih za ovu razgradnju. U cijenu stavke uračunat utovar i odvoz razgrađenog materijala (razvrstanog po vrstama) na najbližu odgovarajuću deponiju, kao i svi troškovi istovara i korištenja odgovarajuće deponije. | C61: m3 | D61: 22 | F61: =D61*$E61
A62: 3.33. | B62: Rušenje dimnjaka i ventilacijskih kanala dimenzija dužine od 25 do 80 cm i širine od 23 cm do 80 cm, visine do 7 m. Rušenje vršiti pažljivo na dijelu gdje se zadržava dio postojeće konstrukcije. Kompletna demontaža uračunata u stavci, kao i upotreba odgovarajuće skele i sva potrebna osiguranja građevine kao cjeline i dijelova vezanih za ovu razgradnju. U cijenu stavke uračunat utovar i odvoz razgrađenog materijala (razvrstanog po vrstama) na najbližu odgovarajuću deponiju, kao i svi troškovi istovara i korištenja odgovarajuće deponije. | C62: kom | D62: 10 | F62: =D62*$E62
A63: 3.34. | B63: Probijanje otvora u zidovima od opeke zidane vapnenim mortom. Otvor minimalne veličine 75×205 cm do maksimalne veličine 200×300 cm. Iskoristivu opeku očistiti i složiti na deponiju gradilišta radi eventualne ponovne upotrebe. Uključena sva potrebna podupiranja i osiguranje nosive konstrukcije kao i upotreba radne skele. U cijenu stavke uračunat utovar i odvoz razgrađenog materijala (razvrstanog po vrstama) na najbližu odgovarajuću deponiju, kao i svi troškovi istovara i korištenja odgovarajuće deponije.
B64: a) zidovi debljine 42 cm | C64: kom | D64: 8 | F64: =D64*$E64
B65: b) zidovi debljine 32 cm | C65: kom | D65: 5 | F65: =D65*$E65
A66: 3.35. | B66: Bušenje radi proširenja u zidovima od opeke zidane vapnenim mortom. Uključena sva potrebna podupiranja i osiguranje nosive konstrukcije kao i upotreba odgovarajuće skele. U cijenu stavke uračunat utovar i odvoz razgrađenog materijala (razvrstanog po vrstama) na najbližu odgovarajuću deponiju, kao i svi troškovi istovara i korištenja odgovarajuće deponije. a) zidovi debljine 45 cm | C66: m3 | D66: 5.2 | F66: =D66*$E66
A67: 3.36. | B67: Izvedba vertikalnih i horizontalnih usjeka - ležajeva u fasadnim zidovima od opeke radi izvedbe novih betonskih serklaža i nadvoja. Uključena sva potrebna podupiranja i osiguranje nosive konstrukcije kao i upotreba odgovarajuće skele. U cijenu stavke uračunat utovar i odvoz razgrađenog materijala (razvrstanog po vrstama) na najbližu odgovarajuću deponiju, kao i svi troškovi istovara i korištenja odgovarajuće deponije. | C67: m3 | D67: 35 | F67: =D67*$E67
A68: 3.37. | B68: Otucanje preostale žbuke fasade prizemlja, zidovi od opeke. U stavci uračunata upotreba radne skele. Stavka uključuje i skidanje keramičkih pločica sa zidova gdje je ista postavljena. U cijenu stavke uračunat utovar i odvoz razgrađenog materijala (razvrstanog po vrstama) na najbližu odgovarajuću deponiju, kao i svi troškovi istovara i korištenja odgovarajuće deponije. | C68: m2 | D68: 501.9 | E68: 27.3 | F68: =D68*$E68
A69: 3.38. | B69: Čišćenje reški fasade prizemlja, do dubine od 5 cm u zidu od opeke sa temeljitim otprašivanjem i ispiranjem, sve uz upotrebu odgovarajuće skele. Uključeno čišćenje spojnica sa otprašivanjem. U cijenu stavke uračunat utovar i odvoz razgrađenog materijala (razvrstanog po vrstama) na najbližu odgovarajuću deponiju, kao i svi troškovi istovara i korištenja odgovarajuće deponije. | C69: m2 | D69: 501.9 | E69: 10.5 | F69: =D69*$E69
A70: 3.39. | B70: Otucanje preostale žbuke sa zidova prostorija prizemlja, zidovi od opeke. U stavci uračunata upotreba radne skele. Stavka uključuje i skidanje keramičkih pločica sa zidova gdje je ista postavljena. U cijenu stavke uračunat utovar i odvoz razgrađenog materijala (razvrstanog po vrstama) na najbližu odgovarajuću deponiju, kao i svi troškovi istovara i korištenja odgovarajuće deponije. | C70: m2 | D70: 965.6 | E70: 27.3 | F70: =D70*$E70
A71: 3.40. | B71: Čišćenje reški sa zidova prostorija prizemlja, do dubine od 5 cm u zidu od opeke sa temeljitim otprašivanjem i ispiranjem, sve uz upotrebu odgovarajuće skele. Uključeno čišćenje spojnica sa otprašivanjem. U cijenu stavke uračunat utovar i odvoz razgrađenog materijala (razvrstanog po vrstama) na najbližu odgovarajuću deponiju, kao i svi troškovi istovara i korištenja odgovarajuće deponije. | C71: m2 | D71: 965.6 | E71: 10.5 | F71: =D71*$E71
A72: 3.41. | B72: Otucanje žbuke sa stropa prizemlja. Stavka uključuje i skidanje trstike na mjestima gdje ista postoji. Kompletna demontaža uračunata u stavci, kao i upotreba odgovarajuće skele i sva potrebna osiguranja građevine kao cjeline i dijelova vezanih za ovu razgradnju. U cijenu stavke uračunat utovar i odvoz razgrađenog materijala (razvrstanog po vrstama) na najbližu odgovarajuću deponiju, kao i svi troškovi istovara i korištenja odgovarajuće deponije. | C72: m2 | D72: 527.8 | E72: 28.35 | F72: =D72*$E72
A73: 3.42. | B73: Probijanje otvora u zidovima radi ugradnje instalacijskih vodova. Otvori su veličine do 30/30 cm. U cijenu stavke uračunat utovar i odvoz razgrađenog materijala (razvrstanog po vrstama) na najbliže odgovarajuće deponije, kao i svi troškovi istovara i korištenja odgovarajuće deponije.
B74: a) probijanje otvora u zidu od opeke d = 38 cm | C74: kom | D74: 20 | F74: =D74*$E74
B75: b) probijanje otvora u zidu od opeke d = 25 cm | C75: kom | D75: 21 | F75: =D75*$E75
B76: c) probijanje otvora u zidu od opeke d = 20 cm | C76: kom | D76: 5 | F76: =D76*$E76
A77: 3.43. | B77: Štemanje šliceva u zidu od opeke za izvedbu instalacija. Šlicevi su širine 40 cm i dubine do 10 cm. U cijenu stavke uračunat utovar i odvoz razgrađenog materijala (razvrstanog po vrstama) na najbliže odgovarajuće deponije, kao i svi troškovi istovara i korištenja odgovarajuće deponije. | C77: m' | D77: 348 | F77: =D77*$E77
A78: 3.44. | B78: Izvedba vertikalnih usjeka - ležajeva u postojećim temeljima radi izvedbe ležaja (spoja) novih trakastih AB temelja sa postojećim do dubine 1,20 m. Uključena sva potrebna podupiranja i osiguranje nosive konstrukcije kao i upotreba odgovarajuće skele. U cijenu stavke uračunat utovar i odvoz razgrađenog materijala (razvrstanog po vrstama) na najbližu odgovarajuću deponiju, kao i svi troškovi istovara i korištenja odgovarajuće deponije. | C78: m3 | D78: 3 | F78: =D78*$E78
A79: 3.45. | B79: Razna sitna rušenja, razgradnje i demontaže. U cijenu stavke uračunat utovar i odvoz razgrađenog materijala (razvrstanog po vrstama) na najbližu odgovarajuću deponiju, kao i svi troškovi istovara i korištenja odgovarajuće deponije. Priznat će se stvaran broj sati koji je upisan u građevinsku knjigu i ovjeren po nadzornom inženjeru.
B80: a) NKV | C80: sati | D80: 50 | F80: =D80*$E80
B81: b) PKV | C81: sati | D81: 30 | F81: =D81*$E81
B82: c) KV | C82: sati | D82: 20 | F82: =D82*$E82
B83: d) VKV | C83: sati | D83: 10 | F83: =D83*$E83
A84: 3.46. | B84: Demontaža rasvjete postavljene na pročelju. U cijenu stavke uključeno i odpajanje rasvjetnih tijela od strane ovlaštene osobe, kao i upotreba odgovarajuće skele. Rasvjetna tijela potrebno je deponirati na gradilišnu deponiju gdje će se adekvatno skladištiti do njegove ponovne montaže, uključeno u stavci. U cijenu stavke uključeno i skidanje nosača. | C84: kom | D84: 1 | F84: =D84*$E84
B85: 3. Rušenje i razgradnja ukupno: | F85: =SUM(F19:F84)
A87: 4. | B87: RADOVI NA SANACIJI I OJAČAVANJU TEMELJA
A88: 4.1. | B88: Prije početka radova na sanaciji i ojačanju temelja potrebno je otvoriti okna dimenzija širine 1 - 1,5 m, duljine 1 - 1,5m dubine do 4,5 m, uključivo potrebna osiguranja iskopa isto se izvodi radi provjere pretpostavljene dubine temeljenja. Nadalje radi provjere pretpostavljene vrste materijala kao i radi utvrđivanja općeg stanja temelja. Stavka uključuje sav rad, alat i materijal potreban za izvedbu ove kontrole. | C88: kom | D88: 4 | F88: =D88*$E88
A89: 4.2. | B89: Detaljno geodetsko snimanje postojećih dubina temelja, kao i izradu pratećeg geodetskog nacrta. Stavka uključuje sav rad sve do potpune gotovosti. | C89: kpl | D89: 1 | F89: =D89*$E89
A90: 4.3. | B90: Izvedba rova unutar građevine širine 1,5 m za proširenje postojećih trakastih temelja do dubine 1,8 m za izvedbu kampada za sanaciju i ojačanje temelja. Radovi obuhvaćaju sljedeće: - iskop zemljanog materijala dubine do 1,2 m odnosno do kote potrebne za izvedbu ove stavke. Stavka uključuje sav rad i materijal osnovni i pomoćni, sve do potpune gotovosti. U stavci uključeno osiguranje iskopa (vertikalno zasjecanje strana iskopa), te odvoz iskopanog materijala na predviđenu gradilišnu deponiju poradi ponovne uporabe iskopanog materijala za nasipavanje. Obračun po m³ u sraslom stanju. | C90: m3 | D90: 399.5 | F90: =D90*$E90
A91: 4.4. | B91: Izvedba rova za nove trakaste temelje unutar postojećih, širine 1,0 m prema projektu statike. Radovi obuhvaćaju sljedeće: - iskop zemljanog materijala dubine do 1,20 m odnosno do kote potrebne za izvedbu ove stavke. Stavka uključuje sav rad i materijal osnovni i pomoćni, sve do potpune gotovosti. U stavci uključeno osiguranje iskopa (vertikalno zasjecanje strana iskopa), te odvoz iskopanog materijala na predviđenu gradilišnu deponiju poradi ponovne uporabe iskopanog materijala za nasipavanje. Obračun po m³ u sraslom stanju. | C91: m3 | D91: 14.5 | F91: =D91*$E91
B92: OJAČANJE TEMELJA SA UNUTARNJE STRANE GRAĐEVINE - RADOVE IZVESTI KAMPADNO
A93: 4.5. | B93: Priprema svih površina za izvedbu sanacije i ojačanja temelja uključujući i površine spoja između starog i novbog temelja. Podloga mora biti suha, odmašćena, nosiva i bez slabovezanih ili trusnih dijelova. Stavka uključuje strojnu pripremu i završno čišćenje podloge npr. visokotlačnim pranjem prije početka izvedbe na ojačanju temelja. Obračun po m² izvedene pripreme podloge. | C93: m2 | D93: 352.14 | F93: =D93*$E93
A94: 4.6. | B94: Ojačanje postojećih temelja AB uzdužnim i poprečnim temeljnim trakama 30/100 cm i poprečnim AB temeljnim trakama 50/100 cm. Povezivanje novih temeljnih traka vršiti bušenjem rupa Ø 60 i ugradba armaturnih šipki Ø 20 dužine 3 m. Ukoliko se prilikom iskopa utvrdi da su postojeći temelji u rastresitom stanju potrebno je podbetoniravanje postojećih temelja u suradnji i s prijedlogom dobivenog od nadzornog inženjera. Stavka uključuje sav rad i potreban materijal za izvedbu radova do potpune gotovosti, dodatak za vodonepropusnost te sva potrebna podupiranja, a sve je potrebno izvesti prema nacrtima, statičkom računu i pravilima struke.
A95: a) | B95: betoniranje uzdužnih i poprečnih temeljnih traka dim 30/100 cm tlačnim betonom C 30/37, razreda izloženosti XC2, veliki presjek | C95: m3 | D95: 105.7 | F95: =D95*$E95
A96: b) | B96: izvedba rupa Ø 60 | C96: kom | D96: 370 | F96: =D96*$E96
A97: c) | B97: betoniranje novih poprečnih temeljnih traka dim. 60/175 cm tlačnim betonom C30/37, razreda izloženosti XC2, veliki presjek | C97: m3 | D97: 8.6 | F97: =D97*$E97
A98: d) | B98: oplata | C98: m2 | D98: 392 | F98: =D98*$E98
A99: e) | B99: armatura | C99: kg | D99: 20574 | F99: =D99*$E99
B100: 4. Radovi na sanaciji temelja ukupno: | F100: =SUM(F88:F99)
A102: 5. | B102: ZEMLJANI RADOVI
A103: 5.1. | B103: Površinski iskop humusnog zemljišta za otkop oko zgrade prosječne dubine 30 cm, širine 400 cm, te odvoz iskopang materijala na gradsku deponiju. Obračun po m³ u sraslom stanju. | C103: m3 | D103: 192.01 | F103: =D103*$E103
A104: 5.2. | B104: Iskop tla C kategorije za rov oko zgrade, dubine do 1,20 m, a širine 1,00 m. U stavci uključeno osiguranje iskopa (vertikalno zasjecanje strana iskopa), te odvoz iskopanog materijala na predviđenu gradilišnu deponiju poradi ponovne uporabe iskopanog materijala za nasipavanje. Obračun po m³ u sraslom stanju. Stavka uključuje sav rad i materijal osnovni i pomoćni, sve do potpune gotovosti. Obračun po m³ u sraslom stanju. | C104: m3 | D104: 193.1 | F104: =D104*$E104
A105: 5.3. | B105: Planiranje dna iskopa za izvedbu novih trakastih temelja i proširenja postojećih temelja. Planira se s točnošću ±2 cm s prosječnim ručnim otkopom 0,05 m3/m2, te ručnim odbacivanjem iskopanog materijala. U cijenu stavke uračunat utovar i odvoz viška te odvoz iskopanog materijalate na gradsku deponiju. Obračun po m² površine dna. | C105: m2 | D105: 344.9 | F105: =D105*$E105
A106: 5.4. | B106: Planiranje dna iskopa za rov oko zgrade širine 1,00 m. Planira se s točnošću ±2 cm s prosječnim ručnim otkopom 0,05 m3/m2, te ručnim odbacivanjem iskopanog materijala. U cijenu stavke uračunat utovar i odvoz viška iskopanog materijala na predviđenu gradilišnu deponiju poradi ponovne uporabe iskopanog materijala za nasipavanje. Obračun po m² površine dna. | C106: m2 | D106: 129.4 | F106: =D106*$E106
A107: 5.5. | B107: Dovoz i izrada nasipa od šljunka u debljini sloja od 35 cm slojevi poda prizemlja. Stavka obuhvaća radove: • Nabavku i dopremu šljunka. • Nasipanje i razastiranje u slojevima od 10 cm, zavisno od vrste materijala i izbora stroja za sabijanje, a nabijanje treba izvoditi tako, da se kod svakog sloja postigne Ms = 60 MN/m². • Vlaženje ili sušenje. • U poprečnom smislu, nasip mora imati min. poprečni nagib 3-5% u svim fazama rada. Završno planiranje izvesti sa točnošću ± 2 cm. Obračun po m³ nasipa mjerenjem profila u zbijenom stanju. | C107: m3 | D107: 189.3 | F107: =D107*$E107
...

Sheet Zgrada 12
A1: stavka | B1: opis stavke | C1: jedin. mjere | D1: količina | E1: jedinična cijena (euro)
A3: II. | B3: ZGRADA 12
A5: A. | B5: GRAĐEVINSKO-OBRNIČKI RADOVI
A7: 1. | B7: SKELA
A8: 1.1. | B8: Dobava, postava, skidanje i otprema cijevne fasadne skele, od bešavnih cijevi. Skelu izvesti prema važećim HTZ propisima. Skelu je potrebno osigurati od prevrtanja, sidrennjem u građevinu, a od udara munje uzemljenjem. Potrebno je izvesti pomične željezne ili drvene ljestve – penjalice u svrhu osiguranja vertikalne komunikacije po skeli. Prije izvedbe skele izvođač je dužan izraditi projekt skele, što je u cijeni stavke. Obračun se vrši po m² vertikalne projekcije površine skele. Stavka uključuje rad i materijal osnovni i pomoćni, sve do potpune funkcionalnosti. | C8: m2 | D8: 698
B9: 1. Skela ukupno:
A11: 2. | B11: PRIPREMNI RADOVI
A12: 2.1. | B12: Geodetsko praćenje, iskolčenje građevine, trase svih instalacija, šahtova, upločenje uz građevinu, nanošenje svih potrebnih geodetskih visina unutar i oko građevine, izrada elabotrata iskolčenja, snimanja izvedenih instalacija i geodetski elaborat za potrebe katastra. | C12: kpl | D12: 1
A13: 2.2. | B13: Ispitivanje zrakopropusnosti ovojnice zgrade prema HRN EN ISO 9972-2015 ili jednakovrijednoj, te u skladu sa važećim zahtjevima Tehničkog propisa o racionalnoj uporabi energije i toplinskoj zaštiti zgrada. Ispitivanje se vrši dva puta: prvi puta nakon ugradnje i brtvljenja otvora, ugradnje strojarskih instalacija, ožičenja električnih instalacija, žbukanja zidova i zatvaranja vanjske ovojnice zgrade parnom branom, drugi puta nakon završetka svih radova, a prije tehničkog pregleda zgrade. Ispitivanje se vrši blower-door testom uz otkrivanje mjesta propuštanja zraka termografskim snimanjem, anemometrom ili metodom suhog dima. Prilikom ispitivanja, za razliku tlakova između unutarnjeg i vanjskog zraka od 50 Pa, izmjereni protok zraka, sveden na obujam unutarnjeg zraka ne smije biti veći od vrijednosti n50 = 1,5 h-1 (kod zgrada s mehaničkim uređajem za ventilaciju). Prije ispitivanja, naručitelj treba provesti brtvljenje svih prodora kroz zrakonepropusnu ovojnicu poput kanalizacijskih odvoda, ventilacijskih kanala, kablova od struje, itd. Ispitivanje se ponavlja nakon brtvljenja eventualnih mjesta propuštanja zraka dok se ne zadovolji vrijednost n50 =< 1,5 h-1. Postupak se ponavlja dok vanjska ovojnice ne postigne odgovarajuću zrakonepropusnost. Obračun prema netto grijanom volumenu zgrade. Termografsko ispitivanje provodi certificirana osoba. | C13: m2 | D13: 2113
A14: 2.3. | B14: Čišćenje terena od raslinja oko građevine, siječenje i skupljanje. U stavku uključeno uklanjanje smeća, prepreka, drveća, i sl., košenja trave i korova, te utovar i odvoz otpadnog materijala na gradsku deponiju, uključeno u cijeni stavke. | C14: m2 | D14: 455
A15: 2.4. | B15: Pažljivo skidanje, siječenje i skupljane zelenila (bršljana) koje je obuhvatilo pročelje. Primjenjuje se sigurnosna tehnologija rušenja uz rad s ljestvi i rezanjem odozgo prema dolje (sa kontroliranim spuštanjem). Sve sasječene dijelove potrebno je utovariti i odvesti na za to najbližu odgovarajuću deponiju, uključeno u cijenu stavke. | C15: m2 | D15: 242
B16: 2. Pripremni radovi ukupno:
A18: 3. | B18: RUŠENJE I RAZGRADNJA
A19: 3.1. | B19: Kompletna demontaža svih elektroinstalacija jake i slabe struje nadžbukni i podžbukni dio, što uključuje sve utičnice, prekidače, rasvjetna tijela, elektro ormare, kutije s osiguračina, kablove, nosače projektora i projektore, pametne ploče, zvučnike, zvono, videonadzor, pemetne tv i slično, sve u potpunoj gotovosti. U cijenu stavke uključena izrada šliceva za vađenje postojećih elektroinstalacija, kao i sav potreban rad i materijal te upotreba odgovarajuće skele. U cijenu stavke uračunat utovar i odvoz razgrađenog materijala (razvrstanog po vrstama) na najbližu odgovarajuću deponiju, kao i svi troškovi istovara i korištenja odgovarajuće deponije. a) površine 510 m² | C19: kpl | D19: 1
A20: 3.2. | B20: Otpajanja elektroenergetskog priključka građevine prije početka svih rušenja. Radove izvodi za to ovlaštena osoba. Stavka uključuje sav rad i materijal, kao i upotrebu odgovarajuće skele. Postava gradilišnih GRO. | C20: kom | D20: 1
A21: 3.3. | B21: Kompletna demontaža svih strojarskih instalacija, što uključuje kompletnu demontažu postrojenja kotlovnice, svih radijatora, cijevnog razvoda grijanja i slično, sve u potpunoj gotovosti. U cijenu stavke uključena izrada šliceva i potrebnih prodora za vađenje postojećih instalacija, kao i sav potreban rad i materijal te upotreba odgovarajuće skele. U cijenu stavke uračunat utovar i odvoz razgrađenog materijala (razvrstanog po vrstama) na najbližu odgovarajuću deponiju, kao i svi troškovi istovara i korištenja odgovarajuće deponije. a) površine 510 m² | C21: kpl | D21: 1
A22: 3.4. | B22: Skidanje pokrova od valovitih salonitnih azbesnih ploča krovišta (građevina i nadstrešnica). Stavka uključuje i sljemenjake. Skidanje se izvodi na način da ne dođe do oštećenja i loma ploča koje se moraju slagati na palete i omotati folijom, a polomljeni komadi se moraju posebno prikupiti u spremnike ili vreće u kojima se završni sloj prekriva zemljom kako bi se spriječilo eventualno širenje prašine. Pokrovne salonitne ploče nikako nije dozvoljeno prilikom skidanja bacati s krova već ih je potrebno pažljivo spustiti i složiti na mjesto pristupačno za prijevoz. Za vrijeme skidanja ploča potrebno je ploče prskati vodom i upotrebljavati zaštitnu opremu, te krovnu konstrukciju usisati jer se upravo na krovnoj građi nakupilo dosta prašine koju čovjek može udahnuti. Svako lomljenje, rezanje ili brušenje je najstrože zabranjeno, a mjesto privremenog odlaganja prije odvoza na zbrinjavanje potrebno je ograditi ceradom i smanjiti utjecaj vjetra na prikupljeni otpad. Prilikom rada sa salonitnim pločama obavezno je primjena osobnih zaštitnih sredstva (maske, rukavice, zaštitna odjeća i dr.).
B23: Kompletna opisana demontaža pokrova uračunata u cijeni stavke, kao i odlaganje pokrova na gradilišnu deponiju za čuvanje materijala te zbrinjavanje prema posebnoj Uputi i u skladu s važećim propisima. U stavci uračunata upotreba radne skele i sva potrebna osiguranja. U cijenu stavke uračunat utovar i odvoz na odlagalište kod ovlaštenog pravnog subjekta za zbrinjavanje navedenog otpada kao i svi troškovi istovara i korištenja odgovarajuće deponije. Nakon čišćenja gradilišta i okoliša od azbesta može se pristupiti gradnji novog objekta. Obračun po m² kose krovne površine. | C23: m2 | D23: 714.2
A24: 3.5. | B24: Demontaža letava za pokrov valovitim salonitnim azbesnim pločama krovišta građevine. Kompletna demontaža uračunata u cijeni stavke, kao i upotreba odgovarajuće radne skele i sva potrebna osiguranja građevine kao cjeline i dijelova vezanih za ovu razgradnju te svu zaštitu za sigurnost (oprema) i postupke prilikom skidanja (otprašivanje usisavanjem, kvašenje,...) prema opisu u stavci 3.4. U cijenu stavke uračunat utovar i odvoz razgrađenog materijala (razvrstanog po vrstama) na najbližu odgovarajuću deponiju, kao i svi troškovi istovara i korištenja odgovarajuće deponije. Obračun po m² kose krovne površine. | C24: m2 | D24: 714.2
A25: 3.6. | B25: Demontaža gornje daščane oplate krovišta zgrade. Kompletna demontaža uračunata u cijeni stavke, kao i upotreba odgovarajuće skele i sva potrebna osiguranja građevine kao cjeline i dijelova vezanih za ovu razgradnju te sva zaštita za sigurnost (oprema) i postupke prilikom skidanja (otprašivanje usisavanjem, kvašenje,...) prema opisu u stavci 3.4. U cijenu stavke uračunat utovar i odvoz razgrađenog materijala (razvrstanog po vrstama) na najbližu odgovarajuću deponiju, kao i svi troškovi istovara i korištenja odgovarajuće deponije. Obračun po m² kose krovne površine. | C25: m2 | D25: 714.2
A26: 3.7. | B26: Demontaža drvene nosive konstrukcije radi zamjene novih istovjetnih elemenata - rogova. Kompletna demontaža uračunata u cijeni stavke, kao i upotreba odgovarajuće radne skele i sva potrebna osiguranja građevine kao cjeline i dijelova vezanih za ovu razgradnju te sva zaštita za sigurnost (oprema) i postupke prilikom skidanja (otprašivanje usisavanjem, kvašenje,...) prema opisu u stavci 3.4. U cijenu stavke uračunat utovar i odvoz razgrađenog materijala (razvrstanog po vrstama) na najbližu odgovarajuću deponiju, kao i svi troškovi istovara i korištenja odgovarajuće deponije. | C26: kom | D26: 37
A27: 3.8. | B27: Demontaža postojeće nosive drvene konstrukcije krovišta izvedeno na rasponu od cca 15 m, izvedene od drvenog rešetkastog nosača na rasponu od 4 m, čine ga gornji pojas nosača koji prati kosinu krova, donji pojas nosača izveden s dvije međusobno spojene daske te ispuna kosnicima. Obračun po projekciji na tlocrt. | C27: m2 | D27: 714.2
A28: 3.9. | B28: Demontaža i vađenje slojeva poda potkrovlja do nosive konstrukcije od grednika koji uključuju predpostavljene slojeve (ukupne debljine do 25 cm) kako slijedi: - izravnavajući sloj - slijepi pod - letve - nasip šute Kompletna demontaža uračunata u stavci, kao i sva potrebna osiguranja građevine kao cjeline i dijelova vezanih za ovu razgradnju. te sva zaštita za sigurnost (oprema) i postupke prilikom skidanja (otprašivanje usisavanjem, kvašenje,...) prema opisu u stavci 3.4. U cijenu stavke uračunat utovar i odvoz razgrađenog materijala (razvrstanog po vrstama) na najbližu odgovarajuću deponiju, kao i svi troškovi istovara i korištenja odgovarajuće deponije. | C28: m2 | D28: 599.9
A29: 3.10. | B29: Demontaža daščanog grednika (veznih greda) poda krovišta zgrade. Kompletna demontaža uračunata u cijeni stavke, kao i upotreba odgovarajuće skele i sva potrebna osiguranja građevine kao cjeline i dijelova vezanih za ovu razgradnju te sva zaštita za sigurnost (oprema) i postupke prilikom skidanja (otprašivanje usisavanjem, kvašenje,...) prema opisu u stavci 3.4. U cijenu stavke uračunat utovar i odvoz razgrađenog materijala (razvrstanog po vrstama) na najbližu odgovarajuću deponiju, kao i svi troškovi istovara i korištenja odgovarajuće deponije. | C29: kom | D29: 45
A30: 3.11. | B30: Demontaža daščane oplate postavljene ispod daščanog drvenog grednika stropa prizemlja. Kompletna demontaža uračunata u cijeni stavke, kao i upotreba odgovarajuće skele i sva potrebna osiguranja građevine kao cjeline i dijelova vezanih za ovu razgradnju te sva zaštita za sigurnost (oprema) i postupke prilikom skidanja (otprašivanje usisavanjem, kvašenje,...) prema opisu u stavci 3.4. U cijenu stavke uračunat utovar i odvoz razgrađenog materijala (razvrstanog po vrstama) na najbližu odgovarajuću deponiju, kao i svi troškovi istovara i korištenja odgovarajuće deponije. | C30: m2 | D30: 599.9
A31: 3.12. | B31: Demontaža opšava završetka krovnog vijenca. Kompletna demontaža uračunata u cijeni stavke, kao i upotreba odgovarajuće radne skele i sva potrebna osiguranja građevine kao cjeline i dijelova vezanih za ovu razgradnju te svu zaštitu za sigurnost (oprema) i postupke prilikom skidanja (otprašivanje usisavanjem, kvašenje,...) prema opisu u stavci 3.4. Nakon demontaže opšava ogledni uzorak demontiranog elementa ostaviti na gradilišnoj deponiji da posluži kao uzorak za izradu istovjetnog novog opšava, svi troškovi vezani za deponiranje istog uključeni su u stavku. U cijenu stavke uračunat utovar i odvoz razgrađenog materijala (razvrstanog po vrstama) na najbližu odgovarajuću deponiju, kao i svi troškovi istovara i korištenja odgovarajuće deponije. | C31: m' | D31: 95.2
A32: 3.13. | B32: Demontaža gromobranskih instalacija sa krova i pročelja, izvedenih od pocinčanih traka. Uključivo demontažu pričvrsnica i spojnica. Stavka uključuje upotrebu radne skele i sva potrebna osiguranja građevine kao cjeline i dijelova vezanih za ovu razgradnju te svu zaštitu za sigurnost (oprema) i postupke prilikom skidanja (otprašivanje usisavanjem, kvašenje,...) prema opisu u stavci 3.4. U cijenu stavke uračunat utovar i odvoz razgrađenog materijala (razvrstanog po vrstama) na najbližu odgovarajuću deponiju, kao i svi troškovi istovara i korištenja odgovarajuće deponije. | C32: m' | D32: 99
A33: 3.14. | B33: Demontaža opšava dimnjaka, ventilacija i odzračnih vertikala, prodora krovnih ploha limom. U stavci uključena demontaža svog pričvrsnog i pomoćnog materijala. Stavka uključuje upotrebu radne skele i sva potrebna osiguranja građevine kao cjeline i dijelova vezanih za ovu razgradnju te svu zaštitu za sigurnost (oprema) i postupke prilikom skidanja (otprašivanje usisavanjem, kvašenje,...) prema opisu u stavci 3.4. U cijenu stavke uračunat utovar i odvoz razgrađenog materijala (razvrstanog po vrstama) na najbližu odgovarajuću deponiju, kao i svi troškovi istovara i korištenja odgovarajuće deponije.
B34: a) veličine 44/44 cm | C34: kom | D34: 6
B35: b) veličine 50/50 cm | C35: kom | D35: 4
B36: c) veličine Ø 15 cm | C36: kom | D36: 4
A37: 3.15. | B37: Demontaža horizontalnog visećeg oluka uključivo podložni lim sa okapnicom. Nakon demontaže potrebno je pohraniti na gradilištu 1m horizontalnog oluka koji će poslužiti kao predložak za izradu novog. Kompletna demontaža uračunata u cijeni stavke, kao i demontaža obujmica (kuka), držača oluka. Stavka uključuje upotrebu radne skele i sva potrebna osiguranja građevine kao cjeline i dijelova vezanih za ovu razgradnju te svu zaštitu za sigurnost (oprema) i postupke prilikom skidanja (otprašivanje usisavanjem, kvašenje,...) prema opisu u stavci 3.4. U cijenu stavke uračunat utovar i odvoz razgrađenog materijala (razvrstanog po vrstama) na najbližu odgovarajuću deponiju, kao i svi troškovi istovara i korištenja odgovarajuće deponije. | C37: m' | D37: 95.2
A38: 3.16. | B38: Demontaža spoja vertikalnog oluka sa horizontalnim (tzv. labuđi vrat). Kompletna demontaža uračunata u cijeni stavke, kao i upotreba odgovarajuće radne skele i sva potrebna osiguranja građevine kao cjeline i dijelova vezanih za ovu razgradnju te sva zaštita za sigurnost (oprema) i postupke prilikom skidanja (otprašivanje usisavanjem, kvašenje,...) prema opisu u stavci 3.4. U cijenu stavke uračunat utovar i odvoz razgrađenog materijala (razvrstanog po vrstama) na najbližu odgovarajuću deponiju, kao i svi troškovi istovara i korištenja odgovarajuće deponije. | C38: kom | D38: 6
A39: 3.17. | B39: Demontaža vertikalnih oluka. Nakon demontaže potrebno je pohraniti na gradilištu 1 m vertikalnog oluka koji će poslužiti kao predložak za izradu novog. Stavka uključuje demontažu obujmica. Kompletna demontaža uračunata u cijeni stavke, kao i upotreba radne skele i sva potrebna osiguranja građevine kao cjeline i dijelova vezanih za ovu razgradnju te sva zaštita za sigurnost (oprema) i postupke prilikom skidanja (otprašivanje usisavanjem, kvašenje,...) prema opisu u stavci 3.4. U cijenu stavke uračunat utovar i odvoz razgrađenog materijala (razvrstanog po vrstama) na najbližu odgovarajuću deponiju, kao i svi troškovi istovara i korištenja odgovarajuće deponije. | C39: m' | D39: 26.4
A40: 3.18. | B40: Demontaža limenog opšava zabata. Kompletna demontaža uračunata u stavci, kao i upotreba odgovarajuće skele. U cijenu stavke uračunat utovar i odvoz razgrađenog materijala (razvrstanog po vrstama) na najbližu odgovarajuću deponiju, kao i svi troškovi istovara i korištenja odgovarajuće deponije. | C40: m' | D40: 33.5
A41: 3.19. | B41: Demontaža i vađenje opšava vanjskih prozorskih klupčica. Kompletna demontaža uračunata u cijenu stavke, kao i upotreba radne skele. U cijenu stavke uračunat utovar i odvoz razgrađenog materijala (razvrstanog po vrstama) na najbližu odgovarajuću deponiju, kao i svi troškovi istovara i korištenja odgovarajuće deponije. a) prozorske klupčice na nivou prizemlja, rad na visini do 2,0 m' | C41: m' | D41: 29
A42: 3.20. | B42: Demontaža i vađenje vanjske stolarije na nivou prizemlja - dvostrukih dvokrilnih zaokretnih ostakljenih prozora i doprozornika na pročeljima. Kompletna demontaža uračunata u cijenu stavke, kao i upotreba radne skele. U cijenu stavke uračunat utovar i odvoz razgrađenog materijala (razvrstanog po vrstama) na najbližu odgovarajuću deponiju, kao i svi troškovi istovara i korištenja odgovarajuće deponije.
B43: a) dvostruki prozor vanjskih dim. 130×193 cm | C43: kom | D43: 17
B44: b) dvostruki prozor vanjskih dim. 134×76 cm | C44: kom | D44: 3
A45: 3.21. | B45: Demontaža i vađenje vanjske stolarije na nivou prizemlja i potkrovlja - jednostrukih zaokretnih ostakljenih prozora na pročeljima. Kompletna demontaža uračunata u cijenu stavke, kao i upotreba radne skele. U cijenu stavke uračunat utovar i odvoz razgrađenog materijala (razvrstanog po vrstama) na najbližu odgovarajuću deponiju, kao i svi troškovi istovara i korištenja odgovarajuće deponije.
B46: b) prizemlje: jednostruki prozor vanjskih dim. 60×60 cm | C46: kom | D46: 2
B47: c) potkrovlje: jednostruki prozor vanjskih dim. 60×60 cm | C47: kom | D47: 2
A48: 3.22. | B48: Demontaža i vađenje unutarnjih prozorskih klupčica. Kompletna demontaža uračunata u cijenu stavke, kao i upotreba radne skele. U cijenu stavke uračunat utovar i odvoz razgrađenog materijala (razvrstanog po vrstama) na najbližu odgovarajuću deponiju, kao i svi troškovi istovara i korištenja odgovarajuće deponije. a) prozorske klupčice na nivou prizemlja, rad na visini do 3,0 m' | C48: m' | D48: 30.4
A49: 3.23. | B49: Demontaža i vađenje vanjskih vrata s staklenom stijenom i dvokrilnih vrata zajedno s dovratnicima. Kompletna demontaža uračunata u stavci, kao i upotreba odgovarajuće skele. U cijenu stavke uračunat utovar i odvoz razgrađenog materijala (razvrstanog po vrstama) na najbližu odgovarajuću deponiju, kao i svi troškovi istovara i korištenja odgovarajuće deponije. a) vrata sa staklenom stijenom vel. 294(321)/223 | C49: kom | D49: 1
A50: 3.24. | B50: Demontaža i vađenje unutarnje stolarije (vrata) zajedno sa dovratnicima iz zidova. Kompletna demontaža uračunata u cijeni stavke, kao i upotreba odgovarajuće radne skele i sva potrebna osiguranja građevine kao cjeline i dijelova vezanih za ovu razgradnju. U cijenu stavke uračunat utovar i odvoz razgrađenog materijala (razvrstanog po vrstama) na najbližu odgovarajuću deponiju, kao i svi troškovi istovara i korištenja odgovarajuće deponije.
B51: a) jednokrilna (nivo prizemlja) | C51: kom | D51: 9
B52: b) dvokrilna (nivo prizemlja) | C52: kom | D52: 1
A53: 3.25. | B53: Razbijanje poda sa završnom oblogom od keramičkih pločica, sve do sloja šljunka, nivo prizemlja. Pretpostavljeni slojevi debljine do 70 cm kako slijedi: - keramičke pločice - cementna glazura - gornja betonska podloga - hidroizolacija - donja betonska podloga - nasip šljunka U stavci uključeno planiranje zemljane podloge s točnošću ± 2,0 cm nakon demontaže slojeva. Kompletna demontaža uračunata u stavci. U cijenu stavke uračunat utovar i odvoz razgrađenog materijala (razvrstanog po vrstama) na najbližu odgovarajuću deponiju, kao i svi troškovi istovara i korištenja odgovarajuće deponije. | C53: m2 | D53: 40.7
A54: 3.26. | B54: Razbijanje poda sa završnom oblogom od betona (betonski pod), sve do sloja šljunka, nivo prizemlja. Pretpostavljeni slojevi debljine do 70 cm kako slijedi: - cementna glazura - gornja betonska podloga - hidroizolacija - donja betonska podloga - nasip šljunka U stavci uključeno planiranje zemljane podloge s točnošću ± 2,0 cm nakon demontaže slojeva. Kompletna demontaža uračunata u stavci. U cijenu stavke uračunat utovar i odvoz razgrađenog materijala (razvrstanog po vrstama) na najbližu odgovarajuću deponiju, kao i svi troškovi istovara i korištenja odgovarajuće deponije. | C54: m2 | D54: 101.4
A55: 3.27. | B55: Razbijanje poda sa završnom oblogom od parketa, sve do sloja šljunka, nivo prizemlja. Pretpostavljeni slojevi debljine do 70 cm kako slijedi: - parket - slijepi pod - gornja betonska podloga - hidroizolacija - donja betonska podloga - nasip šljunka U stavci uključeno planiranje zemljane podloge s točnošću ± 2,0 cm nakon demontaže slojeva. Kompletna demontaža uračunata u stavci. U cijenu stavke uračunat utovar i odvoz razgrađenog materijala (razvrstanog po vrstama) na najbližu odgovarajuću deponiju, kao i svi troškovi istovara i korištenja odgovarajuće deponije. | C55: m2 | D55: 386.4
A56: 3.28. | B56: Kompletna demontaža svih sanitarnih uređaja, što uključuje i demontažu svih postojećih cijevi kanalizacije i vodoopskrbe. U cijenu stavke uključena izrada šliceva za vađenje postojećih cijevi kanalizacije, kao i sav potreban rad i materijal te upotreba odgovarajuće skele. U cijenu stavke uračunata utovar i odvoz razgrađenog materijala (razvrstanog po vrstama) na najbližu odgovarajuću deponiju, kao i svi troškovi istovara i korištenja odgovarajuće deponije.
B57: a) umivaonik (nivo prizemlja) | C57: kom | D57: 4
B58: b) WC školjka (nivo prizemlja) | C58: kom | D58: 4
A59: 3.29. | B59: Rušenje unutarnjih pregrada u sanitarnim prostorima, debljine do 7 cm, visine do 2,5 m'. Kompletna demontaža uračunata u stavci, kao i upotreba odgovarajuće skele i sva potrebna osiguranja građevine kao cjeline i dijelova vezanih za ovu razgradnju. U cijenu stavke uračunat utovar i odvoz razgrađenog materijala (razvrstanog po vrstama) na najbližu odgovarajuću deponiju, kao i svi troškovi istovara i korištenja odgovarajuće deponije. | C59: m2 | D59: 44
A60: 3.30. | B60: Skidanje obloge od keramičkih pločica postavljenih u cementnom mortu sa zidova. Opločenje do visine 3,0 m. Kompletna demontaža uračunata u stavci, kao i upotreba odgovarajuće skele. U cijenu stavke uračunat utovar i odvoz razgrađenog materijala (razvrstanog po vrstama) na najbližu odgovarajuću deponiju, kao i svi troškovi istovara i korištenja odgovarajuće deponije. | C60: m2 | D60: 99.7
A61: 3.31. | B61: Rušenje zidova debljine 7-80 cm, visine do 5 m'. Rušenje vršiti pažljivo na dijelu gdje se zadržava dio postojeće konstrukcije. Kompletna demontaža uračunata u stavci, kao i upotreba odgovarajuće skele i sva potrebna osiguranja građevine kao cjeline i dijelova vezanih za ovu razgradnju. U cijenu stavke uračunat utovar i odvoz razgrađenog materijala (razvrstanog po vrstama) na najbližu odgovarajuću deponiju, kao i svi troškovi istovara i korištenja odgovarajuće deponije. | C61: m3 | D61: 27.1
A62: 3.32. | B62: Rušenje dimnjaka i ventilacijskih kanala dimenzija dužine od 25 do 80 cm i širine od 23 cm do 80 cm i odzračnih vertikala Ø 15 cm, visine do 7 m. Rušenje vršiti pažljivo na dijelu gdje se zadržava dio postojeće konstrukcije. Kompletna demontaža uračunata u stavci, kao i upotreba odgovarajuće skele i sva potrebna osiguranja građevine kao cjeline i dijelova vezanih za ovu razgradnju. U cijenu stavke uračunat utovar i odvoz razgrađenog materijala (razvrstanog po vrstama) na najbližu odgovarajuću deponiju, kao i svi troškovi istovara i korištenja odgovarajuće deponije. | C62: kom | D62: 14
A63: 3.33. | B63: Probijanje otvora u zidovima od opeke zidane vapnenim mortom. Otvor minimalne veličine 75×205 cm do maksimalne veličine 200×300 cm. Iskoristivu opeku očistiti i složiti na deponiju gradilišta radi eventualne ponovne upotrebe. Uključena sva potrebna podupiranja i osiguranje nosive konstrukcije kao i upotreba radne skele. U cijenu stavke uračunat utovar i odvoz razgrađenog materijala (razvrstanog po vrstama) na najbližu odgovarajuću deponiju, kao i svi troškovi istovara i korištenja odgovarajuće deponije.
B64: a) zidovi debljine 38 cm | C64: kom | D64: 7
B65: b) zidovi debljine 25 cm | C65: kom | D65: 2
A66: 3.34. | B66: Bušenje radi proširenja u zidovima od opeke zidane vapnenim mortom. Uključena sva potrebna podupiranja i osiguranje nosive konstrukcije kao i upotreba odgovarajuće skele. U cijenu stavke uračunat utovar i odvoz razgrađenog materijala (razvrstanog po vrstama) na najbližu odgovarajuću deponiju, kao i svi troškovi istovara i korištenja odgovarajuće deponije.
B67: a) zidovi debljine 38 cm | C67: m3 | D67: 4.8
B68: b) zidovi debljine 25 cm | C68: m3 | D68: 1.1
A69: 3.35. | B69: Izvedba vertikalnih i horizontalnih usjeka - ležajeva u fasadnim zidovima od opeke radi izvedbe novih betonskih serklaža i nadvoja. Uključena sva potrebna podupiranja i osiguranje nosive konstrukcije kao i upotreba odgovarajuće skele. U cijenu stavke uračunat utovar i odvoz razgrađenog materijala (razvrstanog po vrstama) na najbližu odgovarajuću deponiju, kao i svi troškovi istovara i korištenja odgovarajuće deponije. | C69: m3 | D69: 33.5
A70: 3.36. | B70: Otucanje preostale žbuke fasade prizemlja, zidovi od opeke. U stavci uračunata upotreba radne skele. Stavka uključuje i skidanje keramičkih pločica sa zidova gdje je ista postavljena. U cijenu stavke uračunat utovar i odvoz razgrađenog materijala (razvrstanog po vrstama) na najbližu odgovarajuću deponiju, kao i svi troškovi istovara i korištenja odgovarajuće deponije. | C70: m2 | D70: 500.4 | E70: 27.3 | F70: =E70*D70
A71: 3.37. | B71: Čišćenje reški fasade prizemlja, do dubine od 5 cm u zidu od opeke sa temeljitim otprašivanjem i ispiranjem, sve uz upotrebu odgovarajuće skele. Uključeno čišćenje spojnica sa otprašivanjem. U cijenu stavke uračunat utovar i odvoz razgrađenog materijala (razvrstanog po vrstama) na najbližu odgovarajuću deponiju, kao i svi troškovi istovara i korištenja odgovarajuće deponije. | C71: m2 | D71: 500.4 | E71: 8.4 | F71: =E71*D71
A72: 3.38. | B72: Otucanje preostale žbuke sa zidova prostorija prizemlja, zidovi od opeke. U stavci uračunata upotreba radne skele. Stavka uključuje i skidanje keramičkih pločica sa zidova gdje je ista postavljena. U cijenu stavke uračunat utovar i odvoz razgrađenog materijala (razvrstanog po vrstama) na najbližu odgovarajuću deponiju, kao i svi troškovi istovara i korištenja odgovarajuće deponije. | C72: m2 | D72: 1005 | E72: 27.3 | F72: =E72*D72
A73: 3.39. | B73: Čišćenje reški sa zidova prostorija prizemlja, do dubine od 5 cm u zidu od opeke sa temeljitim otprašivanjem i ispiranjem, sve uz upotrebu odgovarajuće skele. Uključeno čišćenje spojnica sa otprašivanjem. U cijenu stavke uračunat utovar i odvoz razgrađenog materijala (razvrstanog po vrstama) na najbližu odgovarajuću deponiju, kao i svi troškovi istovara i korištenja odgovarajuće deponije. | C73: m2 | D73: 1005 | E73: 8.4 | F73: =E73*D73
A74: 3.40. | B74: Otucanje žbuke sa stropa prizemlja. Stavka uključuje i skidanje trstike na mjestima gdje ista postoji. Kompletna demontaža uračunata u stavci, kao i upotreba odgovarajuće skele i sva potrebna osiguranja građevine kao cjeline i dijelova vezanih za ovu razgradnju. U cijenu stavke uračunat utovar i odvoz razgrađenog materijala (razvrstanog po vrstama) na najbližu odgovarajuću deponiju, kao i svi troškovi istovara i korištenja odgovarajuće deponije. | C74: m2 | D74: 528.4 | E74: 37.8 | F74: =E74*D74
A75: 3.41. | B75: Probijanje otvora u zidovima radi ugradnje instalacijskih vodova. Otvori su veličine do 30/30 cm. U cijenu stavke uračunat utovar i odvoz razgrađenog materijala (razvrstanog po vrstama) na najbliže odgovarajuće deponije, kao i svi troškovi istovara i korištenja odgovarajuće deponije.
B76: a) probijanje otvora u zidu od opeke d = 38 cm | C76: kom | D76: 20
B77: b) probijanje otvora u zidu od opeke d = 25 cm | C77: kom | D77: 21
B78: c) probijanje otvora u zidu od opeke d = 20 cm | C78: kom | D78: 5
A79: 3.42. | B79: Štemanje šliceva u zidu od opeke za izvedbu instalacija. Šlicevi su širine 40 cm i dubine do 10 cm. U cijenu stavke uračunat utovar i odvoz razgrađenog materijala (razvrstanog po vrstama) na najbliže odgovarajuće deponije, kao i svi troškovi istovara i korištenja odgovarajuće deponije. | C79: m' | D79: 348
A80: 3.43. | B80: Izvedba vertikalnih usjeka - ležajeva u postojećim temeljima radi izvedbe ležaja (spoja) novih trakastih AB temelja sa postojećim do dubine 1,20 m. Uključena sva potrebna podupiranja i osiguranje nosive konstrukcije kao i upotreba odgovarajuće skele. U cijenu stavke uračunat utovar i odvoz razgrađenog materijala (razvrstanog po vrstama) na najbližu odgovarajuću deponiju, kao i svi troškovi istovara i korištenja odgovarajuće deponije. | C80: m3 | D80: 3
A81: 3.44. | B81: Razna sitna rušenja, razgradnje i demontaže. U cijenu stavke uračunat utovar i odvoz razgrađenog materijala (razvrstanog po vrstama) na najbližu odgovarajuću deponiju, kao i svi troškovi istovara i korištenja odgovarajuće deponije. Priznat će se stvaran broj sati koji je upisan u građevinsku knjigu i ovjeren po nadzornom inženjeru.
B82: a) NKV | C82: sati | D82: 50
B83: b) PKV | C83: sati | D83: 30
B84: c) KV | C84: sati | D84: 20
B85: d) VKV | C85: sati | D85: 10
A86: 3.45. | B86: Demontaža rasvjete postavljene na pročelju. U cijenu stavke uključeno i odpajanje rasvjetnih tijela od strane ovlaštene osobe, kao i upotreba odgovarajuće skele. Rasvjetna tijela potrebno je deponirati na gradilišnu deponiju gdje će se adekvatno skladištiti do njegove ponovne montaže, uključeno u stavci. U cijenu stavke uključeno i skidanje nosača. | C86: kom | D86: 1
B87: 3. Rušenje i razgradnja ukupno: | F87: =SUM(F70:F74)
A89: 4. | B89: RADOVI NA SANACIJI I OJAČAVANJU TEMELJA
A90: 4.1. | B90: Prije početka radova na sanaciji i ojačanju temelja potrebno je otvoriti okna dimenzija širine 1 - 1,5 m, duljine 1 - 1,5m dubine do 4,5 m, uključivo potrebna osiguranja iskopa isto se izvodi radi provjere pretpostavljene dubine temeljenja. Nadalje radi provjere pretpostavljene vrste materijala kao i radi utvrđivanja općeg stanja temelja. Stavka uključuje sav rad, alat i materijal potreban za izvedbu ove kontrole. | C90: kom | D90: 4
A91: 4.2. | B91: Detaljno geodetsko snimanje postojećih dubina temelja, kao i izradu pratećeg geodetskog nacrta. Stavka uključuje sav rad sve do potpune gotovosti. | C91: kpl | D91: 1
A92: 4.3. | B92: Izvedba rova unutar građevine širine 1,5 m za proširenje postojećih trakastih temelja do dubine 1,8 m za izvedbu kampada za sanaciju i ojačanje temelja. Radovi obuhvaćaju sljedeće: - iskop zemljanog materijala dubine do 1,2 m odnosno do kote potrebne za izvedbu ove stavke. Stavka uključuje sav rad i materijal osnovni i pomoćni, sve do potpune gotovosti. U stavci uključeno osiguranje iskopa (vertikalno zasjecanje strana iskopa), te odvoz iskopanog materijala na predviđenu gradilišnu deponiju poradi ponovne uporabe iskopanog materijala za nasipavanje. Obračun po m³ u sraslom stanju. | C92: m3 | D92: 372.3
A93: 4.4. | B93: Izvedba rova za nove trakaste temelje unutar postojećih, širine 1,0 m prema projektu statike. Radovi obuhvaćaju sljedeće: - iskop zemljanog materijala dubine do 1,20 m odnosno do kote potrebne za izvedbu ove stavke. Stavka uključuje sav rad i materijal osnovni i pomoćni, sve do potpune gotovosti. U stavci uključeno osiguranje iskopa (vertikalno zasjecanje strana iskopa), te odvoz iskopanog materijala na predviđenu gradilišnu deponiju poradi ponovne uporabe iskopanog materijala za nasipavanje. Obračun po m³ u sraslom stanju. | C93: m3 | D93: 18.7
B94: OJAČANJE TEMELJA SA UNUTARNJE STRANE GRAĐEVINE - RADOVE IZVESTI KAMPADNO
A95: 4.5. | B95: Priprema svih površina za izvedbu sanacije i ojačanja temelja uključujući i površine spoja između starog i novbog temelja. Podloga mora biti suha, odmašćena, nosiva i bez slabovezanih ili trusnih dijelova. Stavka uključuje strojnu pripremu i završno čišćenje podloge npr. visokotlačnim pranjem prije početka izvedbe na ojačanju temelja. Obračun po m² izvedene pripreme podloge. | C95: m2 | D95: 318.8
A96: 4.6. | B96: Ojačanje postojećih temelja AB uzdužnim i poprečnim temeljnim trakama 30/100 cm i poprečnim AB temeljnim trakama 50/100 cm. Povezivanje novih temeljnih traka vršiti bušenjem rupa Ø 60 i ugradba armaturnih šipki Ø 20 dužine 3 m. Ukoliko se prilikom iskopa utvrdi da su postojeći temelji u rastresitom stanju potrebno je podbetoniravanje postojećih temelja u suradnji i s prijedlogom dobivenog od nadzornog inženjera. Stavka uključuje sav rad i potreban materijal za izvedbu radova do potpune gotovosti, dodatak za vodonepropusnost te sva potrebna podupiranja, a sve je potrebno izvesti prema nacrtima, statičkom računu i pravilima struke.
A97: a) | B97: betoniranje uzdužnih i poprečnih temeljnih traka dim 30/100 cm tlačnim betonom C 30/37, razreda izloženosti XC2, veliki presjek | C97: m3 | D97: 110.5
A98: b) | B98: izvedba rupa Ø 60 | C98: kom | D98: 1082
A99: c) | B99: betoniranje novih poprečnih temeljnih traka dim. 60/175 cm tlačnim betonom C30/37, razreda izloženosti XC2, veliki presjek | C99: m3 | D99: 11.8
A100: d) | B100: oplata | C100: m2 | D100: 418.9
A101: e) | B101: armatura | C101: kg | D101: 22014
B102: 4. Radovi na sanaciji temelja ukupno:
A104: 5. | B104: ZEMLJANI RADOVI
A105: 5.1. | B105: Površinski iskop humusnog zemljišta za otkop oko zgrade prosječne dubine 30 cm, širine 400 cm, te odvoz iskopang materijala na gradsku deponiju. Obračun po m³ u sraslom stanju. | C105: m3 | D105: 192.01
A106: 5.2. | B106: Iskop tla C kategorije za rov oko zgrade, dubine do 1,20 m, a širine 1,00 m. U stavci uključeno osiguranje iskopa (vertikalno zasjecanje strana iskopa), te odvoz iskopanog materijala na predviđenu gradilišnu deponiju poradi ponovne uporabe iskopanog materijala za nasipavanje. Obračun po m³ u sraslom stanju. Stavka uključuje sav rad i materijal osnovni i pomoćni, sve do potpune gotovosti. Obračun po m³ u sraslom stanju. | C106: m3 | D106: 193.1
A107: 5.3. | B107: Planiranje dna iskopa za izvedbu novih trakastih temelja i proširenja postojećih temelja. Planira se s točnošću ±2 cm s prosječnim ručnim otkopom 0,05 m3/m2, te ručnim odbacivanjem iskopanog materijala. U cijenu stavke uračunat utovar i odvoz viška te odvoz iskopanog materijalate na gradsku deponiju. Obračun po m² površine dna. | C107: m2 | D107: 325.8
...

Sheet Zgrada 13
A1: stavka | B1: opis stavke | C1: jedin. mjere | D1: količina | E1: jedinična cijena (euro)
A3: III. | B3: ZGRADA 13
A5: A. | B5: GRAĐEVINSKO-OBRNIČKI RADOVI
A7: 1. | B7: SKELA
A8: 1.1. | B8: Dobava, postava, skidanje i otprema cijevne fasadne skele, od bešavnih cijevi. Skelu izvesti prema važećim HTZ propisima. Skelu je potrebno osigurati od prevrtanja, sidrennjem u građevinu, a od udara munje uzemljenjem. Potrebno je izvesti pomične željezne ili drvene ljestve – penjalice u svrhu osiguranja vertikalne komunikacije po skeli. Prije izvedbe skele izvođač je dužan izraditi projekt skele, što je u cijeni stavke. Obračun se vrši po m² vertikalne projekcije površine skele. Stavka uključuje rad i materijal osnovni i pomoćni, sve do potpune funkcionalnosti. | C8: m2 | D8: 698 | E8: 11.5 | F8: =E8*D8
B9: 1. Skela ukupno: | F9: =SUM(F8:F8)
A11: 2. | B11: PRIPREMNI RADOVI
A12: 2.1. | B12: Geodetsko praćenje, iskolčenje građevine, trase svih instalacija, šahtova, upločenje uz građevinu, nanošenje svih potrebnih geodetskih visina unutar i oko građevine, izrada elabotrata iskolčenja, snimanja izvedenih instalacija i geodetski elaborat za potrebe katastra. | C12: kpl | D12: 1
A13: 2.2. | B13: Ispitivanje zrakopropusnosti ovojnice zgrade prema HRN EN ISO 9972-2015 ili jednakovrijednoj, te u skladu sa važećim zahtjevima Tehničkog propisa o racionalnoj uporabi energije i toplinskoj zaštiti zgrada. Ispitivanje se vrši dva puta: prvi puta nakon ugradnje i brtvljenja otvora, ugradnje strojarskih instalacija, ožičenja električnih instalacija, žbukanja zidova i zatvaranja vanjske ovojnice zgrade parnom branom, drugi puta nakon završetka svih radova, a prije tehničkog pregleda zgrade. Ispitivanje se vrši blower-door testom uz otkrivanje mjesta propuštanja zraka termografskim snimanjem, anemometrom ili metodom suhog dima. Prilikom ispitivanja, za razliku tlakova između unutarnjeg i vanjskog zraka od 50 Pa, izmjereni protok zraka, sveden na obujam unutarnjeg zraka ne smije biti veći od vrijednosti n50 = 1,5 h-1 (kod zgrada s mehaničkim uređajem za ventilaciju). Prije ispitivanja, naručitelj treba provesti brtvljenje svih prodora kroz zrakonepropusnu ovojnicu poput kanalizacijskih odvoda, ventilacijskih kanala, kablova od struje, itd. Ispitivanje se ponavlja nakon brtvljenja eventualnih mjesta propuštanja zraka dok se ne zadovolji vrijednost n50 =< 1,5 h-1. Postupak se ponavlja dok vanjska ovojnice ne postigne odgovarajuću zrakonepropusnost. Obračun prema netto grijanom volumenu zgrade. Termografsko ispitivanje provodi certificirana osoba. | C13: m2 | D13: 2117
A14: 2.3. | B14: Čišćenje terena od raslinja oko građevine, siječenje i skupljanje. U stavku uključeno uklanjanje smeća, prepreka, drveća, i sl., košenja trave i korova, te utovar i odvoz otpadnog materijala na gradsku deponiju, uključeno u cijeni stavke. | C14: m2 | D14: 486
A15: 2.4. | B15: Pažljivo skidanje, siječenje i skupljane zelenila (bršljana) koje je obuhvatilo pročelje. Primjenjuje se sigurnosna tehnologija rušenja uz rad s ljestvi i rezanjem odozgo prema dolje (sa kontroliranim spuštanjem). Sve sasječene dijelove potrebno je utovariti i odvesti na za to najbližu odgovarajuću deponiju, uključeno u cijenu stavke. | C15: m2 | D15: 242
B16: 2. Pripremni radovi ukupno:
A18: 3. | B18: RUŠENJE I RAZGRADNJA
A19: 3.1. | B19: Kompletna demontaža svih elektroinstalacija jake i slabe struje nadžbukni i podžbukni dio, što uključuje sve utičnice, prekidače, rasvjetna tijela, elektro ormare, kutije s osiguračina, kablove, nosače projektora i projektore, pametne ploče, zvučnike, zvono, videonadzor, pemetne tv i slično, sve u potpunoj gotovosti. U cijenu stavke uključena izrada šliceva za vađenje postojećih elektroinstalacija, kao i sav potreban rad i materijal te upotreba odgovarajuće skele. U cijenu stavke uračunat utovar i odvoz razgrađenog materijala (razvrstanog po vrstama) na najbližu odgovarajuću deponiju, kao i svi troškovi istovara i korištenja odgovarajuće deponije. a) površine 510 m² | C19: kpl | D19: 1
A20: 3.2. | B20: Otpajanja elektroenergetskog priključka građevine prije početka svih rušenja. Radove izvodi za to ovlaštena osoba. Stavka uključuje sav rad i materijal, kao i upotrebu odgovarajuće skele. Postava gradilišnih GRO. | C20: kom | D20: 1
A21: 3.3. | B21: Kompletna demontaža svih strojarskih instalacija, što uključuje kompletnu demontažu postrojenja kotlovnice, svih radijatora, cijevnog razvoda grijanja i slično, sve u potpunoj gotovosti. U cijenu stavke uključena izrada šliceva i potrebnih prodora za vađenje postojećih instalacija, kao i sav potreban rad i materijal te upotreba odgovarajuće skele. U cijenu stavke uračunat utovar i odvoz razgrađenog materijala (razvrstanog po vrstama) na najbližu odgovarajuću deponiju, kao i svi troškovi istovara i korištenja odgovarajuće deponije. a) površine 510 m² | C21: kpl | D21: 1
A22: 3.4. | B22: Skidanje pokrova od valovitih salonitnih azbesnih ploča krovišta (građevina i nadstrešnica). Stavka uključuje i sljemenjake. Skidanje se izvodi na način da ne dođe do oštećenja i loma ploča koje se moraju slagati na palete i omotati folijom, a polomljeni komadi se moraju posebno prikupiti u spremnike ili vreće u kojima se završni sloj prekriva zemljom kako bi se spriječilo eventualno širenje prašine. Pokrovne salonitne ploče nikako nije dozvoljeno prilikom skidanja bacati s krova već ih je potrebno pažljivo spustiti i složiti na mjesto pristupačno za prijevoz. Za vrijeme skidanja ploča potrebno je ploče prskati vodom i upotrebljavati zaštitnu opremu, te krovnu konstrukciju usisati jer se upravo na krovnoj građi nakupilo dosta prašine koju čovjek može udahnuti. Svako lomljenje, rezanje ili brušenje je najstrože zabranjeno, a mjesto privremenog odlaganja prije odvoza na zbrinjavanje potrebno je ograditi ceradom i smanjiti utjecaj vjetra na prikupljeni otpad. Prilikom rada sa salonitnim pločama obavezno je primjena osobnih zaštitnih sredstva (maske, rukavice, zaštitna odjeća i dr.).
B23: Kompletna opisana demontaža pokrova uračunata u cijeni stavke, kao i odlaganje pokrova na gradilišnu deponiju za čuvanje materijala te zbrinjavanje prema posebnoj Uputi i u skladu s važećim propisima. U stavci uračunata upotreba radne skele i sva potrebna osiguranja. U cijenu stavke uračunat utovar i odvoz na odlagalište kod ovlaštenog pravnog subjekta za zbrinjavanje navedenog otpada kao i svi troškovi istovara i korištenja odgovarajuće deponije. Nakon čišćenja gradilišta i okoliša od azbesta može se pristupiti gradnji novog objekta. Obračun po m² kose krovne površine. | C23: m2 | D23: 746.8
A24: 3.5. | B24: Demontaža letava za pokrov valovitim salonitnim azbesnim pločama krovišta građevine. Kompletna demontaža uračunata u cijeni stavke, kao i upotreba odgovarajuće radne skele i sva potrebna osiguranja građevine kao cjeline i dijelova vezanih za ovu razgradnju te svu zaštitu za sigurnost (oprema) i postupke prilikom skidanja (otprašivanje usisavanjem, kvašenje,...) prema opisu u stavci 3.4. U cijenu stavke uračunat utovar i odvoz razgrađenog materijala (razvrstanog po vrstama) na najbližu odgovarajuću deponiju, kao i svi troškovi istovara i korištenja odgovarajuće deponije. Obračun po m² kose krovne površine. | C24: m2 | D24: 746.8
A25: 3.6. | B25: Demontaža gornje daščane oplate krovišta zgrade. Kompletna demontaža uračunata u cijeni stavke, kao i upotreba odgovarajuće skele i sva potrebna osiguranja građevine kao cjeline i dijelova vezanih za ovu razgradnju te sva zaštita za sigurnost (oprema) i postupke prilikom skidanja (otprašivanje usisavanjem, kvašenje,...) prema opisu u stavci 3.4. U cijenu stavke uračunat utovar i odvoz razgrađenog materijala (razvrstanog po vrstama) na najbližu odgovarajuću deponiju, kao i svi troškovi istovara i korištenja odgovarajuće deponije. Obračun po m² kose krovne površine. | C25: m2 | D25: 746.8
A26: 3.7. | B26: Demontaža drvene nosive konstrukcije radi zamjene novih istovjetnih elemenata - rogova. Kompletna demontaža uračunata u cijeni stavke, kao i upotreba odgovarajuće radne skele i sva potrebna osiguranja građevine kao cjeline i dijelova vezanih za ovu razgradnju te sva zaštita za sigurnost (oprema) i postupke prilikom skidanja (otprašivanje usisavanjem, kvašenje,...) prema opisu u stavci 3.4. U cijenu stavke uračunat utovar i odvoz razgrađenog materijala (razvrstanog po vrstama) na najbližu odgovarajuću deponiju, kao i svi troškovi istovara i korištenja odgovarajuće deponije. | C26: kom | D26: 37
A27: 3.8. | B27: Demontaža postojeće nosive drvene konstrukcije krovišta izvedeno na rasponu od cca 15 m, izvedene od drvenog rešetkastog nosača na rasponu od 4 m, čine ga gornji pojas nosača koji prati kosinu krova, donji pojas nosača izveden s dvije međusobno spojene daske te ispuna kosnicima. Obračun po projekciji na tlocrt. | C27: m2 | D27: 715.2
A28: 3.9. | B28: Demontaža i vađenje slojeva poda potkrovlja do nosive konstrukcije od grednika koji uključuju predpostavljene slojeve (ukupne debljine do 25 cm) kako slijedi: - izravnavajući sloj - slijepi pod - letve - nasip šute Kompletna demontaža uračunata u stavci, kao i sva potrebna osiguranja građevine kao cjeline i dijelova vezanih za ovu razgradnju. te sva zaštita za sigurnost (oprema) i postupke prilikom skidanja (otprašivanje usisavanjem, kvašenje,...) prema opisu u stavci 3.4. U cijenu stavke uračunat utovar i odvoz razgrađenog materijala (razvrstanog po vrstama) na najbližu odgovarajuću deponiju, kao i svi troškovi istovara i korištenja odgovarajuće deponije. | C28: m2 | D28: 601
A29: 3.10. | B29: Demontaža daščanog grednika (veznih greda) poda krovišta zgrade. Kompletna demontaža uračunata u cijeni stavke, kao i upotreba odgovarajuće skele i sva potrebna osiguranja građevine kao cjeline i dijelova vezanih za ovu razgradnju te sva zaštita za sigurnost (oprema) i postupke prilikom skidanja (otprašivanje usisavanjem, kvašenje,...) prema opisu u stavci 3.4. U cijenu stavke uračunat utovar i odvoz razgrađenog materijala (razvrstanog po vrstama) na najbližu odgovarajuću deponiju, kao i svi troškovi istovara i korištenja odgovarajuće deponije. | C29: kom | D29: 45
A30: 3.11. | B30: Demontaža daščane oplate postavljene ispod daščanog drvenog grednika stropa prizemlja. Kompletna demontaža uračunata u cijeni stavke, kao i upotreba odgovarajuće skele i sva potrebna osiguranja građevine kao cjeline i dijelova vezanih za ovu razgradnju te sva zaštita za sigurnost (oprema) i postupke prilikom skidanja (otprašivanje usisavanjem, kvašenje,...) prema opisu u stavci 3.4. U cijenu stavke uračunat utovar i odvoz razgrađenog materijala (razvrstanog po vrstama) na najbližu odgovarajuću deponiju, kao i svi troškovi istovara i korištenja odgovarajuće deponije. | C30: m2 | D30: 601
A31: 3.12. | B31: Demontaža opšava završetka krovnog vijenca. Kompletna demontaža uračunata u cijeni stavke, kao i upotreba odgovarajuće radne skele i sva potrebna osiguranja građevine kao cjeline i dijelova vezanih za ovu razgradnju te svu zaštitu za sigurnost (oprema) i postupke prilikom skidanja (otprašivanje usisavanjem, kvašenje,...) prema opisu u stavci 3.4. Nakon demontaže opšava ogledni uzorak demontiranog elementa ostaviti na gradilišnoj deponiji da posluži kao uzorak za izradu istovjetnog novog opšava, svi troškovi vezani za deponiranje istog uključeni su u stavku. U cijenu stavke uračunat utovar i odvoz razgrađenog materijala (razvrstanog po vrstama) na najbližu odgovarajuću deponiju, kao i svi troškovi istovara i korištenja odgovarajuće deponije. | C31: m' | D31: 95.3
A32: 3.13. | B32: Demontaža gromobranskih instalacija sa krova i pročelja, izvedenih od pocinčanih traka. Uključivo demontažu pričvrsnica i spojnica. Stavka uključuje upotrebu radne skele i sva potrebna osiguranja građevine kao cjeline i dijelova vezanih za ovu razgradnju te svu zaštitu za sigurnost (oprema) i postupke prilikom skidanja (otprašivanje usisavanjem, kvašenje,...) prema opisu u stavci 3.4. U cijenu stavke uračunat utovar i odvoz razgrađenog materijala (razvrstanog po vrstama) na najbližu odgovarajuću deponiju, kao i svi troškovi istovara i korištenja odgovarajuće deponije. | C32: m' | D32: 99
A33: 3.14. | B33: Demontaža opšava dimnjaka, ventilacija i odzračnih vertikala, prodora krovnih ploha limom. U stavci uključena demontaža svog pričvrsnog i pomoćnog materijala. Stavka uključuje upotrebu radne skele i sva potrebna osiguranja građevine kao cjeline i dijelova vezanih za ovu razgradnju te svu zaštitu za sigurnost (oprema) i postupke prilikom skidanja (otprašivanje usisavanjem, kvašenje,...) prema opisu u stavci 3.4. U cijenu stavke uračunat utovar i odvoz razgrađenog materijala (razvrstanog po vrstama) na najbližu odgovarajuću deponiju, kao i svi troškovi istovara i korištenja odgovarajuće deponije.
B34: a) veličine 44/44 cm | C34: kom | D34: 6
B35: b) veličine 50/50 cm | C35: kom | D35: 4
B36: c) veličine Ø 15 cm | C36: kom | D36: 4
A37: 3.15. | B37: Demontaža horizontalnog visećeg oluka uključivo podložni lim sa okapnicom. Nakon demontaže potrebno je pohraniti na gradilištu 1m horizontalnog oluka koji će poslužiti kao predložak za izradu novog. Kompletna demontaža uračunata u cijeni stavke, kao i demontaža obujmica (kuka), držača oluka. Stavka uključuje upotrebu radne skele i sva potrebna osiguranja građevine kao cjeline i dijelova vezanih za ovu razgradnju te svu zaštitu za sigurnost (oprema) i postupke prilikom skidanja (otprašivanje usisavanjem, kvašenje,...) prema opisu u stavci 3.4. U cijenu stavke uračunat utovar i odvoz razgrađenog materijala (razvrstanog po vrstama) na najbližu odgovarajuću deponiju, kao i svi troškovi istovara i korištenja odgovarajuće deponije. | C37: m' | D37: 95.3
A38: 3.16. | B38: Demontaža spoja vertikalnog oluka sa horizontalnim (tzv. labuđi vrat). Kompletna demontaža uračunata u cijeni stavke, kao i upotreba odgovarajuće radne skele i sva potrebna osiguranja građevine kao cjeline i dijelova vezanih za ovu razgradnju te sva zaštita za sigurnost (oprema) i postupke prilikom skidanja (otprašivanje usisavanjem, kvašenje,...) prema opisu u stavci 3.4. U cijenu stavke uračunat utovar i odvoz razgrađenog materijala (razvrstanog po vrstama) na najbližu odgovarajuću deponiju, kao i svi troškovi istovara i korištenja odgovarajuće deponije. | C38: kom | D38: 6
A39: 3.17. | B39: Demontaža vertikalnih oluka. Nakon demontaže potrebno je pohraniti na gradilištu 1 m vertikalnog oluka koji će poslužiti kao predložak za izradu novog. Stavka uključuje demontažu obujmica. Kompletna demontaža uračunata u cijeni stavke, kao i upotreba radne skele i sva potrebna osiguranja građevine kao cjeline i dijelova vezanih za ovu razgradnju te sva zaštita za sigurnost (oprema) i postupke prilikom skidanja (otprašivanje usisavanjem, kvašenje,...) prema opisu u stavci 3.4. U cijenu stavke uračunat utovar i odvoz razgrađenog materijala (razvrstanog po vrstama) na najbližu odgovarajuću deponiju, kao i svi troškovi istovara i korištenja odgovarajuće deponije. | C39: m' | D39: 26.4
A40: 3.18. | B40: Demontaža limenog opšava zabata. Kompletna demontaža uračunata u stavci, kao i upotreba odgovarajuće skele. U cijenu stavke uračunat utovar i odvoz razgrađenog materijala (razvrstanog po vrstama) na najbližu odgovarajuću deponiju, kao i svi troškovi istovara i korištenja odgovarajuće deponije. | C40: m' | D40: 33.5
A41: 3.19. | B41: Demontaža i vađenje opšava vanjskih prozorskih klupčica. Kompletna demontaža uračunata u cijenu stavke, kao i upotreba radne skele. U cijenu stavke uračunat utovar i odvoz razgrađenog materijala (razvrstanog po vrstama) na najbližu odgovarajuću deponiju, kao i svi troškovi istovara i korištenja odgovarajuće deponije. a) prozorske klupčice na nivou prizemlja, rad na visini do 2,0 m' | C41: m' | D41: 29
A42: 3.20. | B42: Demontaža i vađenje vanjske stolarije na nivou prizemlja - dvostrukih dvokrilnih zaokretnih ostakljenih prozora i doprozornika na pročeljima. Kompletna demontaža uračunata u cijenu stavke, kao i upotreba radne skele. U cijenu stavke uračunat utovar i odvoz razgrađenog materijala (razvrstanog po vrstama) na najbližu odgovarajuću deponiju, kao i svi troškovi istovara i korištenja odgovarajuće deponije.
B43: a) dvostruki prozor vanjskih dim. 130×193 cm | C43: kom | D43: 17
B44: b) dvostruki prozor vanjskih dim. 134×76 cm | C44: kom | D44: 3
A45: 3.21. | B45: Demontaža i vađenje vanjske stolarije na nivou prizemlja - jednostrukih zaokretnih ostakljenih prozora na pročeljima. Kompletna demontaža uračunata u cijenu stavke, kao i upotreba radne skele. U cijenu stavke uračunat utovar i odvoz razgrađenog materijala (razvrstanog po vrstama) na najbližu odgovarajuću deponiju, kao i svi troškovi istovara i korištenja odgovarajuće deponije.
B46: a) jednostruki prozor vanjskih dim. 77×76 cm | C46: kom | D46: 2
B47: b) jednostruki prozor vanjskih dim. 60×60 cm | C47: kom | D47: 2
A48: 3.22. | B48: Demontaža i vađenje unutarnjih prozorskih klupčica. Kompletna demontaža uračunata u cijenu stavke, kao i upotreba radne skele. U cijenu stavke uračunat utovar i odvoz razgrađenog materijala (razvrstanog po vrstama) na najbližu odgovarajuću deponiju, kao i svi troškovi istovara i korištenja odgovarajuće deponije. a) prozorske klupčice na nivou prizemlja, rad na visini do 3,0 m' | C48: m' | D48: 30.4
A49: 3.23. | B49: Demontaža i vađenje vanjskih vrata s staklenom stijenom i dvokrilnih vrata zajedno s dovratnicima. Kompletna demontaža uračunata u stavci, kao i upotreba odgovarajuće skele. U cijenu stavke uračunat utovar i odvoz razgrađenog materijala (razvrstanog po vrstama) na najbližu odgovarajuću deponiju, kao i svi troškovi istovara i korištenja odgovarajuće deponije. a) vrata sa staklenom stijenom vel. 294(321)/223 | C49: kom | D49: 1
A50: 3.24. | B50: Demontaža i vađenje unutarnje stolarije (vrata) zajedno sa dovratnicima iz zidova. Kompletna demontaža uračunata u cijeni stavke, kao i upotreba odgovarajuće radne skele i sva potrebna osiguranja građevine kao cjeline i dijelova vezanih za ovu razgradnju. U cijenu stavke uračunat utovar i odvoz razgrađenog materijala (razvrstanog po vrstama) na najbližu odgovarajuću deponiju, kao i svi troškovi istovara i korištenja odgovarajuće deponije.
B51: a) jednokrilna (nivo prizemlja) | C51: kom | D51: 17
B52: b) dvokrilna (nivo prizemlja) | C52: kom | D52: 1
A53: 3.25. | B53: Razbijanje poda sa završnom oblogom od keramičkih pločica, sve do sloja šljunka, nivo prizemlja. Pretpostavljeni slojevi debljine do 70 cm kako slijedi: - keramičke pločice - cementna glazura - gornja betonska podloga - hidroizolacija - donja betonska podloga - nasip šljunka U stavci uključeno planiranje zemljane podloge s točnošću ± 2,0 cm nakon demontaže slojeva. Kompletna demontaža uračunata u stavci. U cijenu stavke uračunat utovar i odvoz razgrađenog materijala (razvrstanog po vrstama) na najbližu odgovarajuću deponiju, kao i svi troškovi istovara i korištenja odgovarajuće deponije. | C53: m2 | D53: 40.7
A54: 3.26. | B54: Razbijanje poda sa završnom oblogom od betona (betonski pod), sve do sloja šljunka, nivo prizemlja. Pretpostavljeni slojevi debljine do 70 cm kako slijedi: - cementna glazura - gornja betonska podloga - hidroizolacija - donja betonska podloga - nasip šljunka U stavci uključeno planiranje zemljane podloge s točnošću ± 2,0 cm nakon demontaže slojeva. Kompletna demontaža uračunata u stavci. U cijenu stavke uračunat utovar i odvoz razgrađenog materijala (razvrstanog po vrstama) na najbližu odgovarajuću deponiju, kao i svi troškovi istovara i korištenja odgovarajuće deponije. | C54: m2 | D54: 101.4
A55: 3.27. | B55: Razbijanje poda sa završnom oblogom od parketa/tepisona, sve do sloja šljunka, nivo prizemlja. Pretpostavljeni slojevi debljine do 70 cm kako slijedi: - parket - slijepi pod - gornja betonska podloga - hidroizolacija - donja betonska podloga - nasip šljunka U stavci uključeno planiranje zemljane podloge s točnošću ± 2,0 cm nakon demontaže slojeva. Kompletna demontaža uračunata u stavci. U cijenu stavke uračunat utovar i odvoz razgrađenog materijala (razvrstanog po vrstama) na najbližu odgovarajuću deponiju, kao i svi troškovi istovara i korištenja odgovarajuće deponije. | C55: m2 | D55: 385.6
A56: 3.28. | B56: Kompletna demontaža svih sanitarnih uređaja, što uključuje i demontažu svih postojećih cijevi kanalizacije i vodoopskrbe. U cijenu stavke uključena izrada šliceva za vađenje postojećih cijevi kanalizacije, kao i sav potreban rad i materijal te upotreba odgovarajuće skele. U cijenu stavke uračunata utovar i odvoz razgrađenog materijala (razvrstanog po vrstama) na najbližu odgovarajuću deponiju, kao i svi troškovi istovara i korištenja odgovarajuće deponije.
B57: a) umivaonik (nivo prizemlja) | C57: kom | D57: 4
B58: b) WC školjka (nivo prizemlja) | C58: kom | D58: 4
A59: 3.29. | B59: Rušenje unutarnjih pregrada u sanitarnim prostorima, debljine do 7 cm, visine do 2,5 m'. Kompletna demontaža uračunata u stavci, kao i upotreba odgovarajuće skele i sva potrebna osiguranja građevine kao cjeline i dijelova vezanih za ovu razgradnju. U cijenu stavke uračunat utovar i odvoz razgrađenog materijala (razvrstanog po vrstama) na najbližu odgovarajuću deponiju, kao i svi troškovi istovara i korištenja odgovarajuće deponije. | C59: m2 | D59: 40.5
A60: 3.30. | B60: Skidanje obloge od keramičkih pločica postavljenih u cementnom mortu sa zidova. Opločenje do visine 3,0 m. Kompletna demontaža uračunata u stavci, kao i upotreba odgovarajuće skele. U cijenu stavke uračunat utovar i odvoz razgrađenog materijala (razvrstanog po vrstama) na najbližu odgovarajuću deponiju, kao i svi troškovi istovara i korištenja odgovarajuće deponije. | C60: m2 | D60: 99.7
A61: 3.31. | B61: Rušenje zidova debljine 7-80 cm, visine do 5 m'. Rušenje vršiti pažljivo na dijelu gdje se zadržava dio postojeće konstrukcije. Kompletna demontaža uračunata u stavci, kao i upotreba odgovarajuće skele i sva potrebna osiguranja građevine kao cjeline i dijelova vezanih za ovu razgradnju. U cijenu stavke uračunat utovar i odvoz razgrađenog materijala (razvrstanog po vrstama) na najbližu odgovarajuću deponiju, kao i svi troškovi istovara i korištenja odgovarajuće deponije. | C61: m3 | D61: 51.9
A62: 3.32. | B62: Rušenje dimnjaka i ventilacijskih kanala dimenzija dužine od 25 do 80 cm i širine od 23 cm do 80 cm, visine do 7 m. Rušenje vršiti pažljivo na dijelu gdje se zadržava dio postojeće konstrukcije. Kompletna demontaža uračunata u stavci, kao i upotreba odgovarajuće skele i sva potrebna osiguranja građevine kao cjeline i dijelova vezanih za ovu razgradnju. U cijenu stavke uračunat utovar i odvoz razgrađenog materijala (razvrstanog po vrstama) na najbližu odgovarajuću deponiju, kao i svi troškovi istovara i korištenja odgovarajuće deponije. | C62: kom | D62: 14
A63: 3.33. | B63: Probijanje otvora u zidovima od opeke zidane vapnenim mortom. Otvor minimalne veličine 75×205 cm do maksimalne veličine 200×300 cm. Iskoristivu opeku očistiti i složiti na deponiju gradilišta radi eventualne ponovne upotrebe. Uključena sva potrebna podupiranja i osiguranje nosive konstrukcije kao i upotreba radne skele. U cijenu stavke uračunat utovar i odvoz razgrađenog materijala (razvrstanog po vrstama) na najbližu odgovarajuću deponiju, kao i svi troškovi istovara i korištenja odgovarajuće deponije.
B64: a) zidovi debljine 38 cm | C64: kom | D64: 7
B65: b) zidovi debljine 25 cm | C65: kom | D65: 2
A66: 3.34. | B66: Bušenje radi proširenja u zidovima od opeke zidane vapnenim mortom. Uključena sva potrebna podupiranja i osiguranje nosive konstrukcije kao i upotreba odgovarajuće skele. U cijenu stavke uračunat utovar i odvoz razgrađenog materijala (razvrstanog po vrstama) na najbližu odgovarajuću deponiju, kao i svi troškovi istovara i korištenja odgovarajuće deponije.
B67: a) zidovi debljine 38 cm | C67: m3 | D67: 4.8
B68: b) zidovi debljine 25 cm | C68: m3 | D68: 1.1
A69: 3.35. | B69: Izvedba vertikalnih i horizontalnih usjeka - ležajeva u fasadnim zidovima od opeke radi izvedbe novih betonskih serklaža i nadvoja. Uključena sva potrebna podupiranja i osiguranje nosive konstrukcije kao i upotreba odgovarajuće skele. U cijenu stavke uračunat utovar i odvoz razgrađenog materijala (razvrstanog po vrstama) na najbližu odgovarajuću deponiju, kao i svi troškovi istovara i korištenja odgovarajuće deponije. | C69: m3 | D69: 34.1
A70: 3.36. | B70: Otucanje preostale žbuke fasade prizemlja, zidovi od opeke. U stavci uračunata upotreba radne skele. Stavka uključuje i skidanje keramičkih pločica sa zidova gdje je ista postavljena. U cijenu stavke uračunat utovar i odvoz razgrađenog materijala (razvrstanog po vrstama) na najbližu odgovarajuću deponiju, kao i svi troškovi istovara i korištenja odgovarajuće deponije. | C70: m2 | D70: 501 | E70: 27 | F70: =E70*D70
A71: 3.37. | B71: Čišćenje reški fasade prizemlja, do dubine od 5 cm u zidu od opeke sa temeljitim otprašivanjem i ispiranjem, sve uz upotrebu odgovarajuće skele. Uključeno čišćenje spojnica sa otprašivanjem. U cijenu stavke uračunat utovar i odvoz razgrađenog materijala (razvrstanog po vrstama) na najbližu odgovarajuću deponiju, kao i svi troškovi istovara i korištenja odgovarajuće deponije. | C71: m2 | D71: 501 | E71: 12 | F71: =E71*D71
A72: 3.38. | B72: Otucanje preostale žbuke sa zidova prostorija prizemlja, zidovi od opeke. U stavci uračunata upotreba radne skele. Stavka uključuje i skidanje keramičkih pločica sa zidova gdje je ista postavljena. U cijenu stavke uračunat utovar i odvoz razgrađenog materijala (razvrstanog po vrstama) na najbližu odgovarajuću deponiju, kao i svi troškovi istovara i korištenja odgovarajuće deponije. | C72: m2 | D72: 987 | E72: 27 | F72: =E72*D72
A73: 3.39. | B73: Čišćenje reški sa zidova prostorija prizemlja, do dubine od 5 cm u zidu od opeke sa temeljitim otprašivanjem i ispiranjem, sve uz upotrebu odgovarajuće skele. Uključeno čišćenje spojnica sa otprašivanjem. U cijenu stavke uračunat utovar i odvoz razgrađenog materijala (razvrstanog po vrstama) na najbližu odgovarajuću deponiju, kao i svi troškovi istovara i korištenja odgovarajuće deponije. | C73: m2 | D73: 987
A74: 3.40. | B74: Otucanje žbuke sa stropa prizemlja. Stavka uključuje i skidanje trstike na mjestima gdje ista postoji. Kompletna demontaža uračunata u stavci, kao i upotreba odgovarajuće skele i sva potrebna osiguranja građevine kao cjeline i dijelova vezanih za ovu razgradnju. U cijenu stavke uračunat utovar i odvoz razgrađenog materijala (razvrstanog po vrstama) na najbližu odgovarajuću deponiju, kao i svi troškovi istovara i korištenja odgovarajuće deponije. | C74: m2 | D74: 572.3 | E74: 32 | F74: =E74*D74
A75: 3.41. | B75: Probijanje otvora u zidovima radi ugradnje instalacijskih vodova. Otvori su veličine do 30/30 cm. U cijenu stavke uračunat utovar i odvoz razgrađenog materijala (razvrstanog po vrstama) na najbliže odgovarajuće deponije, kao i svi troškovi istovara i korištenja odgovarajuće deponije.
B76: a) probijanje otvora u zidu od opeke d = 38 cm | C76: kom | D76: 20
B77: b) probijanje otvora u zidu od opeke d = 25 cm | C77: kom | D77: 21
B78: c) probijanje otvora u zidu od opeke d = 20 cm | C78: kom | D78: 5
A79: 3.42. | B79: Štemanje šliceva u zidu od opeke za izvedbu instalacija. Šlicevi su širine 40 cm i dubine do 10 cm. U cijenu stavke uračunat utovar i odvoz razgrađenog materijala (razvrstanog po vrstama) na najbliže odgovarajuće deponije, kao i svi troškovi istovara i korištenja odgovarajuće deponije. | C79: m' | D79: 348
A80: 3.43. | B80: Izvedba vertikalnih usjeka - ležajeva u postojećim temeljima radi izvedbe ležaja (spoja) novih trakastih AB temelja sa postojećim do dubine 1,20 m. Uključena sva potrebna podupiranja i osiguranje nosive konstrukcije kao i upotreba odgovarajuće skele. U cijenu stavke uračunat utovar i odvoz razgrađenog materijala (razvrstanog po vrstama) na najbližu odgovarajuću deponiju, kao i svi troškovi istovara i korištenja odgovarajuće deponije. | C80: m3 | D80: 3
A81: 3.44. | B81: Razna sitna rušenja, razgradnje i demontaže. U cijenu stavke uračunat utovar i odvoz razgrađenog materijala (razvrstanog po vrstama) na najbližu odgovarajuću deponiju, kao i svi troškovi istovara i korištenja odgovarajuće deponije. Priznat će se stvaran broj sati koji je upisan u građevinsku knjigu i ovjeren po nadzornom inženjeru.
B82: a) NKV | C82: sati | D82: 50
B83: b) PKV | C83: sati | D83: 30
B84: c) KV | C84: sati | D84: 20
B85: d) VKV | C85: sati | D85: 10
A86: 3.45. | B86: Demontaža rasvjete postavljene na pročelju. U cijenu stavke uključeno i odpajanje rasvjetnih tijela od strane ovlaštene osobe, kao i upotreba odgovarajuće skele. Rasvjetna tijela potrebno je deponirati na gradilišnu deponiju gdje će se adekvatno skladištiti do njegove ponovne montaže, uključeno u stavci. U cijenu stavke uključeno i skidanje nosača. | C86: kom | D86: 1
B87: 3. Rušenje i razgradnja ukupno: | F87: =SUM(F70:F74)
A89: 4. | B89: RADOVI NA SANACIJI I OJAČAVANJU TEMELJA
A90: 4.1. | B90: Prije početka radova na sanaciji i ojačanju temelja potrebno je otvoriti okna dimenzija širine 1 - 1,5 m, duljine 1 - 1,5m dubine do 4,5 m, uključivo potrebna osiguranja iskopa isto se izvodi radi provjere pretpostavljene dubine temeljenja. Nadalje radi provjere pretpostavljene vrste materijala kao i radi utvrđivanja općeg stanja temelja. Stavka uključuje sav rad, alat i materijal potreban za izvedbu ove kontrole. | C90: kom | D90: 4
A91: 4.2. | B91: Detaljno geodetsko snimanje postojećih dubina temelja, kao i izradu pratećeg geodetskog nacrta. Stavka uključuje sav rad sve do potpune gotovosti. | C91: kpl | D91: 1
A92: 4.3. | B92: Izvedba rova unutar građevine širine 1,5 m za proširenje postojećih trakastih temelja do dubine 1,8 m za izvedbu kampada za sanaciju i ojačanje temelja. Radovi obuhvaćaju sljedeće: - iskop zemljanog materijala dubine do 1,2 m odnosno do kote potrebne za izvedbu ove stavke. Stavka uključuje sav rad i materijal osnovni i pomoćni, sve do potpune gotovosti. U stavci uključeno osiguranje iskopa (vertikalno zasjecanje strana iskopa), te odvoz iskopanog materijala na predviđenu gradilišnu deponiju poradi ponovne uporabe iskopanog materijala za nasipavanje. Obračun po m³ u sraslom stanju. | C92: m3 | D92: 397
A93: 4.4. | B93: Izvedba rova za nove trakaste temelje unutar postojećih, širine 1,0 m prema projektu statike. Radovi obuhvaćaju sljedeće: - iskop zemljanog materijala dubine do 1,20 m odnosno do kote potrebne za izvedbu ove stavke. Stavka uključuje sav rad i materijal osnovni i pomoćni, sve do potpune gotovosti. U stavci uključeno osiguranje iskopa (vertikalno zasjecanje strana iskopa), te odvoz iskopanog materijala na predviđenu gradilišnu deponiju poradi ponovne uporabe iskopanog materijala za nasipavanje. Obračun po m³ u sraslom stanju. | C93: m3 | D93: 37.5
B94: OJAČANJE TEMELJA SA UNUTARNJE STRANE GRAĐEVINE - RADOVE IZVESTI KAMPADNO
A95: 4.5. | B95: Priprema svih površina za izvedbu sanacije i ojačanja temelja uključujući i površine spoja između starog i novbog temelja. Podloga mora biti suha, odmašćena, nosiva i bez slabovezanih ili trusnih dijelova. Stavka uključuje strojnu pripremu i završno čišćenje podloge npr. visokotlačnim pranjem prije početka izvedbe na ojačanju temelja. Obračun po m² izvedene pripreme podloge. | C95: m2 | D95: 339
A96: 4.6. | B96: Ojačanje postojećih temelja AB uzdužnim i poprečnim temeljnim trakama 30/100 cm i poprečnim AB temeljnim trakama 50/100 cm. Povezivanje novih temeljnih traka vršiti bušenjem rupa Ø 60 i ugradba armaturnih šipki Ø 20 dužine 3 m. Ukoliko se prilikom iskopa utvrdi da su postojeći temelji u rastresitom stanju potrebno je podbetoniravanje postojećih temelja u suradnji i s prijedlogom dobivenog od nadzornog inženjera. Stavka uključuje sav rad i potreban materijal za izvedbu radova do potpune gotovosti, dodatak za vodonepropusnost te sva potrebna podupiranja, a sve je potrebno izvesti prema nacrtima, statičkom računu i pravilima struke.
A97: a) | B97: betoniranje uzdužnih i poprečnih temeljnih traka dim 30/100 cm tlačnim betonom C 30/37, razreda izloženosti XC2, veliki presjek | C97: m3 | D97: 118.5
A98: b) | B98: izvedba rupa Ø 60 | C98: kom | D98: 1082
A99: c) | B99: betoniranje novih poprečnih temeljnih traka dim. 60/175 cm tlačnim betonom C30/37, razreda izloženosti XC2, veliki presjek | C99: m3 | D99: 19.6
A100: d) | B100: oplata | C100: m2 | D100: 446.3
A101: e) | B101: armatura | C101: kg | D101: 24858
B102: 4. Radovi na sanaciji temelja ukupno:
A104: 5. | B104: ZEMLJANI RADOVI
A105: 5.1. | B105: Površinski iskop humusnog zemljišta za otkop oko zgrade prosječne dubine 30 cm, širine 400 cm, te odvoz iskopang materijala na gradsku deponiju. Obračun po m³ u sraslom stanju. | C105: m3 | D105: 194.3
A106: 5.2. | B106: Iskop tla C kategorije za rov oko zgrade, dubine do 1,20 m, a širine 1,00 m. U stavci uključeno osiguranje iskopa (vertikalno zasjecanje strana iskopa), te odvoz iskopanog materijala na predviđenu gradilišnu deponiju poradi ponovne uporabe iskopanog materijala za nasipavanje. Obračun po m³ u sraslom stanju. Stavka uključuje sav rad i materijal osnovni i pomoćni, sve do potpune gotovosti. Obračun po m³ u sraslom stanju. | C106: m3 | D106: 194.3
A107: 5.3. | B107: Planiranje dna iskopa za izvedbu novih trakastih temelja i proširenja postojećih temelja. Planira se s točnošću ±2 cm s prosječnim ručnim otkopom 0,05 m3/m2, te ručnim odbacivanjem iskopanog materijala. U cijenu stavke uračunat utovar i odvoz viška te odvoz iskopanog materijalate na gradsku deponiju. Obračun po m² površine dna. | C107: m2 | D107: 342.4
...

Sheet Zgrada 14
A1: stavka | B1: opis stavke | C1: jedin. mjere | D1: količina | E1: jedinična cijena (euro)
A3: IV. | B3: ZGRADA 14
A5: A. | B5: GRAĐEVINSKO-OBRNIČKI RADOVI
A7: 1. | B7: SKELA
A8: 1.1. | B8: Dobava, postava, skidanje i otprema cijevne fasadne skele, od bešavnih cijevi. Skelu izvesti prema važećim HTZ propisima. Skelu je potrebno osigurati od prevrtanja, sidrennjem u građevinu, a od udara munje uzemljenjem. Potrebno je izvesti pomične željezne ili drvene ljestve – penjalice u svrhu osiguranja vertikalne komunikacije po skeli. Prije izvedbe skele izvođač je dužan izraditi projekt skele, što je u cijeni stavke. Obračun se vrši po m² vertikalne projekcije površine skele. Stavka uključuje rad i materijal osnovni i pomoćni, sve do potpune funkcionalnosti. | C8: m2 | D8: 698
B9: 1. Skela ukupno:
A11: 2. | B11: PRIPREMNI RADOVI
A12: 2.1. | B12: Geodetsko praćenje, iskolčenje građevine, trase svih instalacija, šahtova, upločenje uz građevinu, nanošenje svih potrebnih geodetskih visina unutar i oko građevine, izrada elabotrata iskolčenja, snimanja izvedenih instalacija i geodetski elaborat za potrebe katastra. | C12: kpl | D12: 1
A13: 2.2. | B13: Ispitivanje zrakopropusnosti ovojnice zgrade prema HRN EN ISO 9972-2015 ili jednakovrijednoj, te u skladu sa važećim zahtjevima Tehničkog propisa o racionalnoj uporabi energije i toplinskoj zaštiti zgrada. Ispitivanje se vrši dva puta: prvi puta nakon ugradnje i brtvljenja otvora, ugradnje strojarskih instalacija, ožičenja električnih instalacija, žbukanja zidova i zatvaranja vanjske ovojnice zgrade parnom branom, drugi puta nakon završetka svih radova, a prije tehničkog pregleda zgrade. Ispitivanje se vrši blower-door testom uz otkrivanje mjesta propuštanja zraka termografskim snimanjem, anemometrom ili metodom suhog dima. Prilikom ispitivanja, za razliku tlakova između unutarnjeg i vanjskog zraka od 50 Pa, izmjereni protok zraka, sveden na obujam unutarnjeg zraka ne smije biti veći od vrijednosti n50 = 1,5 h-1 (kod zgrada s mehaničkim uređajem za ventilaciju). Prije ispitivanja, naručitelj treba provesti brtvljenje svih prodora kroz zrakonepropusnu ovojnicu poput kanalizacijskih odvoda, ventilacijskih kanala, kablova od struje, itd. Ispitivanje se ponavlja nakon brtvljenja eventualnih mjesta propuštanja zraka dok se ne zadovolji vrijednost n50 =< 1,5 h-1. Postupak se ponavlja dok vanjska ovojnice ne postigne odgovarajuću zrakonepropusnost. Obračun prema netto grijanom volumenu zgrade. Termografsko ispitivanje provodi certificirana osoba. | C13: m2 | D13: 2108
A14: 2.3. | B14: Čišćenje terena od raslinja oko građevine, siječenje i skupljanje. U stavku uključeno uklanjanje smeća, prepreka, drveća, i sl., košenja trave i korova, te utovar i odvoz otpadnog materijala na gradsku deponiju, uključeno u cijeni stavke. | C14: m2 | D14: 486
A15: 2.4. | B15: Pažljivo skidanje, siječenje i skupljane zelenila (bršljana) koje je obuhvatilo pročelje. Primjenjuje se sigurnosna tehnologija rušenja uz rad s ljestvi i rezanjem odozgo prema dolje (sa kontroliranim spuštanjem). Sve sasječene dijelove potrebno je utovariti i odvesti na za to najbližu odgovarajuću deponiju, uključeno u cijenu stavke. | C15: m2 | D15: 243
B16: 2. Pripremni radovi ukupno:
A18: 3. | B18: RUŠENJE I RAZGRADNJA
A19: 3.1. | B19: Kompletna demontaža svih elektroinstalacija jake i slabe struje nadžbukni i podžbukni dio, što uključuje sve utičnice, prekidače, rasvjetna tijela, elektro ormare, kutije s osiguračina, kablove, nosače projektora i projektore, pametne ploče, zvučnike, zvono, videonadzor, pemetne tv i slično, sve u potpunoj gotovosti. U cijenu stavke uključena izrada šliceva za vađenje postojećih elektroinstalacija, kao i sav potreban rad i materijal te upotreba odgovarajuće skele. U cijenu stavke uračunat utovar i odvoz razgrađenog materijala (razvrstanog po vrstama) na najbližu odgovarajuću deponiju, kao i svi troškovi istovara i korištenja odgovarajuće deponije. a) površine 510 m² | C19: kpl | D19: 1
A20: 3.2. | B20: Otpajanja elektroenergetskog priključka građevine prije početka svih rušenja. Radove izvodi za to ovlaštena osoba. Stavka uključuje sav rad i materijal, kao i upotrebu odgovarajuće skele. Postava gradilišnih GRO. | C20: kom | D20: 1
A21: 3.3. | B21: Kompletna demontaža svih strojarskih instalacija, što uključuje kompletnu demontažu postrojenja kotlovnice, svih radijatora, cijevnog razvoda grijanja i slično, sve u potpunoj gotovosti. U cijenu stavke uključena izrada šliceva i potrebnih prodora za vađenje postojećih instalacija, kao i sav potreban rad i materijal te upotreba odgovarajuće skele. U cijenu stavke uračunat utovar i odvoz razgrađenog materijala (razvrstanog po vrstama) na najbližu odgovarajuću deponiju, kao i svi troškovi istovara i korištenja odgovarajuće deponije. a) površine 510 m² | C21: kpl | D21: 1
A22: 3.4. | B22: Skidanje pokrova od valovitih salonitnih azbesnih ploča krovišta (građevina i nadstrešnica). Stavka uključuje i sljemenjake. Skidanje se izvodi na način da ne dođe do oštećenja i loma ploča koje se moraju slagati na palete i omotati folijom, a polomljeni komadi se moraju posebno prikupiti u spremnike ili vreće u kojima se završni sloj prekriva zemljom kako bi se spriječilo eventualno širenje prašine. Pokrovne salonitne ploče nikako nije dozvoljeno prilikom skidanja bacati s krova već ih je potrebno pažljivo spustiti i složiti na mjesto pristupačno za prijevoz. Za vrijeme skidanja ploča potrebno je ploče prskati vodom i upotrebljavati zaštitnu opremu, te krovnu konstrukciju usisati jer se upravo na krovnoj građi nakupilo dosta prašine koju čovjek može udahnuti. Svako lomljenje, rezanje ili brušenje je najstrože zabranjeno, a mjesto privremenog odlaganja prije odvoza na zbrinjavanje potrebno je ograditi ceradom i smanjiti utjecaj vjetra na prikupljeni otpad. Prilikom rada sa salonitnim pločama obavezno je primjena osobnih zaštitnih sredstva (maske, rukavice, zaštitna odjeća i dr.).
B23: Kompletna opisana demontaža pokrova uračunata u cijeni stavke, kao i odlaganje pokrova na gradilišnu deponiju za čuvanje materijala te zbrinjavanje prema posebnoj Uputi i u skladu s važećim propisima. U stavci uračunata upotreba radne skele i sva potrebna osiguranja. U cijenu stavke uračunat utovar i odvoz na odlagalište kod ovlaštenog pravnog subjekta za zbrinjavanje navedenog otpada kao i svi troškovi istovara i korištenja odgovarajuće deponije. Nakon čišćenja gradilišta i okoliša od azbesta može se pristupiti gradnji novog objekta. Obračun po m² kose krovne površine. | C23: m2 | D23: 703.3
A24: 3.5. | B24: Demontaža letava za pokrov valovitim salonitnim azbesnim pločama krovišta građevine. Kompletna demontaža uračunata u cijeni stavke, kao i upotreba odgovarajuće radne skele i sva potrebna osiguranja građevine kao cjeline i dijelova vezanih za ovu razgradnju te svu zaštitu za sigurnost (oprema) i postupke prilikom skidanja (otprašivanje usisavanjem, kvašenje,...) prema opisu u stavci 3.4. U cijenu stavke uračunat utovar i odvoz razgrađenog materijala (razvrstanog po vrstama) na najbližu odgovarajuću deponiju, kao i svi troškovi istovara i korištenja odgovarajuće deponije. Obračun po m² kose krovne površine. | C24: m2 | D24: 703.3
A25: 3.6. | B25: Demontaža gornje daščane oplate krovišta zgrade. Kompletna demontaža uračunata u cijeni stavke, kao i upotreba odgovarajuće skele i sva potrebna osiguranja građevine kao cjeline i dijelova vezanih za ovu razgradnju te sva zaštita za sigurnost (oprema) i postupke prilikom skidanja (otprašivanje usisavanjem, kvašenje,...) prema opisu u stavci 3.4. U cijenu stavke uračunat utovar i odvoz razgrađenog materijala (razvrstanog po vrstama) na najbližu odgovarajuću deponiju, kao i svi troškovi istovara i korištenja odgovarajuće deponije. Obračun po m² kose krovne površine. | C25: m2 | D25: 703.3
A26: 3.7. | B26: Demontaža drvene nosive konstrukcije radi zamjene novih istovjetnih elemenata - rogova. Kompletna demontaža uračunata u cijeni stavke, kao i upotreba odgovarajuće radne skele i sva potrebna osiguranja građevine kao cjeline i dijelova vezanih za ovu razgradnju te sva zaštita za sigurnost (oprema) i postupke prilikom skidanja (otprašivanje usisavanjem, kvašenje,...) prema opisu u stavci 3.4. U cijenu stavke uračunat utovar i odvoz razgrađenog materijala (razvrstanog po vrstama) na najbližu odgovarajuću deponiju, kao i svi troškovi istovara i korištenja odgovarajuće deponije. | C26: kom | D26: 37
A27: 3.8. | B27: Demontaža postojeće nosive drvene konstrukcije krovišta izvedeno na rasponu od cca 15 m, izvedene od drvenog rešetkastog nosača na rasponu od 4 m, čine ga gornji pojas nosača koji prati kosinu krova, donji pojas nosača izveden s dvije međusobno spojene daske te ispuna kosnicima. Obračun po projekciji na tlocrt. | C27: m2 | D27: 703.3
A28: 3.9. | B28: Demontaža i vađenje slojeva poda potkrovlja do nosive konstrukcije od grednika koji uključuju predpostavljene slojeve (ukupne debljine do 25 cm) kako slijedi: - izravnavajući sloj - slijepi pod - letve - nasip šute Kompletna demontaža uračunata u stavci, kao i sva potrebna osiguranja građevine kao cjeline i dijelova vezanih za ovu razgradnju. te sva zaštita za sigurnost (oprema) i postupke prilikom skidanja (otprašivanje usisavanjem, kvašenje,...) prema opisu u stavci 3.4. U cijenu stavke uračunat utovar i odvoz razgrađenog materijala (razvrstanog po vrstama) na najbližu odgovarajuću deponiju, kao i svi troškovi istovara i korištenja odgovarajuće deponije. | C28: m2 | D28: 600.3
A29: 3.10. | B29: Demontaža daščanog grednika (veznih greda) poda krovišta zgrade. Kompletna demontaža uračunata u cijeni stavke, kao i upotreba odgovarajuće skele i sva potrebna osiguranja građevine kao cjeline i dijelova vezanih za ovu razgradnju te sva zaštita za sigurnost (oprema) i postupke prilikom skidanja (otprašivanje usisavanjem, kvašenje,...) prema opisu u stavci 3.4. U cijenu stavke uračunat utovar i odvoz razgrađenog materijala (razvrstanog po vrstama) na najbližu odgovarajuću deponiju, kao i svi troškovi istovara i korištenja odgovarajuće deponije. | C29: kom | D29: 45
A30: 3.11. | B30: Demontaža daščane oplate postavljene ispod daščanog drvenog grednika stropa prizemlja. Kompletna demontaža uračunata u cijeni stavke, kao i upotreba odgovarajuće skele i sva potrebna osiguranja građevine kao cjeline i dijelova vezanih za ovu razgradnju te sva zaštita za sigurnost (oprema) i postupke prilikom skidanja (otprašivanje usisavanjem, kvašenje,...) prema opisu u stavci 3.4. U cijenu stavke uračunat utovar i odvoz razgrađenog materijala (razvrstanog po vrstama) na najbližu odgovarajuću deponiju, kao i svi troškovi istovara i korištenja odgovarajuće deponije. | C30: m2 | D30: 600.3
A31: 3.12. | B31: Demontaža opšava završetka krovnog vijenca. Kompletna demontaža uračunata u cijeni stavke, kao i upotreba odgovarajuće radne skele i sva potrebna osiguranja građevine kao cjeline i dijelova vezanih za ovu razgradnju te svu zaštitu za sigurnost (oprema) i postupke prilikom skidanja (otprašivanje usisavanjem, kvašenje,...) prema opisu u stavci 3.4. Nakon demontaže opšava ogledni uzorak demontiranog elementa ostaviti na gradilišnoj deponiji da posluži kao uzorak za izradu istovjetnog novog opšava, svi troškovi vezani za deponiranje istog uključeni su u stavku. U cijenu stavke uračunat utovar i odvoz razgrađenog materijala (razvrstanog po vrstama) na najbližu odgovarajuću deponiju, kao i svi troškovi istovara i korištenja odgovarajuće deponije. | C31: m' | D31: 95.3
A32: 3.13. | B32: Demontaža gromobranskih instalacija sa krova i pročelja, izvedenih od pocinčanih traka. Uključivo demontažu pričvrsnica i spojnica. Stavka uključuje upotrebu radne skele i sva potrebna osiguranja građevine kao cjeline i dijelova vezanih za ovu razgradnju te svu zaštitu za sigurnost (oprema) i postupke prilikom skidanja (otprašivanje usisavanjem, kvašenje,...) prema opisu u stavci 3.4. U cijenu stavke uračunat utovar i odvoz razgrađenog materijala (razvrstanog po vrstama) na najbližu odgovarajuću deponiju, kao i svi troškovi istovara i korištenja odgovarajuće deponije. | C32: m' | D32: 99
A33: 3.14. | B33: Demontaža opšava dimnjaka, ventilacija i odzračnih vertikala, prodora krovnih ploha limom. U stavci uključena demontaža svog pričvrsnog i pomoćnog materijala. Stavka uključuje upotrebu radne skele i sva potrebna osiguranja građevine kao cjeline i dijelova vezanih za ovu razgradnju te svu zaštitu za sigurnost (oprema) i postupke prilikom skidanja (otprašivanje usisavanjem, kvašenje,...) prema opisu u stavci 3.4. U cijenu stavke uračunat utovar i odvoz razgrađenog materijala (razvrstanog po vrstama) na najbližu odgovarajuću deponiju, kao i svi troškovi istovara i korištenja odgovarajuće deponije.
B34: a) veličine 44/44 cm | C34: kom | D34: 6
B35: b) veličine 50/50 cm | C35: kom | D35: 4
B36: c) veličine Ø 15 cm | C36: kom | D36: 4
A37: 3.15. | B37: Demontaža horizontalnog visećeg oluka uključivo podložni lim sa okapnicom. Nakon demontaže potrebno je pohraniti na gradilištu 1m horizontalnog oluka koji će poslužiti kao predložak za izradu novog. Kompletna demontaža uračunata u cijeni stavke, kao i demontaža obujmica (kuka), držača oluka. Stavka uključuje upotrebu radne skele i sva potrebna osiguranja građevine kao cjeline i dijelova vezanih za ovu razgradnju te svu zaštitu za sigurnost (oprema) i postupke prilikom skidanja (otprašivanje usisavanjem, kvašenje,...) prema opisu u stavci 3.4. U cijenu stavke uračunat utovar i odvoz razgrađenog materijala (razvrstanog po vrstama) na najbližu odgovarajuću deponiju, kao i svi troškovi istovara i korištenja odgovarajuće deponije. | C37: m' | D37: 95.3
A38: 3.16. | B38: Demontaža spoja vertikalnog oluka sa horizontalnim (tzv. labuđi vrat). Kompletna demontaža uračunata u cijeni stavke, kao i upotreba odgovarajuće radne skele i sva potrebna osiguranja građevine kao cjeline i dijelova vezanih za ovu razgradnju te sva zaštita za sigurnost (oprema) i postupke prilikom skidanja (otprašivanje usisavanjem, kvašenje,...) prema opisu u stavci 3.4. U cijenu stavke uračunat utovar i odvoz razgrađenog materijala (razvrstanog po vrstama) na najbližu odgovarajuću deponiju, kao i svi troškovi istovara i korištenja odgovarajuće deponije. | C38: kom | D38: 6
A39: 3.17. | B39: Demontaža vertikalnih oluka. Nakon demontaže potrebno je pohraniti na gradilištu 1 m vertikalnog oluka koji će poslužiti kao predložak za izradu novog. Stavka uključuje demontažu obujmica. Kompletna demontaža uračunata u cijeni stavke, kao i upotreba radne skele i sva potrebna osiguranja građevine kao cjeline i dijelova vezanih za ovu razgradnju te sva zaštita za sigurnost (oprema) i postupke prilikom skidanja (otprašivanje usisavanjem, kvašenje,...) prema opisu u stavci 3.4. U cijenu stavke uračunat utovar i odvoz razgrađenog materijala (razvrstanog po vrstama) na najbližu odgovarajuću deponiju, kao i svi troškovi istovara i korištenja odgovarajuće deponije. | C39: m' | D39: 26.4
A40: 3.18. | B40: Demontaža limenog opšava zabata. Kompletna demontaža uračunata u stavci, kao i upotreba odgovarajuće skele. U cijenu stavke uračunat utovar i odvoz razgrađenog materijala (razvrstanog po vrstama) na najbližu odgovarajuću deponiju, kao i svi troškovi istovara i korištenja odgovarajuće deponije. | C40: m' | D40: 33.5
A41: 3.19. | B41: Demontaža i vađenje opšava vanjskih prozorskih klupčica. Kompletna demontaža uračunata u cijenu stavke, kao i upotreba radne skele. U cijenu stavke uračunat utovar i odvoz razgrađenog materijala (razvrstanog po vrstama) na najbližu odgovarajuću deponiju, kao i svi troškovi istovara i korištenja odgovarajuće deponije. a) prozorske klupčice na nivou prizemlja, rad na visini do 2,0 m' | C41: m' | D41: 29
A42: 3.20. | B42: Demontaža i vađenje vanjske stolarije na nivou prizemlja - dvostrukih dvokrilnih zaokretnih ostakljenih prozora i doprozornika na pročeljima. Kompletna demontaža uračunata u cijenu stavke, kao i upotreba radne skele. U cijenu stavke uračunat utovar i odvoz razgrađenog materijala (razvrstanog po vrstama) na najbližu odgovarajuću deponiju, kao i svi troškovi istovara i korištenja odgovarajuće deponije.
B43: a) dvostruki prozor vanjskih dim. 130×193 cm | C43: kom | D43: 16
B44: b) dvostruki prozor vanjskih dim. 134×77 cm | C44: kom | D44: 3
A45: 3.21. | B45: Demontaža i vađenje vanjske stolarije na nivou prizemlja i potkrovlja - jednostrukih zaokretnih ostakljenih prozora na pročeljima. Kompletna demontaža uračunata u cijenu stavke, kao i upotreba radne skele. U cijenu stavke uračunat utovar i odvoz razgrađenog materijala (razvrstanog po vrstama) na najbližu odgovarajuću deponiju, kao i svi troškovi istovara i korištenja odgovarajuće deponije.
B46: a) jednostruki prozor vanjskih dim. 72×77 cm - prizemlje | C46: kom | D46: 1
B47: b) jednostruki prozor vanjskih dim. 73×77 cm - prizemlje | C47: kom | D47: 1
B48: c) jednostruki prozor vanjskih dim. 60×60 cm - potkrovlje | C48: kom | D48: 2
A49: 3.22. | B49: Demontaža i vađenje unutarnjih prozorskih klupčica. Kompletna demontaža uračunata u cijenu stavke, kao i upotreba radne skele. U cijenu stavke uračunat utovar i odvoz razgrađenog materijala (razvrstanog po vrstama) na najbližu odgovarajuću deponiju, kao i svi troškovi istovara i korištenja odgovarajuće deponije. a) prozorske klupčice na nivou prizemlja, rad na visini do 3,0 m' | C49: m' | D49: 29.1
A50: 3.23. | B50: Demontaža i vađenje vanjskih vrata s staklenom stijenom i dvokrilnih vrata zajedno s dovratnicima. Kompletna demontaža uračunata u stavci, kao i upotreba odgovarajuće skele. U cijenu stavke uračunat utovar i odvoz razgrađenog materijala (razvrstanog po vrstama) na najbližu odgovarajuću deponiju, kao i svi troškovi istovara i korištenja odgovarajuće deponije.
B51: a) vrata sa staklenom stijenom vel. 294(321)/223 | C51: kom | D51: 1
B52: b) vrata sa staklenom stijenom vel. 183/218 | C52: kom | D52: 1
A53: 3.24. | B53: Demontaža i vađenje unutarnje stolarije (vrata) zajedno sa dovratnicima iz zidova. Kompletna demontaža uračunata u cijeni stavke, kao i upotreba odgovarajuće radne skele i sva potrebna osiguranja građevine kao cjeline i dijelova vezanih za ovu razgradnju. U cijenu stavke uračunat utovar i odvoz razgrađenog materijala (razvrstanog po vrstama) na najbližu odgovarajuću deponiju, kao i svi troškovi istovara i korištenja odgovarajuće deponije.
B54: a) jednokrilna (nivo prizemlja) | C54: kom | D54: 8
B55: b) dvokrilna (nivo prizemlja) | C55: kom | D55: 1
A56: 3.25. | B56: Razbijanje poda sa završnom oblogom od keramičkih pločica, sve do sloja šljunka, nivo prizemlja. Pretpostavljeni slojevi debljine do 70 cm kako slijedi: - keramičke pločice - cementna glazura - gornja betonska podloga - hidroizolacija - donja betonska podloga - nasip šljunka U stavci uključeno planiranje zemljane podloge s točnošću ± 2,0 cm nakon demontaže slojeva. Kompletna demontaža uračunata u stavci. U cijenu stavke uračunat utovar i odvoz razgrađenog materijala (razvrstanog po vrstama) na najbližu odgovarajuću deponiju, kao i svi troškovi istovara i korištenja odgovarajuće deponije. | C56: m2 | D56: 41.4
A57: 3.26. | B57: Razbijanje poda sa završnom oblogom od betona (betonski pod), sve do sloja šljunka, nivo prizemlja. Pretpostavljeni slojevi debljine do 70 cm kako slijedi: - cementna glazura - gornja betonska podloga - hidroizolacija - donja betonska podloga - nasip šljunka U stavci uključeno planiranje zemljane podloge s točnošću ± 2,0 cm nakon demontaže slojeva. Kompletna demontaža uračunata u stavci. U cijenu stavke uračunat utovar i odvoz razgrađenog materijala (razvrstanog po vrstama) na najbližu odgovarajuću deponiju, kao i svi troškovi istovara i korištenja odgovarajuće deponije. | C57: m2 | D57: 115.3
A58: 3.27. | B58: Razbijanje poda sa završnom oblogom od parketa i drvenih dasaka, sve do sloja šljunka, nivo prizemlja. Pretpostavljeni slojevi debljine do 70 cm kako slijedi: - parket - slijepi pod - gornja betonska podloga - hidroizolacija - donja betonska podloga - nasip šljunka U stavci uključeno planiranje zemljane podloge s točnošću ± 2,0 cm nakon demontaže slojeva. Kompletna demontaža uračunata u stavci. U cijenu stavke uračunat utovar i odvoz razgrađenog materijala (razvrstanog po vrstama) na najbližu odgovarajuću deponiju, kao i svi troškovi istovara i korištenja odgovarajuće deponije.
B59: a) završna obloga parket | C59: m2 | D59: 101
B60: b) završna obloga drvene daske | C60: m2 | D60: 237.5
A61: 3.28. | B61: Kompletna demontaža svih sanitarnih uređaja, što uključuje i demontažu svih postojećih cijevi kanalizacije i vodoopskrbe. U cijenu stavke uključena izrada šliceva za vađenje postojećih cijevi kanalizacije, kao i sav potreban rad i materijal te upotreba odgovarajuće skele. U cijenu stavke uračunata utovar i odvoz razgrađenog materijala (razvrstanog po vrstama) na najbližu odgovarajuću deponiju, kao i svi troškovi istovara i korištenja odgovarajuće deponije.
B62: a) umivaonik (nivo prizemlja) | C62: kom | D62: 4
B63: b) WC školjka (nivo prizemlja) | C63: kom | D63: 6
A64: 3.29. | B64: Rušenje unutarnjih pregrada u sanitarnim prostorima, debljine do 7 cm, visine do 2,5 m'. Kompletna demontaža uračunata u stavci, kao i upotreba odgovarajuće skele i sva potrebna osiguranja građevine kao cjeline i dijelova vezanih za ovu razgradnju. U cijenu stavke uračunat utovar i odvoz razgrađenog materijala (razvrstanog po vrstama) na najbližu odgovarajuću deponiju, kao i svi troškovi istovara i korištenja odgovarajuće deponije. | C64: m2 | D64: 31.9
A65: 3.30. | B65: Skidanje obloge od keramičkih pločica postavljenih u cementnom mortu sa zidova. Opločenje do visine 3,0 m. Kompletna demontaža uračunata u stavci, kao i upotreba odgovarajuće skele. U cijenu stavke uračunat utovar i odvoz razgrađenog materijala (razvrstanog po vrstama) na najbližu odgovarajuću deponiju, kao i svi troškovi istovara i korištenja odgovarajuće deponije. | C65: m2 | D65: 100.2
A66: 3.31. | B66: Rušenje zidova debljine 7-80 cm, visine do 5 m'. Rušenje vršiti pažljivo na dijelu gdje se zadržava dio postojeće konstrukcije. Kompletna demontaža uračunata u stavci, kao i upotreba odgovarajuće skele i sva potrebna osiguranja građevine kao cjeline i dijelova vezanih za ovu razgradnju. U cijenu stavke uračunat utovar i odvoz razgrađenog materijala (razvrstanog po vrstama) na najbližu odgovarajuću deponiju, kao i svi troškovi istovara i korištenja odgovarajuće deponije. | C66: m3 | D66: 21.3
A67: 3.32. | B67: Rušenje dimnjaka i ventilacijskih kanala dimenzija dužine od 25 do 80 cm i širine od 23 cm do 80 cm, visine do 7 m. Rušenje vršiti pažljivo na dijelu gdje se zadržava dio postojeće konstrukcije. Kompletna demontaža uračunata u stavci, kao i upotreba odgovarajuće skele i sva potrebna osiguranja građevine kao cjeline i dijelova vezanih za ovu razgradnju. U cijenu stavke uračunat utovar i odvoz razgrađenog materijala (razvrstanog po vrstama) na najbližu odgovarajuću deponiju, kao i svi troškovi istovara i korištenja odgovarajuće deponije. | C67: kom | D67: 11
A68: 3.33. | B68: Probijanje otvora u zidovima od opeke zidane vapnenim mortom. Otvor minimalne veličine 75×205 cm do maksimalne veličine 200×300 cm. Iskoristivu opeku očistiti i složiti na deponiju gradilišta radi eventualne ponovne upotrebe. Uključena sva potrebna podupiranja i osiguranje nosive konstrukcije kao i upotreba radne skele. U cijenu stavke uračunat utovar i odvoz razgrađenog materijala (razvrstanog po vrstama) na najbližu odgovarajuću deponiju, kao i svi troškovi istovara i korištenja odgovarajuće deponije.
B69: a) zidovi debljine 38 cm | C69: kom | D69: 1
A70: 3.34. | B70: Bušenje radi proširenja u zidovima od opeke zidane vapnenim mortom. Uključena sva potrebna podupiranja i osiguranje nosive konstrukcije kao i upotreba odgovarajuće skele. U cijenu stavke uračunat utovar i odvoz razgrađenog materijala (razvrstanog po vrstama) na najbližu odgovarajuću deponiju, kao i svi troškovi istovara i korištenja odgovarajuće deponije.
B71: a) zidovi debljine 43 cm | C71: m3 | D71: 8.3
B72: b) zidovi debljine 32 cm | C72: m3 | D72: 12.6
A73: 3.35. | B73: Izvedba vertikalnih i horizontalnih usjeka - ležajeva u fasadnim zidovima od opeke radi izvedbe novih betonskih serklaža i nadvoja. Uključena sva potrebna podupiranja i osiguranje nosive konstrukcije kao i upotreba odgovarajuće skele. U cijenu stavke uračunat utovar i odvoz razgrađenog materijala (razvrstanog po vrstama) na najbližu odgovarajuću deponiju, kao i svi troškovi istovara i korištenja odgovarajuće deponije. | C73: m3 | D73: 30.5
A74: 3.36. | B74: Otucanje preostale žbuke fasade prizemlja, zidovi od opeke. U stavci uračunata upotreba radne skele. Stavka uključuje i skidanje keramičkih pločica sa zidova gdje je ista postavljena. U cijenu stavke uračunat utovar i odvoz razgrađenog materijala (razvrstanog po vrstama) na najbližu odgovarajuću deponiju, kao i svi troškovi istovara i korištenja odgovarajuće deponije. | C74: m2 | D74: 499 | E74: 27 | F74: =E74*D74
A75: 3.37. | B75: Čišćenje reški fasade prizemlja, do dubine od 5 cm u zidu od opeke sa temeljitim otprašivanjem i ispiranjem, sve uz upotrebu odgovarajuće skele. Uključeno čišćenje spojnica sa otprašivanjem. U cijenu stavke uračunat utovar i odvoz razgrađenog materijala (razvrstanog po vrstama) na najbližu odgovarajuću deponiju, kao i svi troškovi istovara i korištenja odgovarajuće deponije. | C75: m2 | D75: 499 | E75: 14 | F75: =E75*D75
A76: 3.38. | B76: Otucanje preostale žbuke sa zidova prostorija prizemlja, zidovi od opeke. U stavci uračunata upotreba radne skele. Stavka uključuje i skidanje keramičkih pločica sa zidova gdje je ista postavljena. U cijenu stavke uračunat utovar i odvoz razgrađenog materijala (razvrstanog po vrstama) na najbližu odgovarajuću deponiju, kao i svi troškovi istovara i korištenja odgovarajuće deponije. | C76: m2 | D76: 1109.2 | E76: 27 | F76: =E76*D76
A77: 3.39. | B77: Čišćenje reški sa zidova prostorija prizemlja, do dubine od 5 cm u zidu od opeke sa temeljitim otprašivanjem i ispiranjem, sve uz upotrebu odgovarajuće skele. Uključeno čišćenje spojnica sa otprašivanjem. U cijenu stavke uračunat utovar i odvoz razgrađenog materijala (razvrstanog po vrstama) na najbližu odgovarajuću deponiju, kao i svi troškovi istovara i korištenja odgovarajuće deponije. | C77: m2 | D77: 1109.2 | E77: 14 | F77: =E77*D77
A78: 3.40. | B78: Otucanje žbuke sa stropa prizemlja. Stavka uključuje i skidanje trstike na mjestima gdje ista postoji. Kompletna demontaža uračunata u stavci, kao i upotreba odgovarajuće skele i sva potrebna osiguranja građevine kao cjeline i dijelova vezanih za ovu razgradnju. U cijenu stavke uračunat utovar i odvoz razgrađenog materijala (razvrstanog po vrstama) na najbližu odgovarajuću deponiju, kao i svi troškovi istovara i korištenja odgovarajuće deponije. | C78: m2 | D78: 570.7 | E78: 38 | F78: =E78*D78
A79: 3.41. | B79: Probijanje otvora u zidovima radi ugradnje instalacijskih vodova. Otvori su veličine do 30/30 cm. U cijenu stavke uračunat utovar i odvoz razgrađenog materijala (razvrstanog po vrstama) na najbliže odgovarajuće deponije, kao i svi troškovi istovara i korištenja odgovarajuće deponije.
B80: a) probijanje otvora u zidu od opeke d = 38 cm | C80: kom | D80: 20
B81: b) probijanje otvora u zidu od opeke d = 25 cm | C81: kom | D81: 21
B82: c) probijanje otvora u zidu od opeke d = 20 cm | C82: kom | D82: 5
A83: 3.42. | B83: Štemanje šliceva u zidu od opeke za izvedbu instalacija. Šlicevi su širine 40 cm i dubine do 10 cm. U cijenu stavke uračunat utovar i odvoz razgrađenog materijala (razvrstanog po vrstama) na najbliže odgovarajuće deponije, kao i svi troškovi istovara i korištenja odgovarajuće deponije. | C83: m' | D83: 348
A84: 3.43. | B84: Izvedba vertikalnih usjeka - ležajeva u postojećim temeljima radi izvedbe ležaja (spoja) novih trakastih AB temelja sa postojećim do dubine 1,20 m. Uključena sva potrebna podupiranja i osiguranje nosive konstrukcije kao i upotreba odgovarajuće skele. U cijenu stavke uračunat utovar i odvoz razgrađenog materijala (razvrstanog po vrstama) na najbližu odgovarajuću deponiju, kao i svi troškovi istovara i korištenja odgovarajuće deponije. | C84: m3 | D84: 3
A85: 3.44. | B85: Razna sitna rušenja, razgradnje i demontaže. U cijenu stavke uračunat utovar i odvoz razgrađenog materijala (razvrstanog po vrstama) na najbližu odgovarajuću deponiju, kao i svi troškovi istovara i korištenja odgovarajuće deponije. Priznat će se stvaran broj sati koji je upisan u građevinsku knjigu i ovjeren po nadzornom inženjeru.
B86: a) NKV | C86: sati | D86: 50
B87: b) PKV | C87: sati | D87: 30
B88: c) KV | C88: sati | D88: 20
B89: d) VKV | C89: sati | D89: 20
A90: 3.45. | B90: Demontaža rasvjete postavljene na pročelju. U cijenu stavke uključeno i odpajanje rasvjetnih tijela od strane ovlaštene osobe, kao i upotreba odgovarajuće skele. Rasvjetna tijela potrebno je deponirati na gradilišnu deponiju gdje će se adekvatno skladištiti do njegove ponovne montaže, uključeno u stavci. U cijenu stavke uključeno i skidanje nosača. | C90: kom | D90: 1
B91: 3. Rušenje i razgradnja ukupno: | F91: =SUM(F74:F78)
A93: 4. | B93: RADOVI NA SANACIJI I OJAČAVANJU TEMELJA
A94: 4.1. | B94: Prije početka radova na sanaciji i ojačanju temelja potrebno je otvoriti okna dimenzija širine 1 - 1,5 m, duljine 1 - 1,5m dubine do 4,5 m, uključivo potrebna osiguranja iskopa isto se izvodi radi provjere pretpostavljene dubine temeljenja. Nadalje radi provjere pretpostavljene vrste materijala kao i radi utvrđivanja općeg stanja temelja. Stavka uključuje sav rad, alat i materijal potreban za izvedbu ove kontrole. | C94: kom | D94: 4
A95: 4.2. | B95: Detaljno geodetsko snimanje postojećih dubina temelja, kao i izradu pratećeg geodetskog nacrta. Stavka uključuje sav rad sve do potpune gotovosti. | C95: kpl | D95: 1
A96: 4.3. | B96: Izvedba rova unutar građevine širine 1,5 m za proširenje postojećih trakastih temelja do dubine 1,8 m za izvedbu kampada za sanaciju i ojačanje temelja. Radovi obuhvaćaju sljedeće: - iskop zemljanog materijala dubine do 1,2 m odnosno do kote potrebne za izvedbu ove stavke. Stavka uključuje sav rad i materijal osnovni i pomoćni, sve do potpune gotovosti. U stavci uključeno osiguranje iskopa (vertikalno zasjecanje strana iskopa), te odvoz iskopanog materijala na predviđenu gradilišnu deponiju poradi ponovne uporabe iskopanog materijala za nasipavanje. Obračun po m³ u sraslom stanju. | C96: m3 | D96: 404.1
A97: 4.4. | B97: Izvedba rova za nove trakaste temelje unutar postojećih, širine 1,0 m prema projektu statike. Radovi obuhvaćaju sljedeće: - iskop zemljanog materijala dubine do 1,20 m odnosno do kote potrebne za izvedbu ove stavke. Stavka uključuje sav rad i materijal osnovni i pomoćni, sve do potpune gotovosti. U stavci uključeno osiguranje iskopa (vertikalno zasjecanje strana iskopa), te odvoz iskopanog materijala na predviđenu gradilišnu deponiju poradi ponovne uporabe iskopanog materijala za nasipavanje. Obračun po m³ u sraslom stanju. | C97: m3 | D97: 28.6
B98: OJAČANJE TEMELJA SA UNUTARNJE STRANE GRAĐEVINE - RADOVE IZVESTI KAMPADNO
A99: 4.5. | B99: Priprema svih površina za izvedbu sanacije i ojačanja temelja uključujući i površine spoja između starog i novbog temelja. Podloga mora biti suha, odmašćena, nosiva i bez slabovezanih ili trusnih dijelova. Stavka uključuje strojnu pripremu i završno čišćenje podloge npr. visokotlačnim pranjem prije početka izvedbe na ojačanju temelja. Obračun po m² izvedene pripreme podloge. | C99: m2 | D99: 365.1
A100: 4.6. | B100: Ojačanje postojećih temelja AB uzdužnim i poprečnim temeljnim trakama 30/100 cm i poprečnim AB temeljnim trakama 50/100 cm. Povezivanje novih temeljnih traka vršiti bušenjem rupa Ø 60 i ugradba armaturnih šipki Ø 20 dužine 3 m. Ukoliko se prilikom iskopa utvrdi da su postojeći temelji u rastresitom stanju potrebno je podbetoniravanje postojećih temelja u suradnji i s prijedlogom dobivenog od nadzornog inženjera. Stavka uključuje sav rad i potreban materijal za izvedbu radova do potpune gotovosti, dodatak za vodonepropusnost te sva potrebna podupiranja, a sve je potrebno izvesti prema nacrtima, statičkom računu i pravilima struke.
A101: a) | B101: betoniranje uzdužnih i poprečnih temeljnih traka dim 30/100 cm tlačnim betonom C 30/37, razreda izloženosti XC2, veliki presjek | C101: m3 | D101: 109.5
A102: b) | B102: izvedba rupa Ø 60 | C102: kom | D102: 1062
A103: c) | B103: betoniranje novih poprečnih temeljnih traka dim. 60/175 cm tlačnim betonom C30/37, razreda izloženosti XC2, veliki presjek | C103: m3 | D103: 10.2
A104: d) | B104: oplata | C104: m2 | D104: 415.5
A105: e) | B105: armatura | C105: kg | D105: 21546
B106: 4. Radovi na sanaciji temelja ukupno:
...

Sheet Zgrada 15
A1: stavka | B1: opis stavke | C1: jedin. mjere | D1: količina | E1: jedinična cijena (euro)
A3: V. | B3: ZGRADA 15
A5: A. | B5: GRAĐEVINSKO-OBRNIČKI RADOVI
A7: 1. | B7: SKELA
A8: 1.1. | B8: Dobava, postava, skidanje i otprema cijevne fasadne skele, od bešavnih cijevi. Skelu izvesti prema važećim HTZ propisima. Skelu je potrebno osigurati od prevrtanja, sidrennjem u građevinu, a od udara munje uzemljenjem. Potrebno je izvesti pomične željezne ili drvene ljestve – penjalice u svrhu osiguranja vertikalne komunikacije po skeli. Prije izvedbe skele izvođač je dužan izraditi projekt skele, što je u cijeni stavke. Obračun se vrši po m² vertikalne projekcije površine skele. Stavka uključuje rad i materijal osnovni i pomoćni, sve do potpune funkcionalnosti. | C8: m2 | D8: 698 | E8: 11 | F8: =E8*D8
B9: 1. Skela ukupno: | F9: =SUM(F8:F8)
A11: 2. | B11: PRIPREMNI RADOVI
A12: 2.1. | B12: Geodetsko praćenje, iskolčenje građevine, trase svih instalacija, šahtova, upločenje uz građevinu, nanošenje svih potrebnih geodetskih visina unutar i oko građevine, izrada elabotrata iskolčenja, snimanja izvedenih instalacija i geodetski elaborat za potrebe katastra. | C12: kpl | D12: 1
A13: 2.2. | B13: Ispitivanje zrakopropusnosti ovojnice zgrade prema HRN EN ISO 9972-2015 ili jednakovrijednoj, te u skladu sa važećim zahtjevima Tehničkog propisa o racionalnoj uporabi energije i toplinskoj zaštiti zgrada. Ispitivanje se vrši dva puta: prvi puta nakon ugradnje i brtvljenja otvora, ugradnje strojarskih instalacija, ožičenja električnih instalacija, žbukanja zidova i zatvaranja vanjske ovojnice zgrade parnom branom, drugi puta nakon završetka svih radova, a prije tehničkog pregleda zgrade. Ispitivanje se vrši blower-door testom uz otkrivanje mjesta propuštanja zraka termografskim snimanjem, anemometrom ili metodom suhog dima. Prilikom ispitivanja, za razliku tlakova između unutarnjeg i vanjskog zraka od 50 Pa, izmjereni protok zraka, sveden na obujam unutarnjeg zraka ne smije biti veći od vrijednosti n50 = 1,5 h-1 (kod zgrada s mehaničkim uređajem za ventilaciju). Prije ispitivanja, naručitelj treba provesti brtvljenje svih prodora kroz zrakonepropusnu ovojnicu poput kanalizacijskih odvoda, ventilacijskih kanala, kablova od struje, itd. Ispitivanje se ponavlja nakon brtvljenja eventualnih mjesta propuštanja zraka dok se ne zadovolji vrijednost n50 =< 1,5 h-1. Postupak se ponavlja dok vanjska ovojnice ne postigne odgovarajuću zrakonepropusnost. Obračun prema netto grijanom volumenu zgrade. Termografsko ispitivanje provodi certificirana osoba. | C13: m2 | D13: 2108
A14: 2.3. | B14: Čišćenje terena od raslinja oko građevine, siječenje i skupljanje. U stavku uključeno uklanjanje smeća, prepreka, drveća, i sl., košenja trave i korova, te utovar i odvoz otpadnog materijala na gradsku deponiju, uključeno u cijeni stavke. | C14: m2 | D14: 487
A15: 2.4. | B15: Pažljivo skidanje, siječenje i skupljane zelenila (bršljana) koje je obuhvatilo pročelje. Primjenjuje se sigurnosna tehnologija rušenja uz rad s ljestvi i rezanjem odozgo prema dolje (sa kontroliranim spuštanjem). Sve sasječene dijelove potrebno je utovariti i odvesti na za to najbližu odgovarajuću deponiju, uključeno u cijenu stavke. | C15: m2 | D15: 243
B16: 2. Pripremni radovi ukupno:
A18: 3. | B18: RUŠENJE I RAZGRADNJA
A19: 3.1. | B19: Kompletna demontaža svih elektroinstalacija jake i slabe struje nadžbukni i podžbukni dio, što uključuje sve utičnice, prekidače, rasvjetna tijela, elektro ormare, kutije s osiguračina, kablove, nosače projektora i projektore, pametne ploče, zvučnike, zvono, videonadzor, pemetne tv i slično, sve u potpunoj gotovosti. U cijenu stavke uključena izrada šliceva za vađenje postojećih elektroinstalacija, kao i sav potreban rad i materijal te upotreba odgovarajuće skele. U cijenu stavke uračunat utovar i odvoz razgrađenog materijala (razvrstanog po vrstama) na najbližu odgovarajuću deponiju, kao i svi troškovi istovara i korištenja odgovarajuće deponije. a) površine 510 m² | C19: kpl | D19: 1
A20: 3.2. | B20: Otpajanja elektroenergetskog priključka građevine prije početka svih rušenja. Radove izvodi za to ovlaštena osoba. Stavka uključuje sav rad i materijal, kao i upotrebu odgovarajuće skele. Postava gradilišnih GRO. | C20: kom | D20: 1
A21: 3.3. | B21: Kompletna demontaža svih strojarskih instalacija, što uključuje kompletnu demontažu postrojenja kotlovnice, svih radijatora, cijevnog razvoda grijanja i slično, sve u potpunoj gotovosti. U cijenu stavke uključena izrada šliceva i potrebnih prodora za vađenje postojećih instalacija, kao i sav potreban rad i materijal te upotreba odgovarajuće skele. U cijenu stavke uračunat utovar i odvoz razgrađenog materijala (razvrstanog po vrstama) na najbližu odgovarajuću deponiju, kao i svi troškovi istovara i korištenja odgovarajuće deponije. a) površine 510 m² | C21: kpl | D21: 1
A22: 3.4. | B22: Skidanje pokrova od valovitih salonitnih azbesnih ploča krovišta (građevina i nadstrešnica). Stavka uključuje i sljemenjake. Skidanje se izvodi na način da ne dođe do oštećenja i loma ploča koje se moraju slagati na palete i omotati folijom, a polomljeni komadi se moraju posebno prikupiti u spremnike ili vreće u kojima se završni sloj prekriva zemljom kako bi se spriječilo eventualno širenje prašine. Pokrovne salonitne ploče nikako nije dozvoljeno prilikom skidanja bacati s krova već ih je potrebno pažljivo spustiti i složiti na mjesto pristupačno za prijevoz. Za vrijeme skidanja ploča potrebno je ploče prskati vodom i upotrebljavati zaštitnu opremu, te krovnu konstrukciju usisati jer se upravo na krovnoj građi nakupilo dosta prašine koju čovjek može udahnuti. Svako lomljenje, rezanje ili brušenje je najstrože zabranjeno, a mjesto privremenog odlaganja prije odvoza na zbrinjavanje potrebno je ograditi ceradom i smanjiti utjecaj vjetra na prikupljeni otpad. Prilikom rada sa salonitnim pločama obavezno je primjena osobnih zaštitnih sredstva (maske, rukavice, zaštitna odjeća i dr.).
B23: Kompletna opisana demontaža pokrova uračunata u cijeni stavke, kao i odlaganje pokrova na gradilišnu deponiju za čuvanje materijala te zbrinjavanje prema posebnoj Uputi i u skladu s važećim propisima. U stavci uračunata upotreba radne skele i sva potrebna osiguranja. U cijenu stavke uračunat utovar i odvoz na odlagalište kod ovlaštenog pravnog subjekta za zbrinjavanje navedenog otpada kao i svi troškovi istovara i korištenja odgovarajuće deponije. Nakon čišćenja gradilišta i okoliša od azbesta može se pristupiti gradnji novog objekta. Obračun po m² kose krovne površine. | C23: m2 | D23: 703.3
A24: 3.5. | B24: Demontaža letava za pokrov valovitim salonitnim azbesnim pločama krovišta građevine. Kompletna demontaža uračunata u cijeni stavke, kao i upotreba odgovarajuće radne skele i sva potrebna osiguranja građevine kao cjeline i dijelova vezanih za ovu razgradnju te svu zaštitu za sigurnost (oprema) i postupke prilikom skidanja (otprašivanje usisavanjem, kvašenje,...) prema opisu u stavci 3.4. U cijenu stavke uračunat utovar i odvoz razgrađenog materijala (razvrstanog po vrstama) na najbližu odgovarajuću deponiju, kao i svi troškovi istovara i korištenja odgovarajuće deponije. Obračun po m² kose krovne površine. | C24: m2 | D24: 703.3
A25: 3.6. | B25: Demontaža gornje daščane oplate krovišta zgrade. Kompletna demontaža uračunata u cijeni stavke, kao i upotreba odgovarajuće skele i sva potrebna osiguranja građevine kao cjeline i dijelova vezanih za ovu razgradnju te sva zaštita za sigurnost (oprema) i postupke prilikom skidanja (otprašivanje usisavanjem, kvašenje,...) prema opisu u stavci 3.4. U cijenu stavke uračunat utovar i odvoz razgrađenog materijala (razvrstanog po vrstama) na najbližu odgovarajuću deponiju, kao i svi troškovi istovara i korištenja odgovarajuće deponije. Obračun po m² kose krovne površine. | C25: m2 | D25: 703.3
A26: 3.7. | B26: Demontaža drvene nosive konstrukcije radi zamjene novih istovjetnih elemenata - rogova. Kompletna demontaža uračunata u cijeni stavke, kao i upotreba odgovarajuće radne skele i sva potrebna osiguranja građevine kao cjeline i dijelova vezanih za ovu razgradnju te sva zaštita za sigurnost (oprema) i postupke prilikom skidanja (otprašivanje usisavanjem, kvašenje,...) prema opisu u stavci 3.4. U cijenu stavke uračunat utovar i odvoz razgrađenog materijala (razvrstanog po vrstama) na najbližu odgovarajuću deponiju, kao i svi troškovi istovara i korištenja odgovarajuće deponije. | C26: kom | D26: 37
A27: 3.8. | B27: Demontaža postojeće nosive drvene konstrukcije krovišta izvedeno na rasponu od cca 15 m, izvedene od drvenog rešetkastog nosača na rasponu od 4 m, čine ga gornji pojas nosača koji prati kosinu krova, donji pojas nosača izveden s dvije međusobno spojene daske te ispuna kosnicima. Obračun po projekciji na tlocrt. | C27: m2 | D27: 703.3
A28: 3.9. | B28: Demontaža i vađenje slojeva poda potkrovlja do nosive konstrukcije od grednika koji uključuju predpostavljene slojeve (ukupne debljine do 25 cm) kako slijedi: - izravnavajući sloj - slijepi pod - letve - nasip šute Kompletna demontaža uračunata u stavci, kao i sva potrebna osiguranja građevine kao cjeline i dijelova vezanih za ovu razgradnju. te sva zaštita za sigurnost (oprema) i postupke prilikom skidanja (otprašivanje usisavanjem, kvašenje,...) prema opisu u stavci 3.4. U cijenu stavke uračunat utovar i odvoz razgrađenog materijala (razvrstanog po vrstama) na najbližu odgovarajuću deponiju, kao i svi troškovi istovara i korištenja odgovarajuće deponije. | C28: m2 | D28: 600.3
A29: 3.10. | B29: Demontaža daščanog grednika (veznih greda) poda krovišta zgrade. Kompletna demontaža uračunata u cijeni stavke, kao i upotreba odgovarajuće skele i sva potrebna osiguranja građevine kao cjeline i dijelova vezanih za ovu razgradnju te sva zaštita za sigurnost (oprema) i postupke prilikom skidanja (otprašivanje usisavanjem, kvašenje,...) prema opisu u stavci 3.4. U cijenu stavke uračunat utovar i odvoz razgrađenog materijala (razvrstanog po vrstama) na najbližu odgovarajuću deponiju, kao i svi troškovi istovara i korištenja odgovarajuće deponije. | C29: kom | D29: 45
A30: 3.11. | B30: Demontaža daščane oplate postavljene ispod daščanog drvenog grednika stropa prizemlja. Kompletna demontaža uračunata u cijeni stavke, kao i upotreba odgovarajuće skele i sva potrebna osiguranja građevine kao cjeline i dijelova vezanih za ovu razgradnju te sva zaštita za sigurnost (oprema) i postupke prilikom skidanja (otprašivanje usisavanjem, kvašenje,...) prema opisu u stavci 3.4. U cijenu stavke uračunat utovar i odvoz razgrađenog materijala (razvrstanog po vrstama) na najbližu odgovarajuću deponiju, kao i svi troškovi istovara i korištenja odgovarajuće deponije. | C30: m2 | D30: 600.3
A31: 3.12. | B31: Demontaža opšava završetka krovnog vijenca. Kompletna demontaža uračunata u cijeni stavke, kao i upotreba odgovarajuće radne skele i sva potrebna osiguranja građevine kao cjeline i dijelova vezanih za ovu razgradnju te svu zaštitu za sigurnost (oprema) i postupke prilikom skidanja (otprašivanje usisavanjem, kvašenje,...) prema opisu u stavci 3.4. Nakon demontaže opšava ogledni uzorak demontiranog elementa ostaviti na gradilišnoj deponiji da posluži kao uzorak za izradu istovjetnog novog opšava, svi troškovi vezani za deponiranje istog uključeni su u stavku. U cijenu stavke uračunat utovar i odvoz razgrađenog materijala (razvrstanog po vrstama) na najbližu odgovarajuću deponiju, kao i svi troškovi istovara i korištenja odgovarajuće deponije. | C31: m' | D31: 95.3
A32: 3.13. | B32: Demontaža gromobranskih instalacija sa krova i pročelja, izvedenih od pocinčanih traka. Uključivo demontažu pričvrsnica i spojnica. Stavka uključuje upotrebu radne skele i sva potrebna osiguranja građevine kao cjeline i dijelova vezanih za ovu razgradnju te svu zaštitu za sigurnost (oprema) i postupke prilikom skidanja (otprašivanje usisavanjem, kvašenje,...) prema opisu u stavci 3.4. U cijenu stavke uračunat utovar i odvoz razgrađenog materijala (razvrstanog po vrstama) na najbližu odgovarajuću deponiju, kao i svi troškovi istovara i korištenja odgovarajuće deponije. | C32: m' | D32: 99
A33: 3.14. | B33: Demontaža opšava dimnjaka, ventilacija i odzračnih vertikala, prodora krovnih ploha limom. U stavci uključena demontaža svog pričvrsnog i pomoćnog materijala. Stavka uključuje upotrebu radne skele i sva potrebna osiguranja građevine kao cjeline i dijelova vezanih za ovu razgradnju te svu zaštitu za sigurnost (oprema) i postupke prilikom skidanja (otprašivanje usisavanjem, kvašenje,...) prema opisu u stavci 3.4. U cijenu stavke uračunat utovar i odvoz razgrađenog materijala (razvrstanog po vrstama) na najbližu odgovarajuću deponiju, kao i svi troškovi istovara i korištenja odgovarajuće deponije.
B34: a) veličine 47/47 cm | C34: kom | D34: 6
B35: b) veličine 50/50 cm | C35: kom | D35: 4
B36: c) veličine Ø 15 cm | C36: kom | D36: 4
A37: 3.15. | B37: Demontaža horizontalnog visećeg oluka uključivo podložni lim sa okapnicom. Nakon demontaže potrebno je pohraniti na gradilištu 1m horizontalnog oluka koji će poslužiti kao predložak za izradu novog. Kompletna demontaža uračunata u cijeni stavke, kao i demontaža obujmica (kuka), držača oluka. Stavka uključuje upotrebu radne skele i sva potrebna osiguranja građevine kao cjeline i dijelova vezanih za ovu razgradnju te svu zaštitu za sigurnost (oprema) i postupke prilikom skidanja (otprašivanje usisavanjem, kvašenje,...) prema opisu u stavci 3.4. U cijenu stavke uračunat utovar i odvoz razgrađenog materijala (razvrstanog po vrstama) na najbližu odgovarajuću deponiju, kao i svi troškovi istovara i korištenja odgovarajuće deponije. | C37: m' | D37: 95.3
A38: 3.16. | B38: Demontaža spoja vertikalnog oluka sa horizontalnim (tzv. labuđi vrat). Kompletna demontaža uračunata u cijeni stavke, kao i upotreba odgovarajuće radne skele i sva potrebna osiguranja građevine kao cjeline i dijelova vezanih za ovu razgradnju te sva zaštita za sigurnost (oprema) i postupke prilikom skidanja (otprašivanje usisavanjem, kvašenje,...) prema opisu u stavci 3.4. U cijenu stavke uračunat utovar i odvoz razgrađenog materijala (razvrstanog po vrstama) na najbližu odgovarajuću deponiju, kao i svi troškovi istovara i korištenja odgovarajuće deponije. | C38: kom | D38: 6
A39: 3.17. | B39: Demontaža vertikalnih oluka. Nakon demontaže potrebno je pohraniti na gradilištu 1 m vertikalnog oluka koji će poslužiti kao predložak za izradu novog. Stavka uključuje demontažu obujmica. Kompletna demontaža uračunata u cijeni stavke, kao i upotreba radne skele i sva potrebna osiguranja građevine kao cjeline i dijelova vezanih za ovu razgradnju te sva zaštita za sigurnost (oprema) i postupke prilikom skidanja (otprašivanje usisavanjem, kvašenje,...) prema opisu u stavci 3.4. U cijenu stavke uračunat utovar i odvoz razgrađenog materijala (razvrstanog po vrstama) na najbližu odgovarajuću deponiju, kao i svi troškovi istovara i korištenja odgovarajuće deponije. | C39: m' | D39: 26.4
A40: 3.18. | B40: Demontaža limenog opšava zabata. Kompletna demontaža uračunata u stavci, kao i upotreba odgovarajuće skele. U cijenu stavke uračunat utovar i odvoz razgrađenog materijala (razvrstanog po vrstama) na najbližu odgovarajuću deponiju, kao i svi troškovi istovara i korištenja odgovarajuće deponije. | C40: m' | D40: 33.5
A41: 3.19. | B41: Demontaža i vađenje opšava vanjskih prozorskih klupčica. Kompletna demontaža uračunata u cijenu stavke, kao i upotreba radne skele. U cijenu stavke uračunat utovar i odvoz razgrađenog materijala (razvrstanog po vrstama) na najbližu odgovarajuću deponiju, kao i svi troškovi istovara i korištenja odgovarajuće deponije. a) prozorske klupčice na nivou prizemlja, rad na visini do 2,0 m' | C41: m' | D41: 29
A42: 3.20. | B42: Demontaža i vađenje vanjske stolarije na nivou prizemlja - dvostrukih dvokrilnih zaokretnih ostakljenih prozora i doprozornika na pročeljima. Kompletna demontaža uračunata u cijenu stavke, kao i upotreba radne skele. U cijenu stavke uračunat utovar i odvoz razgrađenog materijala (razvrstanog po vrstama) na najbližu odgovarajuću deponiju, kao i svi troškovi istovara i korištenja odgovarajuće deponije.
B43: a) dvostruki prozor vanjskih dim. 130×193 cm | C43: kom | D43: 17
B44: b) dvostruki prozor vanjskih dim. 134×77 cm | C44: kom | D44: 3
A45: 3.21. | B45: Demontaža i vađenje vanjske stolarije na nivou prizemlja i potkrovlja - jednostrukih zaokretnih ostakljenih prozora na pročeljima. Kompletna demontaža uračunata u cijenu stavke, kao i upotreba radne skele. U cijenu stavke uračunat utovar i odvoz razgrađenog materijala (razvrstanog po vrstama) na najbližu odgovarajuću deponiju, kao i svi troškovi istovara i korištenja odgovarajuće deponije.
B46: a) jednostruki prozor vanjskih dim. 72×77 cm - prizemlje | C46: kom | D46: 1
B47: b) jednostruki prozor vanjskih dim. 73×77 cm - prizemlje | C47: kom | D47: 1
B48: c) jednostruki prozor vanjskih dim. 60×60 cm - potkrovlje | C48: kom | D48: 2
A49: 3.22. | B49: Demontaža i vađenje unutarnjih prozorskih klupčica. Kompletna demontaža uračunata u cijenu stavke, kao i upotreba radne skele. U cijenu stavke uračunat utovar i odvoz razgrađenog materijala (razvrstanog po vrstama) na najbližu odgovarajuću deponiju, kao i svi troškovi istovara i korištenja odgovarajuće deponije. a) prozorske klupčice na nivou prizemlja, rad na visini do 3,0 m' | C49: m' | D49: 30.4
A50: 3.23. | B50: Demontaža i vađenje vanjskih vrata s staklenom stijenom i dvokrilnih vrata zajedno s dovratnicima. Kompletna demontaža uračunata u stavci, kao i upotreba odgovarajuće skele. U cijenu stavke uračunat utovar i odvoz razgrađenog materijala (razvrstanog po vrstama) na najbližu odgovarajuću deponiju, kao i svi troškovi istovara i korištenja odgovarajuće deponije.
B51: a) vrata sa staklenom stijenom vel. 294(321)/223 | C51: kom | D51: 1
A52: 3.24. | B52: Demontaža i vađenje unutarnje stolarije (vrata) zajedno sa dovratnicima iz zidova. Kompletna demontaža uračunata u cijeni stavke, kao i upotreba odgovarajuće radne skele i sva potrebna osiguranja građevine kao cjeline i dijelova vezanih za ovu razgradnju. U cijenu stavke uračunat utovar i odvoz razgrađenog materijala (razvrstanog po vrstama) na najbližu odgovarajuću deponiju, kao i svi troškovi istovara i korištenja odgovarajuće deponije.
B53: a) jednokrilna (nivo prizemlja) | C53: kom | D53: 11
B54: b) dvokrilna (nivo prizemlja) | C54: kom | D54: 1
A55: 3.25. | B55: Razbijanje poda sa završnom oblogom od keramičkih pločica, sve do sloja šljunka, nivo prizemlja. Pretpostavljeni slojevi debljine do 70 cm kako slijedi: - keramičke pločice - cementna glazura - gornja betonska podloga - hidroizolacija - donja betonska podloga - nasip šljunka U stavci uključeno planiranje zemljane podloge s točnošću ± 2,0 cm nakon demontaže slojeva. Kompletna demontaža uračunata u stavci. U cijenu stavke uračunat utovar i odvoz razgrađenog materijala (razvrstanog po vrstama) na najbližu odgovarajuću deponiju, kao i svi troškovi istovara i korištenja odgovarajuće deponije. | C55: m2 | D55: 23.5
A56: 3.26. | B56: Razbijanje poda sa završnom oblogom od linoleuma, sve do sloja šljunka, nivo prizemlja. Pretpostavljeni slojevi debljine do 70 cm kako slijedi: - linoleum - cementna glazura - gornja betonska podloga - hidroizolacija - donja betonska podloga - nasip šljunka U stavci uključeno planiranje zemljane podloge s točnošću ± 2,0 cm nakon demontaže slojeva. Kompletna demontaža uračunata u stavci. U cijenu stavke uračunat utovar i odvoz razgrađenog materijala (razvrstanog po vrstama) na najbližu odgovarajuću deponiju, kao i svi troškovi istovara i korištenja odgovarajuće deponije. | C56: m2 | D56: 19.1
A57: 3.27. | B57: Razbijanje poda sa završnom oblogom od betona (betonski pod), sve do sloja šljunka, nivo prizemlja. Pretpostavljeni slojevi debljine do 70 cm kako slijedi: - cementna glazura - gornja betonska podloga - hidroizolacija - donja betonska podloga - nasip šljunka U stavci uključeno planiranje zemljane podloge s točnošću ± 2,0 cm nakon demontaže slojeva. Kompletna demontaža uračunata u stavci. U cijenu stavke uračunat utovar i odvoz razgrađenog materijala (razvrstanog po vrstama) na najbližu odgovarajuću deponiju, kao i svi troškovi istovara i korištenja odgovarajuće deponije. | C57: m2 | D57: 101.4
A58: 3.28. | B58: Razbijanje poda sa završnom oblogom od parketa, sve do sloja šljunka, nivo prizemlja. Pretpostavljeni slojevi debljine do 70 cm kako slijedi: - parket - slijepi pod - gornja betonska podloga - hidroizolacija - donja betonska podloga - nasip šljunka U stavci uključeno planiranje zemljane podloge s točnošću ± 2,0 cm nakon demontaže slojeva. Kompletna demontaža uračunata u stavci. U cijenu stavke uračunat utovar i odvoz razgrađenog materijala (razvrstanog po vrstama) na najbližu odgovarajuću deponiju, kao i svi troškovi istovara i korištenja odgovarajuće deponije. | C58: m2 | D58: 386.4
A59: 3.29. | B59: Kompletna demontaža svih sanitarnih uređaja, što uključuje i demontažu svih postojećih cijevi kanalizacije i vodoopskrbe. U cijenu stavke uključena izrada šliceva za vađenje postojećih cijevi kanalizacije, kao i sav potreban rad i materijal te upotreba odgovarajuće skele. U cijenu stavke uračunata utovar i odvoz razgrađenog materijala (razvrstanog po vrstama) na najbližu odgovarajuću deponiju, kao i svi troškovi istovara i korištenja odgovarajuće deponije.
B60: a) umivaonik (nivo prizemlja) | C60: kom | D60: 4
B61: b) WC školjka (nivo prizemlja) | C61: kom | D61: 6
A62: 3.30. | B62: Rušenje unutarnjih pregrada u sanitarnim prostorima, debljine do 7 cm, visine do 2,5 m'. Kompletna demontaža uračunata u stavci, kao i upotreba odgovarajuće skele i sva potrebna osiguranja građevine kao cjeline i dijelova vezanih za ovu razgradnju. U cijenu stavke uračunat utovar i odvoz razgrađenog materijala (razvrstanog po vrstama) na najbližu odgovarajuću deponiju, kao i svi troškovi istovara i korištenja odgovarajuće deponije. | C62: m2 | D62: 25.4
A63: 3.31. | B63: Skidanje obloge od keramičkih pločica postavljenih u cementnom mortu sa zidova. Opločenje do visine 3,0 m. Kompletna demontaža uračunata u stavci, kao i upotreba odgovarajuće skele. U cijenu stavke uračunat utovar i odvoz razgrađenog materijala (razvrstanog po vrstama) na najbližu odgovarajuću deponiju, kao i svi troškovi istovara i korištenja odgovarajuće deponije. | C63: m2 | D63: 100
A64: 3.32. | B64: Rušenje zidova debljine 7-80 cm, visine do 5 m'. Rušenje vršiti pažljivo na dijelu gdje se zadržava dio postojeće konstrukcije. Kompletna demontaža uračunata u stavci, kao i upotreba odgovarajuće skele i sva potrebna osiguranja građevine kao cjeline i dijelova vezanih za ovu razgradnju. U cijenu stavke uračunat utovar i odvoz razgrađenog materijala (razvrstanog po vrstama) na najbližu odgovarajuću deponiju, kao i svi troškovi istovara i korištenja odgovarajuće deponije. | C64: m3 | D64: 43.2
A65: 3.33. | B65: Rušenje dimnjaka i ventilacijskih kanala dimenzija dužine od 25 do 80 cm i širine od 23 cm do 80 cm, visine do 7 m. Rušenje vršiti pažljivo na dijelu gdje se zadržava dio postojeće konstrukcije. Kompletna demontaža uračunata u stavci, kao i upotreba odgovarajuće skele i sva potrebna osiguranja građevine kao cjeline i dijelova vezanih za ovu razgradnju. U cijenu stavke uračunat utovar i odvoz razgrađenog materijala (razvrstanog po vrstama) na najbližu odgovarajuću deponiju, kao i svi troškovi istovara i korištenja odgovarajuće deponije. | C65: kom | D65: 14
A66: 3.34. | B66: Bušenje radi proširenja u zidovima od opeke zidane vapnenim mortom. Uključena sva potrebna podupiranja i osiguranje nosive konstrukcije kao i upotreba odgovarajuće skele. U cijenu stavke uračunat utovar i odvoz razgrađenog materijala (razvrstanog po vrstama) na najbližu odgovarajuću deponiju, kao i svi troškovi istovara i korištenja odgovarajuće deponije.
B67: a) zidovi debljine 43 cm | C67: m3 | D67: 4.8
B68: b) zidovi debljine 32 cm | C68: m3 | D68: 9.8
A69: 3.35. | B69: Izvedba vertikalnih i horizontalnih usjeka - ležajeva u fasadnim zidovima od opeke radi izvedbe novih betonskih serklaža i nadvoja. Uključena sva potrebna podupiranja i osiguranje nosive konstrukcije kao i upotreba odgovarajuće skele. U cijenu stavke uračunat utovar i odvoz razgrađenog materijala (razvrstanog po vrstama) na najbližu odgovarajuću deponiju, kao i svi troškovi istovara i korištenja odgovarajuće deponije. | C69: m3 | D69: 30.5
A70: 3.36. | B70: Otucanje preostale žbuke fasade prizemlja, zidovi od opeke. U stavci uračunata upotreba radne skele. Stavka uključuje i skidanje keramičkih pločica sa zidova gdje je ista postavljena. U cijenu stavke uračunat utovar i odvoz razgrađenog materijala (razvrstanog po vrstama) na najbližu odgovarajuću deponiju, kao i svi troškovi istovara i korištenja odgovarajuće deponije. | C70: m2 | D70: 499 | E70: 27 | F70: =E70*D70
A71: 3.37. | B71: Čišćenje reški fasade prizemlja, do dubine od 5 cm u zidu od opeke sa temeljitim otprašivanjem i ispiranjem, sve uz upotrebu odgovarajuće skele. Uključeno čišćenje spojnica sa otprašivanjem. U cijenu stavke uračunat utovar i odvoz razgrađenog materijala (razvrstanog po vrstama) na najbližu odgovarajuću deponiju, kao i svi troškovi istovara i korištenja odgovarajuće deponije. | C71: m2 | D71: 499
A72: 3.38. | B72: Otucanje preostale žbuke sa zidova prostorija prizemlja, zidovi od opeke. U stavci uračunata upotreba radne skele. Stavka uključuje i skidanje keramičkih pločica sa zidova gdje je ista postavljena. U cijenu stavke uračunat utovar i odvoz razgrađenog materijala (razvrstanog po vrstama) na najbližu odgovarajuću deponiju, kao i svi troškovi istovara i korištenja odgovarajuće deponije. | C72: m2 | D72: 1109.6 | E72: 27 | F72: =E72*D72
A73: 3.39. | B73: Čišćenje reški sa zidova prostorija prizemlja, do dubine od 5 cm u zidu od opeke sa temeljitim otprašivanjem i ispiranjem, sve uz upotrebu odgovarajuće skele. Uključeno čišćenje spojnica sa otprašivanjem. U cijenu stavke uračunat utovar i odvoz razgrađenog materijala (razvrstanog po vrstama) na najbližu odgovarajuću deponiju, kao i svi troškovi istovara i korištenja odgovarajuće deponije. | C73: m2 | D73: 1109.6
A74: 3.40. | B74: Otucanje žbuke sa stropa prizemlja. Stavka uključuje i skidanje trstike na mjestima gdje ista postoji. Kompletna demontaža uračunata u stavci, kao i upotreba odgovarajuće skele i sva potrebna osiguranja građevine kao cjeline i dijelova vezanih za ovu razgradnju. U cijenu stavke uračunat utovar i odvoz razgrađenog materijala (razvrstanog po vrstama) na najbližu odgovarajuću deponiju, kao i svi troškovi istovara i korištenja odgovarajuće deponije. | C74: m2 | D74: 570.7 | E74: 30 | F74: =E74*D74
A75: 3.41. | B75: Probijanje otvora u zidovima radi ugradnje instalacijskih vodova. Otvori su veličine do 30/30 cm. U cijenu stavke uračunat utovar i odvoz razgrađenog materijala (razvrstanog po vrstama) na najbliže odgovarajuće deponije, kao i svi troškovi istovara i korištenja odgovarajuće deponije.
B76: a) probijanje otvora u zidu od opeke d = 38 cm | C76: kom | D76: 20
B77: b) probijanje otvora u zidu od opeke d = 25 cm | C77: kom | D77: 21
B78: c) probijanje otvora u zidu od opeke d = 20 cm | C78: kom | D78: 5
A79: 3.42. | B79: Štemanje šliceva u zidu od opeke za izvedbu instalacija. Šlicevi su širine 40 cm i dubine do 10 cm. U cijenu stavke uračunat utovar i odvoz razgrađenog materijala (razvrstanog po vrstama) na najbliže odgovarajuće deponije, kao i svi troškovi istovara i korištenja odgovarajuće deponije. | C79: m' | D79: 348
A80: 3.43. | B80: Izvedba vertikalnih usjeka - ležajeva u postojećim temeljima radi izvedbe ležaja (spoja) novih trakastih AB temelja sa postojećim do dubine 1,20 m. Uključena sva potrebna podupiranja i osiguranje nosive konstrukcije kao i upotreba odgovarajuće skele. U cijenu stavke uračunat utovar i odvoz razgrađenog materijala (razvrstanog po vrstama) na najbližu odgovarajuću deponiju, kao i svi troškovi istovara i korištenja odgovarajuće deponije. | C80: m3 | D80: 3
A81: 3.44. | B81: Razna sitna rušenja, razgradnje i demontaže. U cijenu stavke uračunat utovar i odvoz razgrađenog materijala (razvrstanog po vrstama) na najbližu odgovarajuću deponiju, kao i svi troškovi istovara i korištenja odgovarajuće deponije. Priznat će se stvaran broj sati koji je upisan u građevinsku knjigu i ovjeren po nadzornom inženjeru.
B82: a) NKV | C82: sati | D82: 50
B83: b) PKV | C83: sati | D83: 30
B84: c) KV | C84: sati | D84: 20
B85: d) VKV | C85: sati | D85: 20
A86: 3.45. | B86: Demontaža rasvjete postavljene na pročelju. U cijenu stavke uključeno i odpajanje rasvjetnih tijela od strane ovlaštene osobe, kao i upotreba odgovarajuće skele. Rasvjetna tijela potrebno je deponirati na gradilišnu deponiju gdje će se adekvatno skladištiti do njegove ponovne montaže, uključeno u stavci. U cijenu stavke uključeno i skidanje nosača. | C86: kom | D86: 1
B87: 3. Rušenje i razgradnja ukupno: | F87: =SUM(F70:F74)
A89: 4. | B89: RADOVI NA SANACIJI I OJAČAVANJU TEMELJA
A90: 4.1. | B90: Prije početka radova na sanaciji i ojačanju temelja potrebno je otvoriti okna dimenzija širine 1 - 1,5 m, duljine 1 - 1,5m dubine do 4,5 m, uključivo potrebna osiguranja iskopa isto se izvodi radi provjere pretpostavljene dubine temeljenja. Nadalje radi provjere pretpostavljene vrste materijala kao i radi utvrđivanja općeg stanja temelja. Stavka uključuje sav rad, alat i materijal potreban za izvedbu ove kontrole. | C90: kom | D90: 4
A91: 4.2. | B91: Detaljno geodetsko snimanje postojećih dubina temelja, kao i izradu pratećeg geodetskog nacrta. Stavka uključuje sav rad sve do potpune gotovosti. | C91: kpl | D91: 1
A92: 4.3. | B92: Izvedba rova za nove trakaste temelje unutar postojećih, širine 1,0 m prema projektu statike. Radovi obuhvaćaju sljedeće: - iskop zemljanog materijala dubine do 1,20 m odnosno do kote potrebne za izvedbu ove stavke. Stavka uključuje sav rad i materijal osnovni i pomoćni, sve do potpune gotovosti. U stavci uključeno osiguranje iskopa (vertikalno zasjecanje strana iskopa), te odvoz iskopanog materijala na predviđenu gradilišnu deponiju poradi ponovne uporabe iskopanog materijala za nasipavanje. Obračun po m³ u sraslom stanju. | C92: m3 | D92: 39.6
B93: OJAČANJE TEMELJA SA UNUTARNJE STRANE GRAĐEVINE - RADOVE IZVESTI KAMPADNO
A94: 4.4. | B94: Priprema svih površina za izvedbu sanacije i ojačanja temelja uključujući i površine spoja između starog i novbog temelja. Podloga mora biti suha, odmašćena, nosiva i bez slabovezanih ili trusnih dijelova. Stavka uključuje strojnu pripremu i završno čišćenje podloge npr. visokotlačnim pranjem prije početka izvedbe na ojačanju temelja. Obračun po m² izvedene pripreme podloge. | C94: m2 | D94: 364.2
A95: 4.5. | B95: Ojačanje postojećih temelja AB uzdužnim i poprečnim temeljnim trakama 30/100 cm i poprečnim AB temeljnim trakama 50/100 cm. Povezivanje novih temeljnih traka vršiti bušenjem rupa Ø 60 i ugradba armaturnih šipki Ø 20 dužine 3 m. Ukoliko se prilikom iskopa utvrdi da su postojeći temelji u rastresitom stanju potrebno je podbetoniravanje postojećih temelja u suradnji i s prijedlogom dobivenog od nadzornog inženjera. Stavka uključuje sav rad i potreban materijal za izvedbu radova do potpune gotovosti, dodatak za vodonepropusnost te sva potrebna podupiranja, a sve je potrebno izvesti prema nacrtima, statičkom računu i pravilima struke.
A96: a) | B96: betoniranje uzdužnih i poprečnih temeljnih traka dim 30/100 cm tlačnim betonom C 30/37, razreda izloženosti XC2, veliki presjek | C96: m3 | D96: 110.21
A97: b) | B97: izvedba rupa Ø 60 | C97: kom | D97: 1082
A98: c) | B98: betoniranje novih poprečnih temeljnih traka dim. 60/175 cm tlačnim betonom C30/37, razreda izloženosti XC2, veliki presjek | C98: m3 | D98: 12.8
A99: d) | B99: oplata | C99: m2 | D99: 413.9
A100: e) | B100: armatura | C100: kg | D100: 22014
B101: 4. Radovi na sanaciji temelja ukupno:
A103: 5. | B103: ZEMLJANI RADOVI
A104: 5.1. | B104: Površinski iskop humusnog zemljišta za otkop oko zgrade prosječne dubine 30 cm, širine 400 cm, te odvoz iskopang materijala na gradsku deponiju. Obračun po m³ u sraslom stanju. | C104: m3 | D104: 155.1
A105: 5.2. | B105: Iskop tla C kategorije za rov oko zgrade, dubine do 1,20 m, a širine 1,00 m. U stavci uključeno osiguranje iskopa (vertikalno zasjecanje strana iskopa), te odvoz iskopanog materijala na predviđenu gradilišnu deponiju poradi ponovne uporabe iskopanog materijala za nasipavanje. Obračun po m³ u sraslom stanju. Stavka uključuje sav rad i materijal osnovni i pomoćni, sve do potpune gotovosti. Obračun po m³ u sraslom stanju. | C105: m3 | D105: 155.1
A106: 5.3. | B106: Planiranje dna iskopa za izvedbu novih trakastih temelja i proširenja postojećih temelja. Planira se s točnošću ±2 cm s prosječnim ručnim otkopom 0,05 m3/m2, te ručnim odbacivanjem iskopanog materijala. U cijenu stavke uračunat utovar i odvoz viška te odvoz iskopanog materijalate na gradsku deponiju. Obračun po m² površine dna. | C106: m2 | D106: 354.5
A107: 5.4. | B107: Planiranje dna iskopa za rov oko zgrade širine 1,00 m. Planira se s točnošću ±2 cm s prosječnim ručnim otkopom 0,05 m3/m2, te ručnim odbacivanjem iskopanog materijala. U cijenu stavke uračunat utovar i odvoz viška iskopanog materijala na predviđenu gradilišnu deponiju poradi ponovne uporabe iskopanog materijala za nasipavanje. Obračun po m² površine dna. | C107: m2 | D107: 127.6
...

Sheet Zgrada 20
A1: stavka | B1: opis stavke | C1: jedin. mjere | D1: količina | E1: jedinična cijena (euro)
A3: VI. | B3: ZGRADA 20
A5: A. | B5: GRAĐEVINSKO-OBRNIČKI RADOVI
A7: 1. | B7: SKELA
A8: 1.1. | B8: Dobava, postava, skidanje i otprema cijevne fasadne skele, od bešavnih cijevi. Skelu izvesti prema važećim HTZ propisima. Skelu je potrebno osigurati od prevrtanja, sidrennjem u građevinu, a od udara munje uzemljenjem. Potrebno je izvesti pomične željezne ili drvene ljestve – penjalice u svrhu osiguranja vertikalne komunikacije po skeli. Prije izvedbe skele izvođač je dužan izraditi projekt skele, što je u cijeni stavke. Obračun se vrši po m² vertikalne projekcije površine skele. Stavka uključuje rad i materijal osnovni i pomoćni, sve do potpune funkcionalnosti. | C8: m2 | D8: 777.5
B9: 1. Skela ukupno:
A11: 2. | B11: PRIPREMNI RADOVI
A12: 2.1. | B12: Geodetsko praćenje, iskolčenje građevine, trase svih instalacija, šahtova, upločenje uz građevinu, nanošenje svih potrebnih geodetskih visina unutar i oko građevine, izrada elabotrata iskolčenja, snimanja izvedenih instalacija i geodetski elaborat za potrebe katastra. | C12: kpl | D12: 1
A13: 2.2. | B13: Ispitivanje zrakopropusnosti ovojnice zgrade prema HRN EN ISO 9972-2015 ili jednakovrijednoj, te u skladu sa važećim zahtjevima Tehničkog propisa o racionalnoj uporabi energije i toplinskoj zaštiti zgrada. Ispitivanje se vrši dva puta: prvi puta nakon ugradnje i brtvljenja otvora, ugradnje strojarskih instalacija, ožičenja električnih instalacija, žbukanja zidova i zatvaranja vanjske ovojnice zgrade parnom branom, drugi puta nakon završetka svih radova, a prije tehničkog pregleda zgrade. Ispitivanje se vrši blower-door testom uz otkrivanje mjesta propuštanja zraka termografskim snimanjem, anemometrom ili metodom suhog dima. Prilikom ispitivanja, za razliku tlakova između unutarnjeg i vanjskog zraka od 50 Pa, izmjereni protok zraka, sveden na obujam unutarnjeg zraka ne smije biti veći od vrijednosti n50 = 1,5 h-1 (kod zgrada s mehaničkim uređajem za ventilaciju). Prije ispitivanja, naručitelj treba provesti brtvljenje svih prodora kroz zrakonepropusnu ovojnicu poput kanalizacijskih odvoda, ventilacijskih kanala, kablova od struje, itd. Ispitivanje se ponavlja nakon brtvljenja eventualnih mjesta propuštanja zraka dok se ne zadovolji vrijednost n50 =< 1,5 h-1. Postupak se ponavlja dok vanjska ovojnice ne postigne odgovarajuću zrakonepropusnost. Obračun prema netto grijanom volumenu zgrade. Termografsko ispitivanje provodi certificirana osoba. | C13: m2 | D13: 1931.5
A14: 2.3. | B14: Čišćenje terena od raslinja oko građevine, siječenje i skupljanje. U stavku uključeno uklanjanje smeća, prepreka, drveća, i sl., košenja trave i korova, te utovar i odvoz otpadnog materijala na gradsku deponiju, uključeno u cijeni stavke. | C14: m2 | D14: 272
A15: 2.4. | B15: Pažljivo skidanje, siječenje i skupljane zelenila (bršljana) koje je obuhvatilo pročelje. Primjenjuje se sigurnosna tehnologija rušenja uz rad s ljestvi i rezanjem odozgo prema dolje (sa kontroliranim spuštanjem). Sve sasječene dijelove potrebno je utovariti i odvesti na za to najbližu odgovarajuću deponiju, uključeno u cijenu stavke. | C15: m2 | D15: 305
B16: 2. Pripremni radovi ukupno:
A18: 3. | B18: RUŠENJE I RAZGRADNJA
A19: 3.1. | B19: Kompletna demontaža svih elektroinstalacija jake i slabe struje nadžbukni i podžbukni dio, što uključuje sve utičnice, prekidače, rasvjetna tijela, elektro ormare, kutije s osiguračina, kablove, nosače projektora i projektore, pametne ploče, zvučnike, zvono, videonadzor, pemetne tv i slično, sve u potpunoj gotovosti. U cijenu stavke uključena izrada šliceva za vađenje postojećih elektroinstalacija, kao i sav potreban rad i materijal te upotreba odgovarajuće skele. U cijenu stavke uračunat utovar i odvoz razgrađenog materijala (razvrstanog po vrstama) na najbližu odgovarajuću deponiju, kao i svi troškovi istovara i korištenja odgovarajuće deponije. | C19: kpl | D19: 1
A20: 3.2. | B20: Otpajanja elektroenergetskog priključka građevine prije početka svih rušenja. Radove izvodi za to ovlaštena osoba. Stavka uključuje sav rad i materijal, kao i upotrebu odgovarajuće skele. Postava gradilišnih GRO. | C20: kom | D20: 1
A21: 3.3. | B21: Kompletna demontaža svih strojarskih instalacija, što uključuje demontažu svih radijatora, cijevnog razvoda grijanja i slično, sve u potpunoj gotovosti. U cijenu stavke uključena izrada šliceva i potrebnih prodora za vađenje postojećih instalacija, kao i sav potreban rad i materijal te upotreba odgovarajuće skele. U cijenu stavke uračunat utovar i odvoz razgrađenog materijala (razvrstanog po vrstama) na najbližu odgovarajuću deponiju, kao i svi troškovi istovara i korištenja odgovarajuće deponije. | C21: kpl | D21: 1
A22: 3.4. | B22: Kompletna demontaža priključnog vanjskog cjevnog razvoda grijanja i nosive konstrukcije razvoda od čeličnih cijevi, sve u potpunoj gotovosti. Primjenjuje se sigurnosna tehnologija rušenja uz rad na pokretnoj hidrauličnoj podiznoj platformi, rezanjem na manje segmente i kontroliranim spuštanjem. Sve sasječene dijelove potrebno je utovariti i odvesti na za to najbližu odgovarajuću deponiju, uključeno u cijenu stavke. | C22: kpl | D22: 1
A23: 3.5. | B23: Skidanje pokrova od valovitih salonitnih azbesnih ploča krovišta (građevina i nadstrešnica). Stavka uključuje i sljemenjake. Skidanje se izvodi na način da ne dođe do oštećenja i loma ploča koje se moraju slagati na palete i omotati folijom, a polomljeni komadi se moraju posebno prikupiti u spremnike ili vreće u kojima se završni sloj prekriva zemljom kako bi se spriječilo eventualno širenje prašine. Pokrovne salonitne ploče nikako nije dozvoljeno prilikom skidanja bacati s krova već ih je potrebno pažljivo spustiti i složiti na mjesto pristupačno za prijevoz. Za vrijeme skidanja ploča potrebno je ploče prskati vodom i upotrebljavati zaštitnu opremu, te krovnu konstrukciju usisati jer se upravo na krovnoj građi nakupilo dosta prašine koju čovjek može udahnuti. Svako lomljenje, rezanje ili brušenje je najstrože zabranjeno, a mjesto privremenog odlaganja prije odvoza na zbrinjavanje potrebno je ograditi ceradom i smanjiti utjecaj vjetra na prikupljeni otpad. Prilikom rada sa salonitnim pločama obavezno je primjena osobnih zaštitnih sredstva (maske, rukavice, zaštitna odjeća i dr.).
B24: Kompletna opisana demontaža pokrova uračunata u cijeni stavke, kao i odlaganje pokrova na gradilišnu deponiju za čuvanje materijala te zbrinjavanje prema posebnoj Uputi i u skladu s važećim propisima. U stavci uračunata upotreba radne skele i sva potrebna osiguranja. U cijenu stavke uračunat utovar i odvoz na odlagalište kod ovlaštenog pravnog subjekta za zbrinjavanje navedenog otpada kao i svi troškovi istovara i korištenja odgovarajuće deponije. Za obračun uzeta površina po kosini. Nakon čišćenja gradilišta i okoliša od azbesta može se pristupiti gradnji novog objekta. | C24: m2 | D24: 708
A25: 3.6. | B25: Demontaža letava za pokrov valovitim salonitnim azbesnim pločama krovišta građevine. Kompletna demontaža uračunata u cijeni stavke, kao i upotreba odgovarajuće radne skele i sva potrebna osiguranja građevine kao cjeline i dijelova vezanih za ovu razgradnju te svu zaštitu za sigurnost (oprema) i postupke prilikom skidanja (otprašivanje usisavanjem, kvašenje,...) prema opisu u stavci 3.5. U cijenu stavke uračunat utovar i odvoz razgrađenog materijala (razvrstanog po vrstama) na najbližu odgovarajuću deponiju, kao i svi troškovi istovara i korištenja odgovarajuće deponije. Obračun po m² kose krovne površine. | C25: m2 | D25: 708
A26: 3.7. | B26: Demontaža gornje daščane oplate krovišta zgrade. Kompletna demontaža uračunata u cijeni stavke, kao i upotreba odgovarajuće skele i sva potrebna osiguranja građevine kao cjeline i dijelova vezanih za ovu razgradnju te sva zaštita za sigurnost (oprema) i postupke prilikom skidanja (otprašivanje usisavanjem, kvašenje,...) prema opisu u stavci 3.5. U cijenu stavke uračunat utovar i odvoz razgrađenog materijala (razvrstanog po vrstama) na najbližu odgovarajuću deponiju, kao i svi troškovi istovara i korištenja odgovarajuće deponije. Obračun po m² kose krovne površine. | C26: m2 | D26: 708
A27: 3.8. | B27: Demontaža drvene nosive konstrukcije radi zamjene novih istovjetnih elemenata - rogova. Kompletna demontaža uračunata u cijeni stavke, kao i upotreba odgovarajuće radne skele i sva potrebna osiguranja građevine kao cjeline i dijelova vezanih za ovu razgradnju te sva zaštita za sigurnost (oprema) i postupke prilikom skidanja (otprašivanje usisavanjem, kvašenje,...) prema opisu u stavci 3.5. U cijenu stavke uračunat utovar i odvoz razgrađenog materijala (razvrstanog po vrstama) na najbližu odgovarajuću deponiju, kao i svi troškovi istovara i korištenja odgovarajuće deponije. | C27: kom | D27: 132
A28: 3.9. | B28: Demontaža postojeće nosive drvene konstrukcije krovišta izvedeno na rasponu od 15 m, izvedene od drvenog rešetkastog nosača na rasponu od 4 m, čine ga gornji pojas nosača koji prati kosinu krova, donji pojas nosača izveden s dvije međusobno spojene daske te ispuna kosnicima. Obračun po projekciji na tlocrt. | C28: m2 | D28: 45
A29: 3.10. | B29: Demontaža i vađenje slojeva poda potkrovlja do nosive konstrukcije od grednika koji uključuju predpostavljene slojeve (ukupne debljine do 25 cm) kako slijedi: - izravnavajući sloj - slijepi pod - letve - nasip šute Kompletna demontaža uračunata u stavci, kao i sva potrebna osiguranja građevine kao cjeline i dijelova vezanih za ovu razgradnju. te sva zaštita za sigurnost (oprema) i postupke prilikom skidanja (otprašivanje usisavanjem, kvašenje,...) prema opisu u stavci 3.5. U cijenu stavke uračunat utovar i odvoz razgrađenog materijala (razvrstanog po vrstama) na najbližu odgovarajuću deponiju, kao i svi troškovi istovara i korištenja odgovarajuće deponije. | C29: m2 | D29: 444.4
A30: 3.11. | B30: Demontaža daščanog grednika (veznih greda) poda krovišta zgrade. Kompletna demontaža uračunata u cijeni stavke, kao i upotreba odgovarajuće skele i sva potrebna osiguranja građevine kao cjeline i dijelova vezanih za ovu razgradnju te sva zaštita za sigurnost (oprema) i postupke prilikom skidanja (otprašivanje usisavanjem, kvašenje,...) prema opisu u stavci 3.4. U cijenu stavke uračunat utovar i odvoz razgrađenog materijala (razvrstanog po vrstama) na najbližu odgovarajuću deponiju, kao i svi troškovi istovara i korištenja odgovarajuće deponije. | C30: kom | D30: 58
A31: 3.12. | B31: Demontaža daščane oplate postavljene ispod daščanog drvenog grednika stropa prizemlja. Kompletna demontaža uračunata u cijeni stavke, kao i upotreba odgovarajuće skele i sva potrebna osiguranja građevine kao cjeline i dijelova vezanih za ovu razgradnju te sva zaštita za sigurnost (oprema) i postupke prilikom skidanja (otprašivanje usisavanjem, kvašenje,...) prema opisu u stavci 3.4. U cijenu stavke uračunat utovar i odvoz razgrađenog materijala (razvrstanog po vrstama) na najbližu odgovarajuću deponiju, kao i svi troškovi istovara i korištenja odgovarajuće deponije. | C31: m2 | D31: 531
A32: 3.13. | B32: Demontaža opšava završetka krovnog vijenca. Kompletna demontaža uračunata u cijeni stavke, kao i upotreba odgovarajuće radne skele i sva potrebna osiguranja građevine kao cjeline i dijelova vezanih za ovu razgradnju te svu zaštitu za sigurnost (oprema) i postupke prilikom skidanja (otprašivanje usisavanjem, kvašenje,...) prema opisu u stavci 3.4. Nakon demontaže opšava ogledni uzorak demontiranog elementa ostaviti na gradilišnoj deponiji da posluži kao uzorak za izradu istovjetnog novog opšava, svi troškovi vezani za deponiranje istog uključeni su u stavku. U cijenu stavke uračunat utovar i odvoz razgrađenog materijala (razvrstanog po vrstama) na najbližu odgovarajuću deponiju, kao i svi troškovi istovara i korištenja odgovarajuće deponije. | C32: m' | D32: 133
A33: 3.14. | B33: Demontaža gromobranskih instalacija sa krova i pročelja, izvedenih od pocinčanih traka. Uključivo demontažu pričvrsnica i spojnica. Stavka uključuje upotrebu radne skele i sva potrebna osiguranja građevine kao cjeline i dijelova vezanih za ovu razgradnju te svu zaštitu za sigurnost (oprema) i postupke prilikom skidanja (otprašivanje usisavanjem, kvašenje,...) prema opisu u stavci 3.4. U cijenu stavke uračunat utovar i odvoz razgrađenog materijala (razvrstanog po vrstama) na najbližu odgovarajuću deponiju, kao i svi troškovi istovara i korištenja odgovarajuće deponije. | C33: m' | D33: 207.6
A34: 3.15. | B34: Demontaža opšava dimnjaka, ventilacija i odzračnih vertikala, prodora krovnih ploha limom. U stavci uključena demontaža svog pričvrsnog i pomoćnog materijala. Stavka uključuje upotrebu radne skele i sva potrebna osiguranja građevine kao cjeline i dijelova vezanih za ovu razgradnju te svu zaštitu za sigurnost (oprema) i postupke prilikom skidanja (otprašivanje usisavanjem, kvašenje,...) prema opisu u stavci 3.4. U cijenu stavke uračunat utovar i odvoz razgrađenog materijala (razvrstanog po vrstama) na najbližu odgovarajuću deponiju, kao i svi troškovi istovara i korištenja odgovarajuće deponije.
B35: a) veličine 44/44 cm | C35: kom | D35: 2
B36: b) veličine 45/45 cm | C36: kom | D36: 2
B37: c) veličine 50/50 cm | C37: kom | D37: 1
A38: 3.16. | B38: Demontaža horizontalnog visećeg oluka uključivo podložni lim sa okapnicom. Nakon demontaže potrebno je pohraniti na gradilištu 1m horizontalnog oluka koji će poslužiti kao predložak za izradu novog. Kompletna demontaža uračunata u cijeni stavke, kao i demontaža obujmica (kuka), držača oluka. Stavka uključuje upotrebu radne skele i sva potrebna osiguranja građevine kao cjeline i dijelova vezanih za ovu razgradnju te svu zaštitu za sigurnost (oprema) i postupke prilikom skidanja (otprašivanje usisavanjem, kvašenje,...) prema opisu u stavci 3.4. U cijenu stavke uračunat utovar i odvoz razgrađenog materijala (razvrstanog po vrstama) na najbližu odgovarajuću deponiju, kao i svi troškovi istovara i korištenja odgovarajuće deponije. | C38: m' | D38: 100
A39: 3.17. | B39: Demontaža spoja vertikalnog oluka sa horizontalnim (tzv. labuđi vrat). Kompletna demontaža uračunata u cijeni stavke, kao i upotreba odgovarajuće radne skele i sva potrebna osiguranja građevine kao cjeline i dijelova vezanih za ovu razgradnju te sva zaštita za sigurnost (oprema) i postupke prilikom skidanja (otprašivanje usisavanjem, kvašenje,...) prema opisu u stavci 3.4. U cijenu stavke uračunat utovar i odvoz razgrađenog materijala (razvrstanog po vrstama) na najbližu odgovarajuću deponiju, kao i svi troškovi istovara i korištenja odgovarajuće deponije. | C39: kom | D39: 6
A40: 3.18. | B40: Demontaža vertikalnih oluka. Nakon demontaže potrebno je pohraniti na gradilištu 1 m vertikalnog oluka koji će poslužiti kao predložak za izradu novog. Stavka uključuje demontažu obujmica. Kompletna demontaža uračunata u cijeni stavke, kao i upotreba radne skele i sva potrebna osiguranja građevine kao cjeline i dijelova vezanih za ovu razgradnju te sva zaštita za sigurnost (oprema) i postupke prilikom skidanja (otprašivanje usisavanjem, kvašenje,...) prema opisu u stavci 3.4. U cijenu stavke uračunat utovar i odvoz razgrađenog materijala (razvrstanog po vrstama) na najbližu odgovarajuću deponiju, kao i svi troškovi istovara i korištenja odgovarajuće deponije. | C40: m' | D40: 6
A41: 3.19. | B41: Demontaža limenog opšava zabata. Kompletna demontaža uračunata u stavci, kao i upotreba odgovarajuće skele. U cijenu stavke uračunat utovar i odvoz razgrađenog materijala (razvrstanog po vrstama) na najbližu odgovarajuću deponiju, kao i svi troškovi istovara i korištenja odgovarajuće deponije. | C41: m' | D41: 32.46
A42: 3.20. | B42: Demontaža i vađenje prozorskih rešetki na nivou prizemlja. Kompletna demontaža uračunata u cijenu stavke, kao i upotreba radne skele. U cijenu stavke uračunat utovar i odvoz razgrađenog materijala (razvrstanog po vrstama) na najbližu odgovarajuću deponiju, kao i svi troškovi istovara i korištenja odgovarajuće deponije.
B43: a) kod prozora vel. 130/194 cm | C43: kom | D43: 17
B44: b) kod prozora vel. 130/76 cm | C44: kom | D44: 1
B45: c) kod prozora vel. 134/77 cm | C45: kom | D45: 2
B46: d) kod prozora vel. 73/77 cm | C46: kom | D46: 2
A47: 3.21. | B47: Demontaža i vađenje prozorskih rešetki na nivou potkrovlja u zabatnim zidovima. Kompletna demontaža uračunata u cijenu stavke, kao i upotreba radne skele. U cijenu stavke uračunat utovar i odvoz razgrađenog materijala (razvrstanog po vrstama) na najbližu odgovarajuću deponiju, kao i svi troškovi istovara i korištenja odgovarajuće deponije. | C47: kom | D47: 2
A48: 3.22. | B48: Demontaža i vađenje rešetki na ulaznim vratima prizemlja. Kompletna demontaža uračunata u cijenu stavke, kao i upotreba radne skele. U cijenu stavke uračunat utovar i odvoz razgrađenog materijala (razvrstanog po vrstama) na najbližu odgovarajuću deponiju, kao i svi troškovi istovara i korištenja odgovarajuće deponije.
B49: a) na vratima vel. 316/223 cm | C49: kom | D49: 1
B50: b) na vratima vel. 186/220 cm | C50: kom | D50: 1
A51: 3.23. | B51: Demontaža i vađenje opšava vanjskih prozorskih klupčica. Kompletna demontaža uračunata u cijenu stavke, kao i upotreba radne skele. U cijenu stavke uračunat utovar i odvoz razgrađenog materijala (razvrstanog po vrstama) na najbližu odgovarajuću deponiju, kao i svi troškovi istovara i korištenja odgovarajuće deponije. a) prozorske klupčice na nivou prizemlja, rad na visini do 2,0 m' | C51: m' | D51: 29
A52: 3.24. | B52: Demontaža i vađenje vanjske stolarije na nivou prizemlja - dvostrukih dvokrilnih zaokretnih ostakljenih prozora i doprozornika na pročeljima. Kompletna demontaža uračunata u cijenu stavke, kao i upotreba radne skele. U cijenu stavke uračunat utovar i odvoz razgrađenog materijala (razvrstanog po vrstama) na najbližu odgovarajuću deponiju, kao i svi troškovi istovara i korištenja odgovarajuće deponije.
B53: a) dvostruki prozor vanjskih dim. 130×194 cm | C53: kom | D53: 17
B54: b) dvostruki prozor vanjskih dim. 134×77 cm | C54: kom | D54: 1
B55: c) dvostruki prozor vanjskih dim. 130×76 cm | C55: kom | D55: 1
A56: 3.25. | B56: Demontaža i vađenje vanjske stolarije na nivou prizemlja - jednostrukih zaokretnih ostakljenih prozora na pročeljima. Kompletna demontaža uračunata u cijenu stavke, kao i upotreba radne skele. U cijenu stavke uračunat utovar i odvoz razgrađenog materijala (razvrstanog po vrstama) na najbližu odgovarajuću deponiju, kao i svi troškovi istovara i korištenja odgovarajuće deponije.
B57: a) jednostruki prozor vanjskih dim. 72×77 cm | C57: kom | D57: 2
A58: 3.26. | B58: Demontaža i vađenje unutarnjih prozorskih klupčica. Kompletna demontaža uračunata u cijenu stavke, kao i upotreba radne skele. U cijenu stavke uračunat utovar i odvoz razgrađenog materijala (razvrstanog po vrstama) na najbližu odgovarajuću deponiju, kao i svi troškovi istovara i korištenja odgovarajuće deponije. a) prozorske klupčice na nivou prizemlja, rad na visini do 3,0 m' | C58: m' | D58: 29
A59: 3.27. | B59: Demontaža i vađenje vanjske stolarije na nivou potkrovlja - jednostrukih zaokretnih ostakljenih prozora na pročeljima. Kompletna demontaža uračunata u cijenu stavke, kao i upotreba radne skele. Rad na visini od 5,0-6,0 m. U cijenu stavke uračunat utovar i odvoz razgrađenog materijala (razvrstanog po vrstama) na najbližu odgovarajuću deponiju, kao i svi troškovi istovara i korištenja odgovarajuće deponije.
B60: a) jednostruki prozor vanjskih dim. 60×60 cm | C60: kom | D60: 2
A61: 3.28. | B61: Demontaža i vađenje vanjskih vrata s staklenom stijenom i dvokrilnih vrata zajedno s dovratnicima. Kompletna demontaža uračunata u stavci, kao i upotreba odgovarajuće skele. U cijenu stavke uračunat utovar i odvoz razgrađenog materijala (razvrstanog po vrstama) na najbližu odgovarajuću deponiju, kao i svi troškovi istovara i korištenja odgovarajuće deponije.
B62: a) vrata s staklenom stijenom vel. 316/250 cm | C62: kom | D62: 1
B63: b) vrata vel. 186/220 cm | C63: kom | D63: 1
A64: 3.29. | B64: Demontaža i vađenje unutarnje stolarije (vrata) zajedno sa dovratnicima iz zidova. Kompletna demontaža uračunata u cijeni stavke, kao i upotreba odgovarajuće radne skele i sva potrebna osiguranja građevine kao cjeline i dijelova vezanih za ovu razgradnju. U cijenu stavke uračunat utovar i odvoz razgrađenog materijala (razvrstanog po vrstama) na najbližu odgovarajuću deponiju, kao i svi troškovi istovara i korištenja odgovarajuće deponije.
B65: a) vrata vel. 85/199, 87/199, 89/199, 90/199, 94/199 i 95/199 cm (nivo prizemlja) | C65: kom | D65: 11
A66: 3.30. | B66: Razbijanje poda sa završnom oblogom od keramičkih pločica, sve do sloja šljunka, nivo prizemlja. Pretpostavljeni slojevi debljine do 70 cm kako slijedi: - keramičke pločice - cementna glazura - gornja betonska podloga - hidroizolacija - donja betonska podloga - nasip šljunka U stavci uključeno planiranje zemljane podloge s točnošću ± 2,0 cm nakon demontaže slojeva. Kompletna demontaža uračunata u stavci. U cijenu stavke uračunat utovar i odvoz razgrađenog materijala (razvrstanog po vrstama) na najbližu odgovarajuću deponiju, kao i svi troškovi istovara i korištenja odgovarajuće deponije. | C66: m2 | D66: 41
