Workbook

Sheet OPĆI UVJETI-NASELJE BLATO ZG
C4: TROŠKOVNIK
C6: STAMBENO - POSLOVNA GRAĐEVINA, BLATO
C9: Projektant: Ivan Vulić, dipl.ing.arh. A855
C11: OPĆI UVJETI
C12: Napomena: opći uvjeti vrijede za sve grupe radova
C14: U skladu sa odredbama čl. 209. i čl. 210. ZJN 2016 daju se sljedeće napomene koje se odnose na sve stavke ovog Troškovnika:
C16: Nacrti, tehnički opisi i troškovnik čine cjelinu projekta i što je makar jednom od njih naznačeno obveza je za ponuditelja. Sve odredbe koji su navedene u njima smatraju se sastavnim dijelom opisa svake pojedine stavke troškovnika.
C17: Ponuditelj podnošenjem ponude potvrđuje da je tehničku dokumentaciju proučio i razumio, da je izvršio provjeru usklađenosti i količina, da u njoj nema nedostataka, te da je prihvaća kao osnov za izgradnju.
C18: Nepoznavanje bilo kojeg od dijelova projekta kojeg je ponuditelj imao na uvid tijekom davanja ponude neće se prihvatiti kao razlog za naknadno povišenje jediničnih cijena ili greške u izvedbi ili produljenja roka.
C19: Ukoliko se stavkom troškovnika navodi materijal ili dr. koji nije obuhvaćen propisima, onda se ima u svemu izvesti prema uputama proizvođača, te priložiti potrebne garancije i ateste od za to ovlaštenih ustanova.
C20: Stavkama su navedene referentne završne obrade i boje.
C21: Pri radu izvoditelj obvezno treba primjenjivati zakonski propisane mjere zaštite na radu i zaštite od požara. U slučaju da se izvoditelj toga ne pridržava, može mu se zabraniti daljnji rad. Također treba pažljivo raditi uz susjedne postojeće građevine ili već izvedene radove kako ne bi prouzročio moguće štete. Eventualno izazvane štete od strane izvoditelja ili njegovog kooperanta, dužan je otkloniti o svom trošku.
... C114: Točan aritmetički izračun troškovnika je odgovornost ponuđača.

Sheet 1-GEODETSKI
B4: TROŠKOVNIK
B6: STAMBENO - POSLOVNA GRAĐEVINA, BLATO
B8: MAPA I.
B9: PROJEKT ARHITEKTURE
B10: GRAĐEVINSKO - ZANATSKI RADOVI
B12: Projektant: Ivan Vulić, dipl.ing.arh. A855
A46: r.br. | B46: OPIS | C46: jed. mj. | D46: Količina ULAZ A | E46: Količina ULAZ B | F46: Količina ULAZ C | G46: Količina ULAZ D | H46: Jedinična cijena (€) | I46: Ukupno (€)
A48: 1. | B48: GEODETSKI RADOVI
B50: Geodetski radovi podrazumijevaju iskolčenje širokog iskopa, iskolčenje građevine te kontrolu osnovnih mjera tokom izvođenja, a sve u skladu s geodetskom situacijom.
A52: 1.1 | B52: ISKOLČENJE ŠIROKOG ISKOPA
B53: Široki iskop iskolčiti uzevši u obzir prostor potreban za rad pri betoniranju obodnih zidova temelja i zidova. Pri određivanju granice iskopa u obzir uzeti nagib pokosa koji će onemogućiti odronjavanje zemlje na ivicama građevinske jame.
B54: Iskolčenje širokog iskopa | C54: sat | D54: 15 | E54: 15 | F54: 15 | G54: 15 | I54: =(D54+E54+F54+G54)*H54 -> 0
A56: 1.2 | B56: KONTROLA OSNOVNIH GABARITA
B57: Pri gradnji geodetskim instrumentima pravovremeno kontrolirati vertikalnost elemenata i osnovne pravce na fasadi objekta. Na visinu etaže dozvoljeno je odstupanje od 1 cm, a za horizontalne pravce 1cm na 10m. Geodetskim instrumentom pravovremeno kontrolirati gornju površinu AB ploča, te horizontalne ivice na fasadi. Dozvoljeno odstupanje 1cm na 10m dužine. Pod pravovremenom kontrolom podrazumijeva se kontrola vertikalnosti i horizontalnosti u fazi izrade oplate za beton.
B58: Konstrola osnovnih gabarita | C58: sat | D58: 50 | E58: 50 | F58: 50 | G58: 50 | I58: =(D58+E58+F58+G58)*H58 -> 0
A60: 1. | B60: GEODETSKI RADOVI UKUPNO | I60: =SUM(I50:I58) -> 0

Sheet 2-ZIDARSKI
A1: r.br. | B1: OPIS | C1: jed. mj. | D1: Količina ULAZ A | E1: Količina ULAZ B | F1: Količina ULAZ C | G1: Količina ULAZ D | H1: Jedinična cijena (€) | I1: Ukupno (€)
A3: 2. | B3: ZIDARSKI RADOVI
B5: Izvođenje radova zidanja, žbukanja, izradu cementnih glazura i namaza, AB estriha, te zidarske pripomoći pri izvođenju ostalih radova.
B6: Radove izvoditi prema: Tehničkim propisima za građevinske konstrukcije (NN 17/17, NN 75/20) Tehničkom propisu o građevnim proizvodima (NN 35/18, 104/19) - te normama koji primjenjeni propisi propisuju za materijale koji se ugrađuju ili njima jednakovrijednim _____________________________). Materijali sukladno: • Voda i pijesak HRN EN 1008:2002 (ili jednakovrijedno: ___________________________) HRN EN 13139:2013 (ili jednakovrijedno: ___________________________) • Cement - HRN EN 197-1:2012 (ili jednakovrijedno:___________________________) • Vapno - HRN EN 459-1:2010 (ili jednakovrijedno: __________________________)
B8: ZIDANJE
B9: Zidanja moraju biti izvedena stručno, po općim pravilima za zidanja i uz poštovanje posebnih pravila i proizvođačkih naputaka za pojedine materijale. Striktno se moraju poštovati dimenzije iz projekta.
B10: Zidanje se mora izvoditi sa pravilnim zidarskim vezovima, a preklop mora iznositi najmanje jednu četvrtinu dužine zidnog elementa, debljina ležajnica iznosi maksimalno 15 mm, a širina sudarnica od 10 mm do 15 mm. Ukoliko se zida za vrijeme zime, zidove treba zaštiti od niskih temperatura ( i mraza), a zidovi čije izvođenje nije završeno prije nastupanja nepovoljnih uvjeta (mraz) moraju se zaštititi na odgovarajući način.
B11: Svako naknadno bušenje ili izrada užljebina u zidovima zgrade koje nije bilo predviđeno projektom, može se izvoditi samo ako je prethodnim statičkim proračunom utvrđeno da nosivost zida poslije tog nije manja od propisane nosivosti.
B12: Poprečni i uzdužni zidovi moraju na spoju biti međusobno povezani zidarskim vezom, tj. za pregradne zidove treba ispustiti zupce u masivnom zidu na svaki drugi red za ½ opeke. Zidove uz vertikalni serklaž također zupčasto izvesti.
B13: Pregradne zidove ankerima / sidrima povezati za nosivu konstrukciju. Ankere postavljati u minimalno svako treći red, te po minimalno 1 na svaki m1 spoja sa stropnom pločom. Vanjske fuge ostaviti prazne od 1,5 cm do 2 cm za vezu žbuke prigodom žbukanja zidova. Za vrijeme zidanja opeku kvasiti vodom, a pri zidanju cementnim mortom opeka mora ležati u vodi neposredno prije zidanja. Reške dimnjaka i ventilacionih kanala zagladiti.
B15: MORT
B16: Mort za zidanje i žbukanje mora biti klase predviđene stavkom troškovnika. Mort se može pripremati na mjestu ugradnje od tvornički predgotovljenih smjes, ili se iste mogu mješati na gradilištu. Ukoliko se mort i žbuka koriste od predgotovljene smjese, strogo poštivati upute proizvođača.
B17: Za pripremu mortova (ako to propisom nije precizirano) može se upotrijebiti prirodni pijesak bez organskih primjesa ili umjetno proizveden, drobljeni pijesak. Morski pijesak treba se prije upotrebe isprati. Isprati i druge prirodne pijeske (riječni i kopani) ako imaju primjesu gline veću od 1,5% težine pijeska. Granulacijska krivulja pijeska mora biti u skladu s propisima, a zrna ne smiju biti veća od 4mm, ni više od 10% zrna promjera manjeg od 1mm. Kao vezivo, ako opisom nije drugačije predviđeno, upotrebljava se hidratizirano vapno ili portland cement, što ovisi o vrsti morta. Mort se u načelu priprema strojno, a izuzetno za manje količine, ručno.
B18: Pregradni zidani zidovi se ne smiju izvoditi prije izvedbe stropne konstrukcije. Kod zidanja montažnih dimnjaka i ventilacija postupati po uputama proizvođača (mort, izolacija, preklopi, unutrašnje i vanjske cijevi itd.). Posebno se ne naplaćuje ni zatvaranje (žbukanje šliceva, žljebova i sl.) iza položene instalacije. Zazidavanje (zatvaranje) žljebova u zidovima ostavljenih za instalacije kanalizacije i grijanja nakon izvođenja tih instalacija, opekom, rabicom ili na drugi način, ne plaća se posebno, ukoliko troškovnikom nije posebno propisano.
... B29: Jedinična cijena uključuje: • tehnološku razradu svih detalja • sav rad, uključivo i pomoćni rad te prijenos, alat i strojevi • mort za zidanje u svemu prema opisu stavke sa potrebnim dodacima (produžni / cementni, marke prema stavkama) • svi potrebni ankeri / sidra kojima se povezuju pregradni zidovi i nosiva konstrukcija (zidovi, stupovi i stropne ploče) • montažni nadvoji dimenzija prema stavkama, komplet sa svim radovima • svu potrebnu radnu skelu, bez obzira na visinu • transportne troškove materijala • zaštitu zidova od utjecaja vrućine, hladnoće, atmosferskih nepogoda • čišćenje prostorija i zidnih površina tokom rada • odvoz i zbrinjavanje smeća i viškova materijala • završno čišćenje prije primopredaje radova • nadoknadu eventualne štete nastale iz nepažnje na svojim ili tuđim radovima • usklađenje organizacije rada s operativnim planom
A30: 2.1 | B30: PLIVAJUĆI POD
B31: Plivajući podovi sastoje se od - zvučno - toplinske izolacije - razdjelnog sloja PE folije - cementne glazure - estriha
A33: 1) | B33: ZVUČNO - TOPLINSKE IZOLACIJE
B34: Materijal mora biti izrađen sukladno normi HR EN 13163 (ili jednakovrijedno ______________________ ).
B35: Prvo se postavlja traka ekspandiranog polistirena debljine 0,6 -1,5 cm, visine do gornje kote finalnog sloja poda, vertikalno oko svih zidova, stupova, dovratnika i ostalih vertikalnih elemenata konstrukcije, te oko elemenata instalacija koji prodiru kroz pod - uračunato u jediničnoj cijeni. Izolacija se izvodi s više slojeva traka koje se polažu u međusobno okomitim smjerovima. Toplinsko - zvučna izolacija mora biti uredno postavljena, bez međurazmaka i krpanja površina otpacima materijala. d = 30mm
A37: 2) | B37: PE FOLIJA
B38: Parna brana izvodi se na očišćenoj podlozi. Izvodi se od PE folije debljine 0,20mm (0,15mm). Polaže se s preklopima od 10cm, a potrebno ju je uz okolne zidove podignuti do razine 2cm iznad estriha (uz trake toplinske izolacije). Preklopi se lijepe samoljepivom trakom širine 5cm. Na krovove se folija učvršćuje sredstvima za učvršćenje, koja ovise o vrsti podloge na koju se folija učvršćuje.
A40: 3) | B40: AB ESTRIH
B41: Tvornički pripremljen suhi materijal za izvedbu cementnih glazura, ručno i strojno obradiv. Može se primjeniti kao plivajući, klizni ili vezani estrih. Cementna glazura je zaglađena i armirana, a izvodi se od sitnofrakcijskog agregata, odnosno pijeska i običnog cementa ili brzoveznog / brzosušećeg cementa.
B42: Prije početka radova potrebno je podlogu ispitati na čvrstoću, ravnost i sadržaj vlage. Podloga treba biti čista, bez cementne košuljice, bez ostatka ulja za odvajanje oplata, bez iscvjetavanja i ne smije biti pjeskovita.
B43: Estrih se može zamiješati ručno u miješalici sa slobodnim padom ili u tlačnoj miješalici, ili automatski u protočnoj miješalici odnosno u postrojenju za estrihe gdje se dozira direktno iz silosa. Kod materijala isporučenog u vrećama potrebno je cca 5l vode po vreći, a kod materijala isporučenog u silosu cca 180-200l vode po m3 (90-100l/t). Smije se primjeniti samo pitka voda.
B45: Estrih se armira: a) pocinčanom mrežom za cem. estrih Ø5mm, okna 50-70mm b) polipropilenskim vlaknima u količini prema recepturi za traženu marku
B46: Armatura (sadržana u cijeni): visoko kvalitetna vlakna (materijal: poliolefin, mrežasta strukturna vlakna, vlak - / čvrstoča na pucanje 400 N/mm2 (+/- 10%), hrapava površina vlakana) Doziranje: 1 kg/m³ Klasa betona: C25/30 CE - certificirana prema EN 14889-2 (ili jednakovrijedno __________________________ ). Završna obrada sukladno: HR EN 13813 (ili jednakovrijedno __________________________ ).
B48: Kod izvedbe estriha za polaganje parketa osigurati potrebno vrijeme sušenja ili koristiti specijalni brzosušeći cement. Zaglađivanje estriha mora biti kvalitetno izvedeno i u skladu sa završnom oblogom (strojnim zaglađivačima ili ručno). Debljinu i nagibe u sanitarijama izvesti prema projektu.
B50: Temperatura zraka, materijala i podloge za vrijeme obrade i vezanja treba biti preko +5°C. Propuh ili direktno sunčevo zračenje kao i prebrzo isušivanje treba izbjegavati. Maksimalno mjestimično odstupanje od zadane ravnine je +(-) 3mm. Gornja površina se strojno zaglađuje.
B51: Površina estriha se dijeli u polja površine a x b = <25m2. Odnos stranica a:b mora biti manji ili jednak odnosu 1:2,5 , a dužina veće stranice ne smije biti veća od 6m.
B52: Estrih se u normalnim uvjetima suši 3-4 tjedna, dok mu vlažnost ne padne ispod 3% . Potom se mogu izvoditi daljnji radovi.
B53: U prostorijama u kojima su predviđeni slivnici i rigalice gornja površina estriha treba biti izvedena u padu. Padove estriha treba precizno izvesti prema podnim slivnicima i rigalicama.
B54: Ukupna debljina, odn. gornja kota estriha pri izvedbi treba biti precizno prilagođena završnim slojevima poda (pri izvedbi estriha obavezno je sagledavanje potrebne debljine završnih slojeva poda).
B55: Estrih se u pravilu zaglađuje strojno.
B57: POD NA TLU
B59: ANT 1 AB ESTRIH ( d = 10cm) | C59: m² | D59: 363.6 | E59: 363.5 | F59: 484.4 | G59: 771.6 | I59: =(D59+E59+F59+G59)*H59 -> 0
B60: AB ESATIH ( d = 10cm) - RAMPA, KANELIRANI ESTRIH | F60: 245 | I60: =(D60+E60+F60+G60)*H60 -> 0
B61: ANT 2 AB ESTRIH U PADU (d = 8cm - 25cm) | C61: m² | F61: 851 | G61: 421 | I61: =(D61+E61+F61+G61)*H61 -> 0
B63: MEĐUKATNA KONSTRUKCIJA
B64: BNN 1, BNN 1a AB ESTRIH (d= 7,50cm) PE FOLIJA (d = 0,20mm) termoizolacija EPS - T (d = 3cm) | C64: m² | D64: 174 | E64: 174 | F64: 325.4 | G64: 278.4 | I64: =(D64+E64+F64+G64)*H64 -> 0
B65: BNN 2 (AB ESTRIH (d= 3,50cm) | C65: m² | D65: 44.4 | E65: 44.4 | F65: 44.4 | G65: 44.4 | I65: =(D65+E65+F65+G65)*H65 -> 0
B66: BNN 3 (AB ESTRIH d= 4cm - 7cm) | C66: m² | D66: 43 | E66: 43 | F66: 43 | G66: 43 | I66: =(D66+E66+F66+G66)*H66 -> 0
B67: BGG 1a, BGG 1b AB ESTRIH (d = 7,50cm) PE FOLIJA (d = 0,20mm) termoizolacija EPS - T (d = 3cm) | C67: m² | D67: 980.5 | E67: 1167.2 | F67: 1678.45 | G67: 1517.1 | I67: =(D67+E67+F67+G67)*H67 -> 0
B68: BGN 1a, BGN 1b AB ESTRIH (d = 7,50cm) PE FOLIJA (d = 0,20mm) termoizolacija EPS - T (d = 3cm) | C68: m² | D68: 350.8 | E68: 343 | F68: 614.45 | G68: 516.2 | I68: =(D68+E68+F68+G68)*H68 -> 0
B69: BGO 1a, BGO 1b AB ESTRIH (d= 7,50cm) PE FOLIJA (d = 0,20mm) termoizolacija EPS - T (d = 3cm) | C69: m² | E69: 102 | I69: =(D69+E69+F69+G69)*H69 -> 0
B71: KROVNA KONSTRUKCIJA
B72: KOO 1 AB estrih u padu d = 4cm - 6cm PE FOLIJA (d = 0,20mm) termoizolacija XPS (d = 5cm) | C72: m² | D72: 326 | E72: 375 | F72: 557.1 | G72: 479.5 | I72: =(D72+E72+F72+G72)*H72 -> 0
A74: =+MAX($A$1:A73)+0.1 -> 2.2 | B74: INDUSTRIJSKI POD NA BAZI SUHOG POSIPA
B76: Ugradnja gotove mješavine kvarcnog posipa, za ojačanje industrijskog poda na svježu, tek lagano prohodnu betonsku površinu ravnomjernim posipavanjem i strojnom ugradnjom. Na rampi se nakon zaglađivanja izvode kanelure. Otpornost na habanje ≤ 9 cm³/ 50 cm² sukladno EN 13813 (A6) (ili jednakovrijedno ___________________________) . Potrošnja: cca 5 kg/m². Njegovanje i impregniranje zaglađene površine sa akrilnom emulzijom na bazi otapala, prskanjem ili valjkom radi zaštite od preranog i brzog sušenja odmah po mehaničkoj obradi betona (prohodnost). Strojno rezanje dilatacionih reški u predviđenom rasteru (max 5m x 5m, odnosno dijagonalne ne veće od 9mm) u debljini 1/3 debljine sloja. Oko slivnika i stupova treba napraviti kvadratni (ili poligonalni) izrez, kako bi se spriječilo širenje pukotina od naprezanja u uglavima elemenata prodora kroz estrih. Zapunjavanje dilatacionih reški sa poliuretanskim trajnoelastičnim brtvilom, uz prethodno premazivanje sa temeljnim epoksi-poliuretanskim premazom na bazi otapala. Stavka uključuje ugradnju podnih čel. valjanih vruče cinčanih "L" profila, debljine 5mm, dimenzije prema debljini poda po vidljivom rubu, vratima, završetku i dilataciji. Obračun po m2 obrađene površine.
B77: ANT 1 | C77: m² | D77: 363.6 | E77: 363.5 | F77: 484.4 | G77: 771.6 | I77: =(D77+E77+F77+G77)*H77 -> 0
B78: KANELIRANI ESTRIH NA RAMPI | F78: 245 | I78: =(D78+E78+F78+G78)*H78 -> 0
B79: ANT 2 | C79: m² | F79: 851 | G79: 421 | I79: =(D79+E79+F79+G79)*H79 -> 0
A81: =+MAX($A$1:A75)+0.1 -> 2.3 | B81: ZIDANJE TROSLOJNIH DIMNJAKA (32x32)
B83: Dimnjak od elemenata tipa: svijetli otvor Ø16 - univerzalni , montažni sistem dimnjaka za kruta, tekuća i plinska goriva Dimnjak se izvodi od montažnih tvornički izrađenih elementa koji se sastoje od plašta izrađenog od jednozrnog betona, mineralne vune i šamotne cijevi. Oznake dimovodne cijevi T400, N1, D3, G50 (T200 N1 W 2000). Dimnjak je namjenjen za priključenje rezervnog trošila na kruto gorivo nazivne snage do 6 kW (nije dozvoljeno priključenje kaminskog ložišta).
B85: Elementi dimnjaka: - plašt od lakog betona sukladno normi: EN 12446 (ili jednakovrijedno __________________) - kondenzacijsku posudu - rešetke za zrak - tervol ploče - visokokvalitetnu cijev od tehničke keramike - prilagodljivu toplinsku izolaciju, sukladno HR DIN 4102-1 (ili jednakovrijedno _________________) - priključke za ložišta, čišćenje - vezivo - final elemente (dilatacijska rozeta, konusni završetak) - dimotjesna vrata - sav pribor potreban za ugradnju i funkciju
B86: U svemu se pridržavati tehničkih uputa proizvođača. Visina dimnjaka: 10m / 13m Vanjske mjere 32cm / 32cm
B87: Dio stavke je i betonska poklopnica 5-8cm na vrhu dimnjaka.
A89: 1) | B89: dimnjak visine 10m, 2 priključka za ložište | C89: kpl | D89: 1 | E89: 3 | F89: 3 | G89: 1 | I89: =(D89+E89+F89+G89)*H89 -> 0
A90: 2) | B90: dimnjak visine 13m, 3 priključka za ložište | C90: kpl | D90: 6 | E90: 6 | F90: 10 | G90: 10 | I90: =(D90+E90+F90+G90)*H90 -> 0
A92: =+MAX($A$1:A87)+0.1 -> 2.4 | B92: DOBAVA I MONTAŽA PLINSKIH DIMNJAKA
B94: Primjenjuju se slijedeći propisi: - Tehnički propis za dimnjake u građevinama (NN 03/07) - HRN EN 1443:2003 Dimnjaci – Opći zahtjevi (EN 1443:2003) - HRN DIN 18160-1:2003 Dimnjaci – 1. dio: Projektiranje i izvedba (DIN 18160-1:2001) - HRN EN 13063-1:2008 Dimnjaci – Sustavi dimnjaka s glinenim/keramičkim dimovodnim cijevima – 1. dio: Zahtjevi i ispitne metode za otpornost na požar čađe (EN 13063-1:2005+A1:2007) - HRN EN 13063-2:2008 Dimnjaci – Sustavi dimnjaka s glinenim/keramičkim dimovodnim cijevima – 2. dio: Zahtjevi i ispitne metode u vlažnim uvjetima (EN 13063-2:2005+A1:2007) - HRN EN 13063-3:2008 Dimnjaci -- Sustavi dimnjaka s glinenim/keramičkim dimovodnim cijevima -- 3. dio: Zahtjevi i ispitne metode za dimovodno dozračne sustave (EN 13063-3:2007)
B95: Uključena sva dobava materijala, rad, pomoćna sredstva, predradnje, transporti, utovari i istovari te sve drugo potrebno do gotovog proizvoda. Radovi će se izvodit prema odobrenom glavnom projektu, pridržavajući se i primjenjujući važeće propise i norme spomenute u tehničkom opisu dimnjaka. Za rad i primijenjene materijale, obavezno je pridržavati se pravila struke. Date mjere obvezno provjeriti na gradilištu. Nadvišenje dimnjaka i vatrootpornost > 90 min prema normi HRN DIN 18160-1 ili jednakovrijedno ____________________________. Potrebno se pridržavati tehničkih uputa proizvođača.
B96: Napomene: 1. Preporuka je da se prije ugradnje napravi detaljna izmjera na objektu te da se pozove predstavnika proizvođača. 2. Preporuka je da se dimnjak izvodi od strane ovlaštenog izvođača od strane proizvođača. 3. Visine priključaka predvidjeti prema nacrtu u sklopu strojarskog projekta - termotehničke instalacije i u dogovoru s izvođačem termotehničkih instalacija odnosno odabranih modela ložišta.
A98: 1. | B98: Dobava i montaža dimovodno-dozračnog sustava koji se sastoji od dimovodnih cijevi od profilne izostatičke tehničke keramike (visina 66cm i 33cm), plašteva od laganog betona (visina 33cm, gustoća 1150 kg/m3), te ostalih elemenata prema uputi proizvođača. U negrijanom dijelu dimnjak je potrebno dodatno izolirati, a odvod kondenzata spojiti na kanalizacijski sustav preko sifona pri ugradnji.
B99: Namjena: ložište na plinsko gorivo
B100: Svojstva 1: HRN EN 13063-2: T200 P1 W2 O00 ili jednakovrijedno ______________________.
B101: Svojstva 2: HRN EN 13063-3: T200 P1 W2 O00 ili jednakovrijedno ___________________________.
B103: Dimenzije: dimovodni otvor Φ12cm, koncentrični dozračni otvor 19*19cm, vanjska mjera 28*28cm
B104: Komplet se sastoji od: posuda za kondenzat, otvor za reviziju i čišćenje x2, priključak ložišta x3, završna ploča s dozračnom rešetkom i konusom - ukupna visina 10,3m | C104: kpl | D104: 1 | F104: =D104*E104 -> 0 | I104: =(D104+E104+F104+G104)*H104 -> 0
B106: Dimenzije: dimovodni otvor Φ14cm, koncentrični dozračni otvor 26*26cm, vanjska mjera 36*36cm
B107: Komplet se sastoji od: posuda za kondenzat, otvor za reviziju i čišćenje x2, priključak ložišta x4, završna ploča s dozračnom rešetkom i konusom - ukupna visina 13,3m | C107: kpl | D107: 7 | F107: =D107*E107 -> 0 | I107: =(D107+E107+F107+G107)*H107 -> 0
A109: =+MAX($A$1:A93)+0.1 -> 2.5 | B109: ŽBUKANJE UNUTARNJIH ZIDOVA I STROPOVA
B111: Vapneno-cementna podložna žbuka VC 40 (ili jednakovrijedno ______________________).
B113: PRIPREMA PODLOGE
B114: Sve podloge (zid od opeke, betona, porobetona) moraju biti čiste, čvrste, suhe, nesmrznute, bez ostataka oplatnih ulja i soli od iscvjetavanja. Maksimalno odstupanje ravnine zida na 4 m ± 1 cm. Starost betona mora biti minimalno 3 mjeseca. Spojeve različitih materijala, instalaterske otvore, obavezno rabicirati pocinčanim punktiranim rabic pletivom (25 x 25 x 0,9) ili staklenom mrežicom. Prije početka radova postaviti kutne profile brzoveznim mortom za ugradnju profila. Jako upojne podloge (porobeton) impregnirati univerzalnim temeljnim premazom razrijeđenim vodom 1:3 neposredno prije nanošenja podložne žbuke. Glatke i neupojne betonske podloge obraditi polimer - cementnim vezivnim slojem (veličina zrna do 2mm) najmanje dan prije nanošenja podložne žbuke.
B116: PRIPREMA MATERIJALA
B117: Materijal se priprema prema uputi proizvođača. Sadržaj vreće 40 kg miješati sa cca 10,5 litara vode dok se ne postigne homogena masa pogodna za nanošenje.
B119: PRIMJENA
B120: Preipremu podloge izvršiti prema uputi proizvođača žbuke. Vapneno - cementnu podložnu žbuku nanositi na zid od opeke obrađen predšpricom (rijetka konzistencija) ili na zid od betona obrađen polimer - cementnim vezivnim slojem (veličina zrna do 2mm), u debljini do 20 mm u jednom sloju i izravnati aluminijskom H letvom. Nakon djelomičnog očvršćivanja (vezanja), u pravilu drugi dan, žbuku navlažiti vodom, po potrebi nanijeti novi sloj žbuke rjeđe konzistencije i zafilcati grubom i finom spužvastom gladilicom, osim za keramičarske radove. Kod strojnog nanošenja pridržavati se uputa za primjenu žbukalica. Pauza u toku rada, kod crijeva ispunjenog žbukom, ne smije biti duža od 30 minuta. Prije završnih radova žbuka mora biti stara najmanje 3-4 tjedna.
B122: ZAVRŠNA OBRADA
B123: - Unutarnje boje nanositi na podlogu prethodno pregletanu vapnenom masom za gletanje - silikatne žbuke nanositi na fino zafilcanu žbuku prethodno impregniranu odgovarajućim temeljnim premazom - oblogu keramikom izvoditi, ovsino o vrsti obloge standardnim ljepilom za keramiku (normalno protuklizno ljepilo na osnovi cementa)
B124: Obračun po m2 ožbukane površine. Otvori do 3,0m2 se ne odbijaju. Obrada otvora sadržana u jediničnoj cijeni.
B126: ZIDOVI
B127: PRIZEMLJE | C127: m² | D127: 930 | E127: 930 | F127: 1380 | G127: 1230 | I127: =(D127+E127+F127+G127)*H127 -> 0
B128: 1. KAT | C128: m² | D128: 840 | E128: 1050 | F128: 1410 | G128: 1230 | I128: =(D128+E128+F128+G128)*H128 -> 0
B129: 2. KAT | C129: m² | D129: 840 | E129: 1050 | F129: 1410 | G129: 1230 | I129: =(D129+E129+F129+G129)*H129 -> 0
B130: 3. KAT | C130: m² | D130: 840 | E130: 1050 | F130: 1410 | G130: 1230 | I130: =(D130+E130+F130+G130)*H130 -> 0
B132: STROPOVI
B133: PODRUM | C133: m² | D133: 430 | E133: 430 | F133: 1460 | G133: 1330 | I133: =(D133+E133+F133+G133)*H133 -> 0
B134: PRIZEMLJE | C134: m² | D134: 460 | E134: 460 | F134: 800 | G134: 690 | I134: =(D134+E134+F134+G134)*H134 -> 0
B135: 1.KAT | C135: m² | D135: 470 | E135: 630 | F135: 815 | G135: 730 | I135: =(D135+E135+F135+G135)*H135 -> 0
B136: 2. KAT | C136: m² | D136: 470 | E136: 630 | F136: 815 | G136: 730 | I136: =(D136+E136+F136+G136)*H136 -> 0
B137: 3. KAT | C137: m² | D137: 470 | E137: 630 | F137: 815 | G137: 730 | I137: =(D137+E137+F137+G137)*H137 -> 0
A139: =+MAX($A$1:A138)+0.1 -> 2.6 | B139: BETON ZA IZRAVNAVANJE
B141: Oznaka u nacrtu: AGT 1
B142: Cementna masa za izravnavanje i zaglađivanje u bijeloj boji.
C143: m² | G143: 0 | I143: =G143*H143 -> 0
A145: =+MAX($A$1:A144)+0.1 -> 2.7 | B145: ZAZIDAVANJE RADNIH OTVORA ZA POTREBE PROVOĐENJA INSTALACIJA
B147: Zazidavanje izvesti betonskim blokovima, površinu ožbukati produžnim mortom (dovesti u istu razinu kao i okolna površina). U jediničnu cijenu uračunat rad i materijal. | C147: sat | D147: 30 | E147: 30 | F147: 30 | G147: 30 | I147: =(D147+E147+F147+G147)*H147 -> 0
...

Sheet 3-GIPS RADOVI
A1: r.br. | B1: OPIS | C1: jed. mj. | D1: Količina ULAZ A | E1: Količina ULAZ B | F1: Količina ULAZ C | G1: Količina ULAZ D | H1: Jedinična cijena (€) | I1: Ukupno (€)
A3: 3. | B3: GIPSARSKI RADOVI
B5: Ovim radovima obuhvaćeni su svi radovi sa gips kartonskim pločama kao izrada pregradnih zidova uključivši ugradnju dovratnika gdje je to potrebno i podkonstrukcije za ugradnju instalacija vodovoda, kanalizacije i sl. te izrada obloge zidova i izrada spuštenih stropova uključivši izradu otvora za ugradnju instalacijskih elemenata, rasvjetnih tijela, utičnice, ventilacijskih elemenata i sl.
B6: Potrebno je pripraviti HRN ili jednakovrijedne ateste za ponuđeni i ugrađeni materijal, a prema Zakonu o gradnji NN (153/13, 20/17, 39/19, 125/19) i uzancama za ovu vrstu poslova. Gipsane ploče, sukladno: HRN EN 520:2010 (ili jednakovrijedan ____________________________) Materijal za obradbu i zaglađivanje spojeva gipsanih ploča, sukladno: HRN EN 13963:2014 (ili jednakovrijedan ___________________________) Ovješeni stropovi, sukladno: HRN EN 13964:2014 (ili jednakovrijedan ___________________________) Metalni profili podkonstrukcija za sustave s gipsanim pločama: HRN EN 14195:2015:2014 (ili jednakovrijedan ___________________________) Gips elementi za spuštene stropove, sukladno: HRN EN 14246:2006/Ispr.:2008 (ili jednakovrijedan ___________________________)
B8: PRIPREMA PODLOGE
B9: U području spojeva pregradnih zidova s bočnim građevnim elementima na profile je potrebno nanijeti brtveni kit ili PE brtvenu traku. Kod očekivanih progiba međukatnih konstrukcija od > 10mm, potrebno je izvesti klizne spojeve. Ojačanja su uračunata u cijenu.
B11: POTKONSTRUKCIJA
B12: Pri izradi pregradnih zidova, pri oblaganju zidova i stropova, i pri izradi spuštenih stropova, za podkonstrukciju koristiti originalne profile od čeličnog pocinčanog lima proizvođača gips-kartonskih ploča s pripadajućim priborom za međusobnu vezu profila i za učvršćenje profila na osnovnu konstrukciju. Rubni profili potkonstrukcije pričvršćuju se na pod i strop, a okomiti za bočne zidove. Obavezno je držati se sistema jednog proizvođača.
B13: Kod otvora (vrata, prozori), obavezna ugradnja ojačanih metalnih profila, prema uputama proizvođača. Učvršćenje ploča na potkonstrukciju izvoditi originalnim pripadajućim vijcima za brzu montažu i odgovarajuću vrstu ploče uz obvezno upuštanje glave vijka za 2 mm (+/-2%) u odnosu na ravninu vidljive plohe obloge zida ili stropa.
B14: Učvrsna sredstva za bočne masivne građevne elemente su tipli s vijcima. Za građevne elemente koji nisu masivni učvrsna sredstva se određuju prema vrsti podloge.
B16: TERMOIZOLACIJA
B17: Prostor između profila ispunjava se termoizolacijom. Za izradu termoizolacije upotrijebit će se ploče od kamene vune u pločama, proizvedene na bazi dijabaza. Vlakna kamene vune impregnirana su i vezana fenolnom smolom.
B18: Koeficijent toplinske provodljivosti: max 0,041 W/mK, sukladno: HRN EN 13162 (ili jednakovrijedno ____________________________). Razred reakcije na požar: A1 sukladno: HRN EN 13501-1 (ili jednakovrijedno ____________________________).
B20: GIPS - KARTONSKE PLOČE
... B47: Obračun po m² (otvori do 3,00 m² se ne odbijaju).
A50: 3.1 | B50: OBLAGANJE ZIDOVA GIPS-KARTONSKIM PLOČAMA Zidna obloga sa metalnom potkonstrukcijom, jednostrano dvoslojno obložena, direktno pričvršćena Oznaka u nacrtu: ZGG2, ZGN 1
B52: Potkonstrukcija
B53: Profili od čeličnog pocinčanog lima (min debljine 0,60mm) na razmaku od maksimalno 62,50 cm. Podkonstrukcija je širine 5,0/7.50cm.
B55: Termoizolacija + PE folija
B56: Zapreminska težina ploče cca 40 kg/m3. dim. 1000 x 625 x 50 mm / 75mm (+/- 5%) Prije termoizolacije se postavlje PE folija debljine 0,2mm kao parna brana.
B58: Gips-kartonske ploče
B59: Gips-kartonske ploče tipa A / H2 (mokri čvorovi) x2 dim. 2000 x 1250 x 12,5 mm (+/- 5%)
B61: d = 10cm (1,25cm x2 + 7,50cm) h= 268cm
A63: 1) | B63: ZGG 2 (termoizolacija d=5cm) | C63: m² | D63: 342 | E63: 471.6 | F63: 838.8 | G63: 692.4 | I63: =(D63+E63+F63+G63)*H63 -> 0
B64: d = 7,5cm (1,25cm x2 + 5,00cm) h= 268cm
A65: 2) | B65: ZGN 1 (termoizolacija d=7,5cm) | C65: m² | D65: 651.6 | E65: 836.4 | F65: 1206 | G65: 1025 | I65: =(D65+E65+F65+G65)*H65 -> 0
B66: d = 10cm (1,25cm x2 + 7,50cm) h= 268cm
A68: 3.2 | B68: UNUTARNJI ZIDOVI Nenosiv pregradni zid s jednostrukom metalnom potkonstrukcijom, obostrano dvoslojno polaganje Oznaka u nacrtu: ZGG5
B70: Potkonstrukcija
B71: Profili od čeličnog pocinčanog lima (min debljine 0,60mm) na razmaku od maksimalno 62,50 cm. Podkonstrukcija je širine 5cm / 10 cm.
B73: Termoizolacija + PE folija
B74: Zapreminska težina ploče cca 40 kg/m3. dim. 100 x 625 x 50 mm / 100mm (+/- 5%) Prije termoizolacije se postavlje PE folija debljine 0,2mm kao parna brana.
B76: Gips-kartonske ploče
B77: Gips-kartonske ploče tipa A / H2 (mokri čvorovi) x2 dim. 2000 x 1250 x 12,5 mm (+/- 5%)
B79: d=10cm/15cm (2,5+5/10+2,5cm) h= 268cm
A81: 1) | B81: ZGG 5 | C81: m² | D81: 1581.2 | E81: 1810.9 | F81: 2173.75 | G81: 2212.9 | I81: =(D81+E81+F81+G81)*H81 -> 0
A83: 3.3 | B83: UNUTARNJI ZIDOVI INSTALACIJSKIH ŠAHTI Nenosiv pregradni zid s jednostrukom metalnom potkonstrukcijom, jednostrano dvoslojno polaganje Oznaka u nacrtu: ZGG3
B84: * Napomena: kod protupožarnih sklopki na prijelazu između podruma i prizemlja - prijelaza iz jednog u drugi požarni sektor, zaštiti šahtu betonom
B86: Potkonstrukcija
B87: Profili od čeličnog pocinčanog lima (min debljine 0,60mm) na razmaku od maksimalno 62,50 cm. Podkonstrukcija je širine 5 cm.
B89: Termoizolacija
B90: Zapreminska težina ploče cca 40 kg/m3. Format ploča je 1000 x 625 x 50 mm (+/- 5%)
B92: Parna brana - folija prema šahti
B93: Polietilenska folija postavlja se u dva sloja: a) kao zaštitni sloj prema šahti b) kao parna brana sa toplije strane termoizolacije d = 0,20mm
B95: Gips-kartonske ploče
B96: Gips-kartonske ploče tipa A / H2 (mokri čvorovi) dim. 2000 x 1250 x 12,5 mm (+/- 5%)
B98: duk = 7,50cm (2,5+5) h= 268cm
A100: 1) | B100: ZGG3 | C100: m² | D100: 323.2 | E100: 444.6 | F100: 565.48 | G100: 578.5 | I100: =(D100+E100+F100+G100)*H100 -> 0
A103: 3. | B103: GIPSARSKI RADOVI UKUPNO | I103: =SUM(I4:I101) -> 0

Sheet 4-IZOLATERSKI
A1: r.br. | B1: OPIS | C1: jed. mj. | D1: Količina ULAZ A | E1: Količina ULAZ B | F1: Količina ULAZ C | G1: Količina ULAZ D | H1: Jedinična cijena (€) | I1: Ukupno (€)
A3: 4. | B3: IZOLATERSKI RADOVI
B5: Izrada hidroizolacija, parnih brana, termoizolacija podova i vanjskih zidova i unutarnjih zidova, zvučnih izolacija i postavu raznih folija.
B7: HIDROIZOLACIJE
B8: - HRN U.F2.024/80 (ili jednakovrijedno ____________________________) - Završni radovi u građevinarstvu. Tehnički uvjeti izvođenja izolacijskih radova na ravnim krovovima. - HRN EN 13859-2:2014 (ili jednakovrijedno ____________________________) - Savitljive hidroizolacijske trake - Definicije i značajke podložnih traka - EN 13859-2:2004+A1:2008 (ili jednakovrijedno ____________________________). - HRN EN 13967:2017 (ili jednakovrijedno ____________________________) - Savitljive hidroizolacijske trake - plastične i elastomerne trake za zaštitu od vlage i vode iz tla - HRN EN 13970:2005/A1:2008 (ili jednakovrijedno ____________________________) - Savitljive hidroizolacijske trake - Bitumenske paronepropusne trake - EN 13970:2004/A1:2006 (ili jednakovrijedno ____________________________) - HRN EN 13984:2013 (ili jednakovrijedno ____________________________)
B9: - Savitljive hidroizolacijske trake - Plastične i elastomerne; paronepropusne trake - HRN EN 13859-1:2014 (ili jednakovrijedno ____________________________) - Savitljive hidroizolacijske trake - Definicije i značajke podložnih traka - HRN EN 13956:2012 (ili jednakovrijedno __________________________) - Savitljive hidroizolacijske trake - Plastične i elastomerne hidroizolacijske trake za krovove - EN 13956:2005 (ili jednakovrijedno ______________________________)
B11: TOPLINSKE IZOLACIJE
B12: - mineralna vuna (MW) - HRN EN 14303:2016 (ili jednakovrijedno ___________________________) - ekspandirani polistiren (EPS) - HRN EN 14309:2016 (ili jednakovrijedno ___________________________) - ekstrudirani polistiren (XPS) - HRN EN 14307:2016 (ili jednakovrijedno ___________________________) - tvrda poliuretanska pjena (PUR) - HRN EN 14308:2016 (ili jednakovrijedno ___________________________) - polietilenska pjena (PEF) - HRN EN 14313:2016 (ili jednakovrijedno ___________________________) '- proizvodi od pjenastog stakla (CG) HRN EN 14305:2016 (ili jednakovrijedno __________________________)
B13: - proizvodi od kalcijevog silikata (CS) HRN EN 14306:2016 (ili jednakovrijedno __________________________) - proizvodi od savitljive elastomerne pjene (FEF) HRN EN 14304:2016 (ili jednakovrijedno __________________________)
B15: PRIPREMA PODLOGE
B16: Površine na koje se polaže izolacija, trebaju biti posve ravne, suhe, očišćene od prašine i nečistoće i dovoljno glatke, da izolacija dobro prijanja, te maksimalne vlage koju propisuje proizvođač. Izolacija treba prilegnuti na površinu ravno, bez nabora i mjehura.
B18: Hidroizolacije na bazi bitumena Izvode se kao premazi i kao premazi s izolacionim trakama (ljepenkama) koje mogu biti s: · uloškom od aluminijske ili bakrene folije · uloškom od staklenog voala ili staklene tkanine Izolacionu ljepenku i ostale vrste izolacionih traka i ploča treba rezati ravno i pravokutno. Zaderani i krpani komadi se ne ugrađuju. Svi preklopi moraju biti najmanje 10 cm široki i lijepljeni bitumenom – hladnom bitumenskom masom ili vrućom bitumenskom izolacionom masom. Kod polaganja dvaju ili više slojeva izolacionih traka ili ploča preklopi ne smiju ležati jedan na drugom, već moraju biti pomaknuti.
B20: Kod hidroizolacije zidova ljepenka treba na svaku stranu zida imati prehvat širine od 10 cm, koji treba spojiti s horizontalnom izolacijom podova. Posebnu pažnju obratiti na zaštitu od požara kod rada s vrućim bitumenskim premazima i varenim ljepenkama zbog velike zapaljivosti bitumena. U slučaju požara gasiti pijeskom ili pjenom (gašenje vodom je opasno).
B22: PREMAZI - BITUMENSKE EMULZIJE
... B75: IZOLACIJA KONSTRUKCIJA U TLU
A77: 4.1 | B77: BITUMENSKA HIDROIZOLACIJA TEMELJA I UKOPANIH ZIDOVA - V-4 x2
B79: Oznaka u nacrtu: AOT 1, ANT 1, ANT 2, ZNT 1
B80: Izolacija podruma jednokomponentnim, polimerima modificiranim i vlaknima ojačanim bitumenom. Trajno štiti podzemne građevine od vlage iz tla.
B82: Priprema površine na način da se odštemaju svi labavi djelovi do zdravog sloja i istaknute neravnine uklone
B83: Izrada holkera (gušice) na spojevima reprofilirane AB ploče sa zidovima od reparaturnog morta.
B84: Izvedba hidroizolacije AB ploče: Izvedba temeljnog premaza i dva sloja APP plastomerne bitumenske membrane ojačane poliesterskim platnom. Na očišćenu površinu AB ploče izvodi se hladni bitumenski premaz. Na izvedeni prednamaz ugrađuju se dva sloja punoplošno zavarene polimerbitumenske hidroizolacije. Uz zidove hidroizolacija se uzdiže 10 cm. Karakteristike proizvoda: Tip ojačanja: Poliestersko platno Maksimalna vlačna čvrstoća:prema EN 12311-1 ili jednakovrijedno - uzdužno:500 N/50 mm (- 20%) - poprečno:400 N/50 mm (- 20%) Posmična čvrstoća spojeva: prema EN 12317-1 ili jednakovrijedno - uzdužno:300 N/50 mm (- 20%) - poprečno:400 N/50 mm (- 20%) Izduženje pri slomu: prema EN 12311-1 ili jednakovrijedno - uzdužno: 35% - poprečno:35% Otpornost na udarce: 900 mm, prema EN 12691 ili jednakovrijedno
B86: Obračun po m² kompletno izolirane površine.
B87: AOT 1 | C87: m² | F87: 829.1 | G87: 600 | I87: =(D87+E87+F87+G87)*H87 -> 0
B88: ANT 1 (donja ploha temelja) | C88: m² | D88: 502.6 | E88: 503.1 | F88: 454.7 | G88: 462.6 | I88: =(D88+E88+F88+G88)*H88 -> 0
B89: ANT 1 (gornja ploha temelja) | C89: m² | D89: 43 | E89: 43 | F89: 64.2 | G89: 65.3 | I89: =(D89+E89+F89+G89)*H89 -> 0
B90: ANT 2 (donja ploha temelja) | C90: m² | F90: 1197 | G90: 932.9 | I90: =(D90+E90+F90+G90)*H90 -> 0
B91: ANT 2 (gornja ploha temelja) | C91: m² | F91: 150 | G91: 65.8 | I91: =(D91+E91+F91+G91)*H91 -> 0
B92: ZNT 1 | C92: m² | D92: 162.2 | E92: 161.8 | F92: 407.4 | G92: 265.4 | I92: =(D92+E92+F92+G92)*H92 -> 0
A94: =+MAX($A$1:A93)+0.1 -> 4.2 | B94: VERTIKALNA TERMOIZOLACIJA UKOPANIH ZIDOVA - XPS
B96: Oznaka u arhitektonskom projektu: ZNT 1
B97: Ploče od ekstrudiranog polistirena, XPS. Vanjska toplinska izolacija zidova podzemnih građevinskih površina smještena na vanjskoj strani hidroizolacije jednoslojno postavljena.
B98: Ploče su gustoće >30kg/m3. Ploče se postavljaju nakon postave hidroizolacije vanjskih zidova. Koristiti ploče s preklopom.
B99: Ploče od ekstrudiranog polistirena potrebno je na području podnožja zgrade (cokla) i iznad zemljane površine zaštititi od mehaničkih oštećenja i UV-zračenja. Odgovarajućim mjerama potrebno je osigurati da iza sloja toplinske izolacije ne prodre voda (npr. voda koja teče po površini zemlje ili oborinske vode koje se skupljaju na fasadi). Na podnožju zgrade potrebno je pravilno izvesti spojeve s hidro-izolacijom. Spoj izolacije konstrukcije u zemlji i na zidu iznad zemljane površine potrebno je izvesti tako da ne dođe do pojava neželjenih toplinskih mostova.
B100: d= 5 cm
B101: Obračun po m² kompletno izolirane površine.
B102: ZNT 1 | C102: m² | D102: 162.2 | E102: 161.8 | F102: 407.4 | G102: 265.4 | I102: =(D102+E102+F102+G102)*H102 -> 0
A104: =+MAX($A$1:A103)+0.1 -> 4.3 | B104: ZAŠTITA IZOLACIJE - ČEPASTA FOLIJA
B106: Oznaka u arhitektonskom projektu: ZNT 1
B107: Čepasta drenažna folija na vertikalnoj površini kao zaštita izolacije na bazi polietilena velike gustoće (HDPE) - debljina: 7.5 mm - tlačna čvrstoća: min. 200 kN/m2 Sukladno: ISO 826 (ili jednakovrijedno __________________________) - vlačna čvrstoća, uzdužno/poprečno: min. 250/250 N/5cm - izduženje pri slomu, uzdužno/poprečno: min 20/25% Sukladno: ISO 10319 (ili jednakovrijedno __________________________) Folija se pričvršćuje bez bušenja hidroizolacijske membrane
B108: Obračun po m² postavljene zaštite.
B109: ZNT 1 | C109: m² | D109: 162.2 | E109: 161.8 | F109: 407.4 | G109: 265.4 | I109: =(D109+E109+F109+G109)*H109 -> 0
B111: IZOLACIJA UNUTARNJIH KONSTRUKCIJA
A113: =+MAX($A$1:A112)+0.1 -> 4.4 | B113: IZOLACIJA KUPAONICA / SANITARNIH ČVOROVA
B115: Pozicija ugradnje: garderobe, sanitarni čvorovi, zajedničke kupaonice korisnika - tuševi (pod i zidovi izloženi prskanju), caffe bar
A116: 1) | B116: Polimercementna izolacija
B117: POD (BGG 1b, BGN 1b) | C117: m² | D117: 133.1 | E117: 140.8 | F117: 221.8 | G117: 195.6 | I117: =(D117+E117+F117+G117)*H117 -> 0
B118: ZID | C118: m² | D118: =D120*2.7 -> 635.175 | E118: =E120*2.7 -> 703.62 | F118: =F120*2.7 -> 1043.55 | G118: =G120*2.7 -> 919.62 | I118: =(D118+E118+F118+G118)*H118 -> 0
A119: 2) | B119: Brtveća elastična hidroizolacijska traka za ojačanje
B120: Obračun po m'. | C120: m' | D120: 235.25 | E120: 260.6 | F120: 386.5 | G120: 340.6 | I120: =(D120+E120+F120+G120)*H120 -> 0
A122: =+MAX($A$1:A121)+0.1 -> 4.5 | B122: TERMOIZOLACIJA SPUŠTENIH STROPOVA
B123: Obračun po m² kompletno izolirane površine.
B125: MEĐUETAŽNA KONSTRUKCIJA
B126: Oznaka u arhitektonskom projektu: BGN 1a, BGN 1b
B127: Ploče od staklene mineralne vune kaširane sa crnim staklenim voalom. Toplinska provodljivost: 0,034 W/mK ʎ Otpor strujanju zraka: >10 kPa*s/m2 AFr10 d=10cm (ispod AB ploče)
B128: Obračun po m² kompletno izolirane površine. | C128: m² | D128: 350.8 | E128: 343 | F128: 611.45 | G128: 516.7 | I128: =(D128+E128+F128+G128)*H128 -> 0
B131: IZOLACIJA VANJSKIH KONSTRUKCIJA
A133: =+MAX($A$1:A130)+0.1 -> 4.6 | B133: IZOLACIJA VANJSKIH ŽARDINJERA
B135: Polimercementna izolacija postavljena na podnicu žardinjere te uzdignuta 50cm iz rub sukladno arhitektonskom nacrtu. | C135: m² | D135: 45.6 | E135: 51.3 | F135: 74.1 | G135: 57 | I135: =(D135+E135+F135+G135)*H135 -> 0
A137: =+MAX($A$1:A136)+0.1 -> 4.7 | B137: TERMOIZOLACIJA IZNAD OTVORENOG PROSTORA
B139: Oznaka u arhitektonskom projektu: BGO 1a, BGO 1b
B140: Ploča od kamene vune. d= 10cm
B141: Obračun po m² kompletno izolirane površine. | C141: m² | E141: 102 | I141: =(D141+E141+F141+G141)*H141 -> 0
A143: =+MAX($A$1:A142)+0.1 -> 4.8 | B143: IZOLACIJA BALKONA
B145: Oznaka u arhitektonskom projektu: KOO 1
B146: * estrih je zajedno s XPS-om i razdjelnom folijom obrađen u zidarskim radovima.
A147: 1) | B147: PC IZOLACIJA - ispod keramičkih pločica, a iznad estriha u padu.
A148: 2) | B148: PC IZOLACIJA - iznad AB ploče.
A149: 3) | B149: XPS - Ploče od kamene vune d= 5cm
B150: Obračun po m² kompletno izolirane površine. | C150: m² | D150: 326 | E150: 375 | F150: 557.1 | G150: 479.5 | I150: =(D150+E150+F150+G150)*H150 -> 0
A152: =+MAX($A$1:A151)+0.1 -> 4.9 | B152: IZOLACIJA KROVA
A154: 1. | B154: Oznaka u arhitektonskom projektu: KOG 1
A156: 1) | B156: ŠLJUNAK
B157: Razastiranje okruglog pranog šljunka granulacije 16/32mm, u debljini sloja 5-6cm.
A159: 2) | B159: GEOTEKSTIL
B160: Razdjelni sloj geotekstila 300gr/m2
A162: 3) | B162: TPO HIDROIZOLACIJA
B163: Visokokvalitetna ekološka jednoslojna hidroizolacijska membrana od TPO-a, energetski učinkovite reflektirajuće bijele boje, izrazite otpornosti na UV zrake i mikroorganizme, leteći plamen i žareću toplinu. Membrana je punoplošno armirana poliesterskom mrežicom.
B164: Varenje hidroizolacijske folije se izvodi homogeno vrućim zrakom prema uputama proizvođača. Minimalni preklopi iznose 12 cm. Foliju mehanički pričvrstiti kroz postojeće slojeve u beton specijalnim tiplama. Uzdignuti 15-20cm na vertikalni zid i zavariti na mehanički pričvršćenu kaširanu TPO lajsnu širine 5cm (također dio ove stavke), a spoj zapuniti poliuretanskim trajnoelastičnim kitom
B165: Karakteristike folije: - homogena (jednoslojna) - UV stabilna - otporna na korijenje - izduženje pri slomu > 800 % Sukladno: DIN EN 12311-2 (ili jednakovrijedno ____________________________) - ne sadrži plastifikatore i klor (ne ispušta spojeve štetne za okoliš) - ne sadrži otapala/omekšivače koji s vremenom ishlape
B166: d=1.50 mm
A168: 4) | B168: TERMOIZOLACIJA
B169: Ploča od kamene vune u padu d= 15 - 25cm
A171: 5) | B171: PE - AL FOLIJA
B172: d=0,40mm
A174: 6) | B174: GEOTEKSTIL
B175: Razdjelni sloj geotekstila 200gr/m2
B177: Obračun po m² kompletno izolirane površine. | C177: m² | D177: 4150 | E177: 515 | F177: 650 | G177: 620 | I177: =(D177+E177+F177+G177)*H177 -> 0
A179: 2. | B179: SOKL KOG 1
B180: kaširani lim (postavljen uz zid)
B181: Obračun po m' | C181: m' | D181: 210 | E181: 250 | F181: 350 | G181: 310 | I181: =(D181+E181+F181+G181)*H181 -> 0
A183: 4. | B183: IZOLATERSKI RADOVI UKUPNO | I183: =SUM(I4:I181) -> 0

Sheet 5-FASADERSKI
A1: r.br. | B1: OPIS | C1: jed. mj. | D1: Količina ULAZ A | E1: Količina ULAZ B | F1: Količina ULAZ C | G1: Količina ULAZ D | H1: Jedinična cijena (€) | I1: Ukupno (€)
A3: 5. | B3: FASADERSKI RADOVI
B5: Fasaderski radovi podrazumijevaju izradu plemenitih žbuka, plastičnih žbuka i radove sa specijalnim tvornički pripremljenim mortovima za žbukanje fasada. Radovi sukladno: HRN U.F2.010 (ili jednakovrijedan ____________________________). Pri upotrebi tvornički pripremljenih mortova pri radu se mora poštovati naputak proizvođača.
B6: Kontaktni sustav fasade uključuje fasadne ploče od kamene vune izabrane debljine, ljepilo, mrežicu, završno dekorativni sloj uz pripadajući predpremaz, granulacije 1,5; 2 ili 3mm, te sav potreban pribor: letvica za podnožje u debljini ploče, zaštitni kutnici za uglove i prozore. U stručnu organizaciju gradilišta ubraja se i propisno skladištenje svih komponenti koji čine sustav za toplinsku izolaciju. Niti u ljepilo, niti u završne slojeve nije dozvoljeno primješavanje bilo kakvih dodataka (npr. sredstvo protiv smrzavanja).
B7: Odvođenje oborinske vode mora biti izvedeno postavljenim strehama, okapnicama itd. Svi unutarnji radovi žbukanja, postavljanje cementne glazure itd. moraju biti izvedeni, a ugrađeni materijali osušeni prema naputku proizvođača. Sva stolarija mora biti ugrađena. Prozorske klupčice moraju biti postavljene tako da budu najmanje 3 cm udaljene od novopostavljene fasade. Sve vanjske instalacije moraju biti postavljene.
B9: Hidroizolacija sokla zidova treba biti izvedena prije termoizolacije.
B10: Temperatura zraka, podloge i materijala ne smije biti ispod +5°C, a kod rada sa silikatnim žbukama ispod + 8°C. Ova temperatura vrijedi kako za radove ugradnje, tako i za vrijeme protvrdnjavanja materijala. Radovi se ne smiju izvoditi pod direktnim sunčevim zračenjem, vjetrom ili oborinama. Pri izvedbi sustava na pročelje treba postaviti odgovarajuću zaštitu: jutu i sl.
B11: Procjena podloge je odgovornost izvođača radova.
B12: Provjeriti valjanost podloge: mora biti čvrsta (nosiva), čista i suha. Podloga mora biti ravna, okomito i vodoravno, provjeriti libelom (neravnine do 1 cm mogu se izravnati ljepilom, a veće od toga podložnom žbukom). Spojnice moraju biti zapunjene. Sa betonskih površina mora biti uklonjeno sredstvo za odvajanje oplata, te sve masnoće.
B14: IZVEDBA SOKLA UZ TEREN
B15: Sokl pročelja uz teren se izvodi od ploča XPS-a. Visina sokla: min.10cm ispod razine terena, 113cm iznad razine terena
B16: Debljina: ista kao i ostatak pročelja Završna obrada: opisano u stavci
B17: Na visini min 25cm iznad razine zemlje XPS se pričvršćuje na zid sa pričvrsnicama sa plastičnim ili čeličnim klinom ovisno o završnom sloju. Sokl se nastavlja min.10cm ispod razine terena, do razine rubnog osnovnog profila (izrađen od perforiranog nekorodirajućeg Al lima, debljine 1mm, dužine 2m). Na XPS se nanosi građevinsko ljepilo u dva sloja s alkalno postojanom staklenom mrežicom ili žičanom mrežicom veličine očica 5x5mm koja treba biti izvedena u dva sloja.
B18: Ispod razine sokla u terenu, nastavlja se XPS termoizolacija ukopanog zida (zasebna stavka).
... B26: Napomena: potrebno je koristiti proizvode iz istog "sustava" proizvođača, u svemu izvoditi prema uputama proizvođača.
A28: 5.1 | B28: ETICS SA PLOČAMA OD KAMENE VUNE
B30: Stavka može obuhvatiti slijedeće radove:
B31: Izvedba kontaktnog fasadnog sustava sa pločama od kamene vune (MW), dimenzije ploča odnosno lamela prema dostupnim dimenzijama na tržištu, debljine određene proračunom građevinske fizike.
B33: PRIPREMA PODLOGE
B34: Otprašivanje i odstranjivanje oštećenih i slabo sraslih dijelova. Impregnacija dubinski predpremazom.
B36: RUBNI PROFILI, DILATACIJE I SL.
B37: Zaštitni kutni profili postavljaju se na sve uglove objekta u prethodno naneseni sloj ljepila. Koristiti profil sa ugrađenom tekstilno staklenom mrežicom. Na nadvojima otvora i strehama koristiti profil s okapom. Pričvršćivanje izvesti nehrđajućim vijcima na razmaku svakih 40 do 60 cm.
B38: Pored ovih profila potrebno je koristiti profile za različite namjene: za izvedbu dilatacija na ravnim površinama ili u uglovima, završni profili za prozore itd. koji se koriste za kvalitetnije i urednije fasaderske radove. Vrsta profila prema preporuci proizvođača.
B40: TERMOIZOLACIJA
B41: kamena vuna predviđena za izolacije vanjskih zidova - kontaktne fasade
B42: Tvrde ploče od kamene vune. Proizvod se odlikuje visokom paropropusnošću, potpuno je negoriv, postojan je na vrlo visoke temperature, vodoodbojan, pravilno ugrađen otporan na starenje te je kemijski neutralan.
B43: razred reakcije na požar A1 - potpuno negoriv
B44: koeficijent toplinske provodljivosti λ = min. 0,035 W/mK
... B53: Napomena: Sve što nije obuhvaćeno ovim opisom, izvesti prema uputama proizvođača komponenti certificiranog sustava, sukladno nacionalnim normama, te smjernicama za izradu ETICS sustava HUPFAS-a (ili jednakovrijedno __________________).
A55: 1) | B55: VANJSKI ZID - ŽBUKA
B56: Završna obloga: ZAVRŠNA SILIKONSKA ŽBUKA Nakon sušenja (od 10 – 14 dana, ovisno o vremenskim uvjetima), suha i čista podloga premazuje se ravnomjerno i temeljito nerazrijeđenim dubinski predpremazom, te se nakon min. 24 sata, nanosi silikonska završna dekorativna žbuka u granulaciji 1,5mm. Obračun po m².
B57: ZOG 1 - RAL 9003 - d termoizolacije = 15cm | C57: m² | D57: 860 | E57: 870 | F57: 1190 | G57: 1200 | I57: =(D57+E57+F57+G57)*H57 -> 0
B58: ZOG 1a - RAL 7016 - d termoizolacije = 10cm | C58: m² | D58: 30 | E58: 15 | F58: 15 | G58: 25 | I58: =(D58+E58+F58+G58)*H58 -> 0
B59: ZOG 1b - RAL 3003 - d termoizolacije = 15cm | C59: m² | D59: 260 | E59: 300 | F59: 450 | G59: 340 | I59: =(D59+E59+F59+G59)*H59 -> 0
B60: ULAZNI PROSTOR (zidovi natkrivenog dijela i strop) ulaz A - RAL 3003 ulaz B - RAL 6017 ulaz C - RAL 1003 ulaz D - RAL 5024 | C60: m² | D60: 36 | E60: 36 | F60: 36 | G60: 36 | I60: =(D60+E60+F60+G60)*H60 -> 0
B61: Zid rezervnog izlaza iz skloništa (bez termoizolacije) - RAL 7016 | C61: m² | G61: 35 | I61: =(D61+E61+F61+G61)*H61 -> 0
B62: GRB, crveno-bijele polja dim 40x40cm, 3d | C62: kom | D62: 1 | I62: =(D62+E62+F62+G62)*H62 -> 0
B63: OZNAKA ULAZA
B64: h= 100cm, font: Kirsten ITC. Obračun po oznaci. | C64: kom | D64: 1 | E64: 1 | F64: 1 | G64: 1 | I64: =(D64+E64+F64+G64)*H64 -> 0
A66: 2) | B66: VANJSKI ZID - KERAMIKA
B67: Završna obloga: KERAMIČKE PLOČICE d = 1,50 cm
B68: Pločice sukladno: EN HRN 14411 (ili jednakovrijedno ____________________________) HRN EN ISO 10545-12 (ili jednakovrijedno_____________________________) HRN EN ISO 10545-3 ili jednakovrijedno _____________________________)
B69: površina pločice: max 0,09 m2 • Maksimalno dopušteno površinsko opterećenje na podlogu (ukupna težina armaturnog sloja, ljepila za pločice i obloge) ne smije prelaziti 35 kg/m 2. • radijus i volumen pora: preporuka je da leđna strana pločice bude hrapava (promjer pora manji od 0,20 μm, a volumen pora manji od 20 mm 3 /g)
B70: Razdjelne fuge potrebno je izvesti trajno elastičnim fasadnim kitom na vertikalnim razmacima od maksimalno 8m, a horizontalnim 4m. Širina razdjelne fuge ovisi o vrsti i dimenziji obloge (u pravilu od 6mm). Razdjelne fuge potrebno je izvesti i na uglovima objekta.
B71: porculanske pločice (retificirane) Izgled: imitacija brušenog terazzo poda Završna obrada: polusjajno ton fuge: bijela Klasa protukliznosti: R11 vanjska primjena, otporna na vanjske utjecaje
B72: dimenzije pločice: 30x60cm
B73: d termoizolacije = 12cm
B74: VANJSKI ZID UZ TLO - SOKL | C74: m² | D74: 87.5 | E74: 90.6 | F74: 122.5 | G74: 122.5 | I74: =(D74+E74+F74+G74)*H74 -> 0
B75: PROLAZ KROZ OBJEKT | C75: m² | E75: 209 | I75: =(D75+E75+F75+G75)*H75 -> 0
A78: 5. | B78: FASADERSKI RADOVI UKUPNO | I78: =SUM(I5:I75) -> 0

Sheet 6-BRAVARSKI i ČELIČNI
A1: r.br. | B1: OPIS | C1: jed. mj. | D1: Količina ULAZ A | E1: Količina ULAZ B | F1: Količina ULAZ C | G1: Količina ULAZ D | H1: Jedinična cijena (€) | I1: Ukupno (€)
A3: 6. | B3: BRAVARSKI RADOVI
B5: Bravarski radovi podrazumijevaju izradu nosivih čeličnih konstrukcija, izradu vrata i prozora, zaštitnih rešetki i žaluzina, izradu ograda i rukohvata, te izradu ostalih bravarskih elemenata. Osnovni materijali za izradu bravarskih radova su čelični limovi, čelične šipke, čelične cijevi bez šava i čelični profili.
B7: Izvoditi prema: Tehničkim propisima za prozore i vrata (NN 69/06) Tehničkom propisu o racionalnoj upotrebi energije i toplinskoj zaštiti u zgradama (NN 128/15, 70/18, 73/18, 86/18, 102/20), i važećim normama (ili jednakovrijedno ____________________________).
B9: Presjeci čeličnih profila i debljine limova moraju odgovarati zadanim opterećenjima i biti u skladu s projektom. Profili i limovi spajaju se u konstruktivne cjeline spojnim sredstvima (zakovice, vijci i varovi) koja moraju odgovarati važećim standardima, moraju biti pravilno dimenzionirana i ugrađena. Vrsta spoja određena je opisom stavke.
B11: Svi dijelovi konstrukcije i elementi pojedinih pozicija moraju biti proračunati i dimenzionirani tako da sigurno prihvaćaju opterećenja posebice vjetra (tlak, usis) i drugih atmosferskih utjecaja i funkcija elemenata. Sile koje se javljaju u elementima i fasadi u cjelini moraju se prenijeti na monolitni dio zgrade, dok se deformacije i opterećenja (sile) sa zgrade ne smiju nikako prenositi na fasadu i/ili njene elemente. Na spoju raznih kvaliteta lima / metala izvesti potrebno galvansko razdvajanje. Izvedba razdvajanja mora biti otporno i postojano na atmosferilije i smrzavanje.
B12: Troškovi ispitivanja bravarije uključeni u cijenu stavke troškovnika. Ukoliko pojedinom stavkom nije drugačije propisano, ugradba će se izvesti upucavanjem na dozvoljenom broju mjesta, te će se smatrati da je sav materijal i rad za ovakav način ugradbe uračunat u jediničnu cijenu. Okov, kvake i brave odobrava projektant.
B14: Obveza izvođača je izrada izvedbenog projekta i radioničkih nacrta, koji moraju biti ovjereni od projektanta konstrukcije, glavnog projektanta i nadzora.
B16: Prilikom izrade projekta montaže Izvođač se treba pridržavati osnovnih načela za montažu čeličnih konstrukcija, te osigurati stabilnost konstrukcije u svakoj fazi montaže pojedinog dijela konstrukcije.
B18: Sva propisana antikorozivna i protupožarna zaštita te završna obrada čelika obuhvaćena je cijenom stavki.
B19: Popis certifikata potrebnih za izvođenje čelične konstrukcije 1. ISO 9001:2008 (ili jednakovrijedno ___________________________) 2. HRN EN 1090-1 (ili jednakovrijedno ___________________________) 3. EN 1090-2 (ili jednakovrijedno ___________________________) 4. EN ISO 3834-2:2007 (ili jednakovrijedno ___________________________)
B21: Popis certifikata potrebnih za zavarivanje: HRN EN 9606-1:2012 (ili jednakovrijedno ____________________________) HRN EN 9606-2:2007 (ili jednakovrijedno ____________________________) HRN EN 14732:2014 (ili jednakovrijedno ____________________________) HRN EN ISO 4063 (ili jednakovrijedno ____________________________)
B23: OPĆENITO
B24: Prije početka radova izvoditelj je dužan dati na uvid nadzornom inženjeru slijedeće: - certifikate materijala od kojih će biti izrađena čelična konstrukcija - certifikate za spojni materijal (vijke, elektrode i sl.) - certifikate zavarivača koji će raditi na izradi čelične konstrukcije - planove slijeda zavarivanja sa točnim odredbama u pogledu rasporeda i redoslijeda svakog pojedinog zavara - plan montaže konstrukcije u kojem će biti detaljno razrađen način i slijed montaže
... B91: U cijenu je potrebno uključiti i sve eventualno skrivene dijelove, nenabrojene elemente koje proizvođač preporuča. kao i sve opšave fazonske komade i sl. U cijenu obračunato sve u kompletu, do pune gotovosti vrata.
A93: 6.01 | B93: UNUTARNJA VATROOTPORNA VRATA
A95: 1) | B95: ULAZNA VRATA STANOVA Shema: BR 1_01
B96: Jednokrilna, zaokretna, protuprovalna, vatrootporna vrata Vatrootpornost: EI₂ 30-C. Koeficijent prolaska topline: 1,80 W/m2K Otpor prolaza zvuka: Rw > 35dB Oprema: - zurilo - kvaka s kompletom rozeta - češljani inox - zaštita za panel (češljani inox, visine 100mm) - oznaka broja stana (češljani inox, visina 90mm, font: Kristen ITC) - oznaka vlasnika stana (10 cm iznad zurila, pločica dim. 5x15x1 cm sukladno shemi, dio s prezimenom izmjenjiv) Dovratnik: sveobuhvatni, bojani RAL 7016 Krilo: puno, zaokretno, čelično sa MDF drvenom oblogom, svijetli hrast
B97: dimenzija stavke: 110 x 220 cm | C97: kom | D97: 27 | E97: 33 | F97: 49 | G97: 43 | I97: =(D97+E97+F97+G97)*H97 -> 0
A99: 2) | B99: VRATA U PODRUMU - HODNIK Shema: BR 2_01
B100: Jednokrilna, zaokretna, protuprovalna, vatrootporna vrata Vatrootpornost: EI 60. Izlaz za nuždu: HRN EN 179 Dovratnik: sveobuhvatni, bojani RAL 9010 Krilo: puno, zaokretno, čelično, bojano RAL 9010
B101: dimenzija stavke: 110 x 220 cm | C101: kom | D101: 4 | E101: 3 | F101: 3 | G101: 2 | I101: =(D101+E101+F101+G101)*H101 -> 0
A103: 3) | B103: VRATA STUBIŠTA PREMA ZAJEDNIČKOM HODNIKU Shema: BR 2_02
B104: Jednokrilna, zaokretna, protuprovalna, vatrootporna vrata Vatrootpornost: EI₂ 30-C-Sm. Izlaz za nuždu: HRN EN 179 Dovratnik: sveobuhvatni, bojani RAL 9010 Krilo: puno, zaokretno, čelično, bojano RAL 9010
B105: dimenzija stavke: 110 x 220 cm | C105: kom | D105: 1 | E105: 1 | F105: 1 | G105: 1 | I105: =(D105+E105+F105+G105)*H105 -> 0
A107: 4) | B107: VRATA STUBIŠTA PREMA ZAPORNICI Shema: BR 2_03
B108: Jednokriln, zaokretna, vatrootporna vrata Vatrootpornost: EI2 60-C. Izlaz za nuždu: HRN EN 1125 Dovratnik: sveobuhvatni, bojani RAL 9010 Krilo: puno, zaokretno, čelično, bojano RAL 9010
B109: dimenzija stavke: 110 x 210 cm | C109: kom | F109: 1 | G109: 1 | I109: =(D109+E109+F109+G109)*H109 -> 0
A111: 5) | B111: VRATA GARAŽE PREMA ZAPORNICI Shema: BR 2_04
B112: Jednokrilna, zaokretna, protuprovalna, vatrootporna vrata Vatrootpornost: E 60-C. Izlaz za nuždu: HRN EN 1125 Dovratnik: sveobuhvatni, bojani RAL 9010 Krilo: puno, zaokretno, čelično, bojano RAL 9010
B113: dim. 110 x 210 | C113: kom | F113: 1 | G113: 1 | I113: =(D113+E113+F113+G113)*H113 -> 0
A115: 6) | B115: VATROOTPORNA VRATA U PRIZEMLJU Shema: BR 2_05
B116: Jednokrilna zaokretna vatrootporna vrata Vatrootpornost: EI 60. Izlaz za nuždu: HRN EN 179 Dovratnik: sveobuhvatni, bojani RAL 9003 Krilo: puno, zaokretno, čelično, bojano RAL 9003
B117: dim. 100 x 220 | C117: kom | D117: 2 | E117: 2 | F117: 2 | G117: 2 | I117: =(D117+E117+F117+G117)*H117 -> 0
A119: =+MAX($A$1:A110)+0.01 -> 6.02 | B119: ČELIČNA OGRADA
B121: Uključivo svi spojni i prelazni detalji, spojevi sa susjednim stavkama, završetci elemenata ograde. Spojevi elemenata uglavnom vareni, svi varovi fino obrušeni. U cijeni komplet funkcionalna, završno ugrađena i obrađena stavka. Visina ograde: 120cm od poda.
A123: 1) | B123: UNUTARNJA ČELIČNA OGRADA STUBIŠTA
B124: Ograda kontinuirano prati krakove stubišta. Sastoji se od okvira i ispune. Okvir ujedno predstavlja i rukohvat. Okvir i ispune izrađuju se od kvadratnih čeličnih cijevi 50x20x3mm međusobno spojenih varenjem. Svjetli ovor < 14cm. Ograda je preko čeličnih "T" profila sidrena bočno na AB krakove stubišta kemijskim inox sidrima M12. Ograda precizno prati nagib AB kraka, dok donji rub ograde prati podgled AB kraka. Rukohvat ograde je inox cijev (Ø40mm, debljine 3mm) postavljen na visini 90cm. Rukohvat kontinuirano prati krakove i podeste (spajanje varenjem na uglovima), pri čemu su vanjski uglovi savijeni. Završna obrada: vruće pocinčavanje, plastificiranje i bojanje - RAL 7016.
B125: Shema BR_6 - 8 krakova stubišta | C125: kpl | D125: 1 | E125: 1 | I125: =(D125+E125+F125+G125)*H125 -> 0
B126: Shema BR_6a - 9 krakova stubišta | C126: kpl | F126: 1 | G126: 1 | I126: =(D126+E126+F126+G126)*H126 -> 0
A128: 2) | B128: VANJSKA ČELIČNA OGRADA - BALKONSKA VRATA
B129: Sastoji se od okvira s ispunom. Okvir i ispuna: čelični profil 50x20x3mm Osni razmak: 15,30cm Okvir je preko čeličnih profila ugrađen u doprozornik. Svi spojevi vareni, svi varovi fino brušeni, sve vruće pocinčano i bojano (RAL 7016)
B130: dimenzija okvira ograde: 155 x 100cm
B131: Shema PVC_1,03 - RAL 7016 | C131: kom | G131: 3 | I131: =(D131+E131+F131+G131)*H131 -> 0
A133: 2) | B133: VANJSKA ČELIČNA OGRADA - BALKONI
B134: Sastoji se od dvije čelične lamele i ispune. Lamele su čelične cijevi 50 x 20mm, debljine 3mm. Ispuna ograde sačinjena je od vertikalnih lamela 50 x 6mm (svijetli razmak između lamela < 14cm). Svi spojevi u elementima su vareni, a svi varovi fino brušeni. Ograda je preko čeličnih "T" profila sidrena bočno na AB konstrukciju balkona kemijskim inox sidrima M12. Donji rub ograde prati podgled balkona. Dimenzije sukladno arhitektonskim nacrtima. Završna obrada: vruće pocinčavanje, plastificiranje i bojanje
B135: Shema BR_6,1 - RAL 7016 | C135: kpl | D135: 8 | E135: 10 | F135: 17 | G135: 14 | I135: =(D135+E135+F135+G135)*H135 -> 0
B136: Shema BR_6,1a - RAL 7016 | C136: kpl | D136: 2 | I136: =(D136+E136+F136+G136)*H136 -> 0
B137: Shema BR_6,1b - RAL 7016 | C137: kpl | D137: 1 | I137: =(D137+E137+F137+G137)*H137 -> 0
B138: Shema BR_6,2 - RAL 9010 | C138: kpl | D138: 11 | E138: 19 | F138: 27 | G138: 21 | I138: =(D138+E138+F138+G138)*H138 -> 0
B139: Shema BR_6,2a - RAL 9010 | C139: kpl | D139: 2 | I139: =(D139+E139+F139+G139)*H139 -> 0
B140: Shema BR_6,2b - RAL 9010 | C140: kpl | D140: 2 | I140: =(D140+E140+F140+G140)*H140 -> 0
B141: Shema BR_6,3 - RAL 9010 | C141: kpl | D141: 1 | E141: 2 | F141: 3 | G141: 4 | I141: =(D141+E141+F141+G141)*H141 -> 0
B142: Shema BR_6,3a - RAL 9010 | C142: kpl | D142: 2 | I142: =(D142+E142+F142+G142)*H142 -> 0
A144: =+MAX($A$1:A135)+0.01 -> 6.03 | B144: UKRASNA PREGRADA BALKONA
B146: Ukrasni vanjski zaslon izrađen od nehrđajućeg čelika (korten). Sidren za AB konstrukciju sa gornje i donje strane panela. Tip obrade: lasersko rezanje. d=3mm. dimenzije: 160 x 160cm. Završna obrada: praškasti premaz. RAL 1015
B147: Shema BR_7 | C147: kpl | D147: 7 | E147: 9 | F147: 14 | G147: 11 | I147: =(D147+E147+F147+G147)*H147 -> 0
A149: =+MAX($A$1:A148)+0.01 -> 6.04 | B149: PROTUKIŠNA ŽALUZINA - VENTILACIJSKE REŠETKE - KROV
B151: Vanjska, protukišna, pocinčana, fiksna žaluzina namjenjena za ugradnju vijcima u zid. Izrađena od okvira i ispune. Okvir sastavljen od aluminijskih profila, a ispuna od "Z" aluminijskog lima debljine 2mm. Opremljena sa zaštitnom mrežicom protiv insekata na stražnjoj strani. Dimenzije trebaju biti precizno usklađene s projektom instalacija. Završna obrada: plastifikacija
B152: Materijal rešetke: aluminij
B153: Materijal mrežice: pocinčana žičana mreža
B154: boja: sivobijela RAL 9002
B155: Shema BR_5,01 (dim. 40x40cm) | C155: kom | D155: 2 | I155: =(D155+E155+F155+G155)*H155 -> 0
B156: Shema BR_5,02 (dim. 50x40cm) | C156: kom | D156: 10 | E156: 11 | F156: 15 | G156: 13 | I156: =(D156+E156+F156+G156)*H156 -> 0
B157: Shema BR_5,03 (dim. 70x40cm) | C157: kom | D157: 4 | E157: 7 | F157: 11 | G157: 9 | I157: =(D157+E157+F157+G157)*H157 -> 0
B158: Shema BR_5,04 (dim. 140x40cm) | C158: kom | D158: 4 | E158: 7 | F158: 11 | G158: 9 | I158: =(D158+E158+F158+G158)*H158 -> 0
B159: Shema BR_5,05 (dim. 160x40cm) | C159: kom | D159: 2 | E159: 2 | I159: =(D159+E159+F159+G159)*H159 -> 0
A161: =+MAX($A$1:A160)+0.01 -> 6.05 | B161: PROTUKIŠNA ŽALUZINA - VENTILACIJSKE REŠETKE - UZ RAZINU TERENA (PODRUM)
B163: Vanjska, protukišna, pocinčana, fiksna žaluzina namjenjena za ugradnju vijcima u zid. Izrađena od okvira i ispune. Ispunu čine "Z" profili debljine 2mm. Opremljena sa mrežicom protiv insekata na stražnjoj strani. Dimenzije trebaju biti precizno usklađene s projektom instalacija.
B164: Materijal rešetke: čelični lim
B165: Materijal mrežice: pocinčana žičana mreža
B166: boja: sivobijela RAL 9002
B167: Shema BR_4,01 (dim. 60x60cm, parapet 175cm) | C167: kom | D167: 30 | E167: 30 | F167: 50 | G167: 40 | I167: =(D167+E167+F167+G167)*H167 -> 0
B168: Shema BR_4,02 (dim. 60x60cm, parapet 175cm) - demontažna - prostor skloništa | C168: kom | G168: 8 | I168: =(D168+E168+F168+G168)*H168 -> 0
B169: Shema BR_4,03 (dim. 180x70cm), demontažna | C169: kom | G169: 2 | I169: =(D169+E169+F169+G169)*H169 -> 0
B170: Shema BR_4,04 (dim. 210x70cm), demontažna | C170: kom | G170: 6 | I170: =(D170+E170+F170+G170)*H170 -> 0
A172: =+MAX($A$1:A171)+0.01 -> 6.06 | B172: UGLOVNA OJAČANJA LIFTA
B173: Obuhvatnirebrasti inox okvir lifta debljine 2/3mm, oko okvira vrata (120 x 210cm); debljine AB zida: 20cm postavljen radi očuvanja zida od mehaničkih i drugih oštećenja.
B174: Obračun po komadu. | C174: kom | D174: 5 | E174: 5 | F174: 6 | G174: 6 | I174: =(D174+E174+F174+G174)*H174 -> 0
A176: =+MAX($A$1:A175)+0.01 -> 6.07 | B176: PREGRADE DRVARNICA
B178: Smještene u podrumu objekta. Sastoje se od fiksnih djelova i jednokrilnih zaokretnih vrata. Konstrukciju čine kvadratne čelične cijevi debljine 4mm spojene varenjem. Sve cijevi su bočno zatvorene. Ispuna je kvadratna mreža sačinjena od visoko kvalitetne čelične žice (dimenzija oka 50mm x 50mm, debljina žice Ø3mm).
B179: Obrada: sve vruće pocinčano i plastificirano. Boja: RAL 9010. Dimenzija vrata: 100cm x 210cm Dimenzija mreže: sukladno arhitektonskim nacrtima Oprema: lokot, zasun, oznaka i broj drvarnice / spremišta, ručka/zasun, ključ ( broj - dva za svaki stan od drvarnice koja mu pripada).
B180: Obračun po kompletu
B181: Shema BR 3_01 | C181: kpl | D181: 2 | E181: 2 | I181: =(D181+E181+F181+G181)*H181 -> 0
B182: Shema BR 3_02 | C182: kpl | D182: 4 | I182: =(D182+E182+F182+G182)*H182 -> 0
B183: Shema BR 3_03 | C183: kpl | E183: 4 | I183: =(D183+E183+F183+G183)*H183 -> 0
B184: Shema BR 3_04 | C184: kpl | F184: 7 | I184: =(D184+E184+F184+G184)*H184 -> 0
B185: Shema BR 3_05 | C185: kpl | G185: 5 | I185: =(D185+E185+F185+G185)*H185 -> 0
B186: Shema BR 3_06 | C186: kpl | G186: 6 | I186: =(D186+E186+F186+G186)*H186 -> 0
A188: =+MAX($A$1:A187)+0.01 -> 6.08 | B188: REZERVNI IZLAZ SKLONIŠTA - NADSTREŠNICA
B189: Shema BR_9 Konstrukcija od čeličnim kvadratnih profila presjeka 80x80x8mm, usidrenih preko stope bočno na AB zid. Element se sastoji od 4 zidna sa zaokrttnim vratima i krova sukladno shemi. Zidovi i vrata obloženi istegnutim al limom d=3mm, providnost 25%. Krov čelični trapezni lim: Završni pokrov je trapezni lim visokog vala 70/200, debljine d= 0,70 mm. Pokrov je jednostrešni. Završna obrada plastifikacija, RAL 9007. dim. zida od lima: 484x220cm x2kom dim. zida od lima: 290x220cm x2kom zaokretna vrata (panik kvaka 179) dim: 100x220cm trapezni lima krov: 290x484cm x1kom
C190: kpl | G190: 1 | I190: =(D190+E190+F190+G190)*H190 -> 0
A192: =+MAX($A$1:A190)+0.01 -> 6.09 | B192: IZLAZ NA KROV
B193: Čelične zidne fiksne ljestve za penjanje na krovnu etažu. Neklizajuća podloga za stopala za dodatnu sigurnost. Čelično stubište sačinjeno od 8 prečki promjera 25mm, debljine 4mm, na udaljenosti od 30cm. širina kraka: 45cm. duljina kraka: 3,00m. završna obrada: vruće pocinčano Stubište je sidreno bočno na AB konstrukciju.
B194: Obračun po kompletu. | C194: kpl | D194: 1 | E194: 1 | F194: 1 | G194: 1 | I194: =(D194+E194+F194+G194)*H194 -> 0
A196: =+MAX($A$1:A195)+0.01 -> 6.1 | B196: AL OTIRAČ U VJETROBRANU
B197: - otirač za noge za unutarnju primjenu - S tekstilnim i gumenim umetcima u sivoj ili crnoj boji - Protukliznost rešetki - Ugradbena visina: 12 mm - Aluminijski profil
B198: Gornja površina precizno u razini s podom u ostatku prostora
B199: dim. 2100 x 1000 x 12 mm | C199: kom | D199: 1 | E199: 1 | F199: 1 | G199: 1 | I199: =(D199+E199+F199+G199)*H199 -> 0
A201: =+MAX($A$1:A199)+0.01 -> 6.11 | B201: ULAZNA GARAŽNA VRATA - ROLO
...

Sheet 7-ALUMINIJSKI
A1: r.br. | B1: OPIS | C1: jed. mj. | D1: Količina ULAZ A | E1: Količina ULAZ B | F1: Količina ULAZ C | G1: Količina ULAZ D | H1: Jedinična cijena (€) | I1: Ukupno (€)
A3: 7. | B3: ALUMINIJSKI RADOVI
B5: Stavke vanjske i unutarnje bravarije u sistemima aluminijskih profila s ili bez prekida toplinskog mosta. Svi primijenjeni sistemi za vanjsku ugradnju sukladno: "Tehnički propis o racionalnoj uporabi energije i toplinskoj zaštiti u zgradama" (NN 128/15, 70/18, 73/18, 86/18 i 102/20).
B7: Kvaliteta aluminijskih profila sukladno: HRN EN 573: EN AW 6060 T66 (ili jednakovrijedno ____________________________). Smjer otvaranja otvarajućih elemenata sukladno: HRN EN 12519 (ili jednakovrijedno ____________________________). Ugradbene dubine nosivih profila fasade i debljine stakla prema potrebi provjeriti od strane statičara. Opšave i izolacijske radove (RAL ugradnja) na priključcima stavki na nosivu konstrukciju uključiti u ponudu.
B8: Izjava o svojstvima sukladno: - Zakonom o građevinskim proizvodima (NN 76/13, 30/14, 130/17) - HRN EN 14351-1 (ili jednakovrijedno____________________________) - HRN EN 13830 (ili jednakovrijedno____________________________)
B9: Iskaz tolerancija mjera i oblika za profile prema: - HRN EN 12020-2 (ili jednakovrijedno____________________________)
B10: Dokaz o čvrstoći spoja, u skladu s: - HRN EN 14024 (ili jednakovrijedno ____________________________) Dokaz o sigurnosti od ispadanja i izbijanja stakla iz fasadnih i prozorskih okvira, u skladu s: - HRN EN 1999-1-1 (ili jednakovrijedno____________________________) (Eurocode 9 - fasade) - TRAV (prozori) (ili jednakovrijedno____________________________) Proračun koeficijenata Uf i Uw, u skladu s: - HRN EN ISO 10077-2 (ili jednakovrijedno____________________________)
B11: Karakteristike sistema prema: HRN EN 14351 (ili jednakovrijedno ___________________________) - zrakopropusnost prema HRN EN 12207 (ili jednakovrijedno ____________________________) - vodonepropusnost prema HRN EN 12208 (ili jednakovrijedno ____________________________) - zaštita od buke prema HRN EN 4109 (ili jednakovrijedno ____________________________) - otpornost na udar vjetra prema HRN EN 12210 (ili jednakovrijedno ____________________________) - mehanička izdržljivost prema HRN EN 12400 (ili jednakovrijedno ____________________________) - protuprovalnost prema HRN EN 1627 (ili jednakovrijedno ____________________________)
B13: INOX
B14: kvaliteta sukladno: HRN EN 10027-1: 1.4401 X5CrNiMo17-12-2 (AISI 316(A4)) (ili jednakovrijedno ____________________________)
B15: Površinska obrada elemenata od nehrđajućeg čelika je poliranje ili četkanje (dio stavke). Sve kvake, panik kvake, panik letve i rukohvati vrata izvode se od inoxa.
B16: SATIN FINISH
B18: OKOV I OPREMA VRATA
B19: Opšav kontakta dovratnika odnosno doprozornika stavke sa žbukanim zidarskim otvorom, izvodi se tako da žbuka prekriva međuprostor profila i zida. Ukoliko ovakva izvedba nije moguća, stavka uključuje izvedbu alu L profila dimenzije 30x30x3 mm odnosno prilagođene detalju ugradnje. Okov, brave i kvake odobrava projektant.
... B42: Eloksirajući postupci na bazi elektro-kemijskog oplemenjivanja prema DIN 17611 (ili jednakovrijedno____________________) E6/C0
A44: 7.1 | B44: GLAVNA ULAZNA VRATA GRAĐEVINE
B46: Shema AL_1,01 Dvokrilna zaokretna evakuacijska vrata
B47: Karakteristike sistema: - otvaranje sa skrivenim okovom 100º-180º - 3D podešavanje panta - moguća debljina stakla do 50 mm - debljina stijenke profila > 2,00 mm - mogućnost zaštita od buke > 35 db, (uz odg. staklo) - topl. izolacija : Uf < 2,0 W/m2K - mogućnost motornog pogona i automatskog upravljanja, skrivenog okova - Ugradnja sistemskog antipanik i evakuacijskog okova prema normi: HRN EN 1125, funkcija "B" (ili jednakovrijedno __________________________).
B48: - zrakopropusnost: klasa 2 - vodonepropusnost: klasa 5A - zaštita od buke: > 35 dB (ovisno o staklu) - otpornost na udar vjetra: klasa C3 - mehanička izdržljivost: klasa 5 - protuprovalnost: WK 3
B50: Vrata su podijeljena po vertikali u oba krila na 8 jednakih dijelova (ostakljeno).
B51: Dovratnik: aluminijski, sveobuhvatni, bojani RAL 7016 Okvir krila kod kvake - aluminijski, bojani, RAL 3003 Krilo: djelomično ostakljeno sukladno arhitektonskom nacrtu - sigurnosno, laminirano staklo VSG. ESG-H 4.4.2. dim. 210 x 220 cm
B52: OPREMA - Rukohvat je inox cijev Ø50mm izvana, vijcima pričvrćena za okvir; iznutra panik letva. - Brava cilindar, električna, povezana sa parlafonom - Odbojnik u podu, hidraulični zatvarač vrata. - Elektromotorno otvaranje povezano s VDC-om. - Zaustavljači vrata u otvorenom položaju - Broj ključeva - dva po svakom stanu
B53: Napomena: Elektro dio je posebno obrađen u projektu elektroinstalacija.
B54: dimenzija vrata 210 (105x105) x 240cm
B55: Obračun po broju komada. | C55: kom | D55: 1 | E55: 1 | F55: 1 | G55: 1 | I55: =(D55+E55+F55+G55)*H55 -> 0
A57: =+MAX($A$1:A46)+0.1 -> 7.2 | B57: OSTAKLJENJE STUBIŠTA
B59: KARAKTERISTIKE SISTEMA: - kvaliteta materijala AlMgSi 0,5 F22 EN AW – 6060 - moguća debljina stakla 4 - 55 mm - debljina stijenke profila 2,2 mm - moguće vrste otvaranja: otklopno-zaokretno - mogućnost motornog pogona i automatskog upravljanja, skriveni okov - topl. izol., EN ISO 10071-2: Uf=1.9-2.4 W/m2 K - materijal za brtvljenje (EPDM) sukladno: DIN 7863 (ili jednakovrijedno ____________________________)
B60: - zrakopropusnost: klasa 3 - vodonepropusnost: klasa E1200 - zaštita od buke: > 35 dB (ovisno o staklu) - otpornost na udar vjetra: klasa C5/B5 - mehanička izdržljivost: klasa 5 - protuprovalnost: WK 3
B61: Napomena: Elektro dio je posebno obrađen u projektu elektroinstalacija.
B63: debljina profila krila cca 70mm - profil s prekintuim termičkim mostom - izo ostakljenje
B64: unutarnja ivanjska AL klupica - dio stavke
B66: Shema AL_3,01 1 fiksno i 1 otklopno - zaokretno krilo dim. 110 x 250cm | C66: kom | D66: 3 | E66: 3 | F66: 3 | G66: 3 | I66: =(D66+E66+F66+G66)*H66 -> 0
B67: Shema AL_3,02 Jednokrilni, zaokretno otklopni prozor povezan s VDC-om - služi za provjetravanje stubišta dim. 100 x 120cm, parapet 130cm | C67: kom | D67: 1 | E67: 1 | F67: 1 | G67: 1 | I67: =(D67+E67+F67+G67)*H67 -> 0
B68: Shema AL_3,02 Jednokrilni, zaokretno otklopni prozor povezan s VDC-om - služi za provjetravanje stubišta dim. 100 x 120cm, parapet 170cm | C68: kom | D68: 1 | E68: 1 | F68: 1 | G68: 1 | I68: =(D68+E68+F68+G68)*H68 -> 0
A70: =+MAX($A$1:A67)+0.1 -> 7.3 | B70: UNUTARNJA VRATA
A72: 1) | B72: UNUTARNJA VRATA - PODRUM
B73: Jednokrilna zaokretna evakuacijska vrata. HRN EN 179 ili jednakovrijedno __________________. Ispuna: puni izolirani panel (debljine 40mm) sa aluminijskom oblogom.
B74: - zrakopropusnost: klasa 2 - vodonepropusnost: klasa E1200 - zaštita od buke: > 35 dB (ovisno o staklu) - otpornost na udar vjetra: klasa C5/B5 - mehanička izdržljivost: klasa 5 - protuprovalnost: WK 2
B75: Okov vrata: panti, brava, prihvatnik, kvaka sa unutarnje i vanjske strane.
B76: Dovratnik: aluminijski, sveobuhvatni, bojani Krilo: puno, zaokretno, bojano
B77: Broj ključeva: - dva ukoliko je spremište pojedinog stana - svaki stan po jedan, za zajedničko spremište - 2 po ulazu za prostor čistačice
B78: Shema AL_2,01 dim. 110 x 220cm | C78: kom | D78: 1 | E78: 2 | F78: 1 | G78: 1 | I78: =(D78+E78+F78+G78)*H78 -> 0
B79: Shema AL_2,02 dim. 110 x 220cm | C79: kom | D79: 1 | E79: 1 | I79: =(D79+E79+F79+G79)*H79 -> 0
A81: 2) | B81: UNUTARNJA VRATA - ZAJEDNIČKI HODNIK
B82: Dvokrilna zaokretna evakuacijska vrata. HRN EN 1125 ili jednakovrijedno ___________________. Ostakljenje: VSGESG 55.2
B83: Smještaj: vrata zajedničkog hodnika prema stubištu
B84: Okov vrata: panti, panik brava, prihvatnik, panik letva sa unutarnje strane panik letva na glavnom krilu >90cm, kvaka sa vanjske strane i hidraulični samozatvarač.
B85: Dovratnik: aluminijski, sveobuhvatni.
B86: Shema AL_2,03 dim. 150(100 + 50) x 220cm | C86: kom | D86: 8 | E86: 8 | F86: 8 | G86: 8 | I86: =(D86+E86+F86+G86)*H86 -> 0
A88: =+MAX($A$1:A80)+0.1 -> 7.4 | B88: TRGOVINA
A90: 1) | B90: KOMBINIRANA STAKLENA STIJENA
B92: Shema AL 4,1
B93: Kombinirana staklena stijena sastoji se od 4 krila jednakih dimenzija u aluminijskom okviru. Od vidljivog dijela otvora do AB konstrukcije postaviti slijepi okvir termoizoliran mineralnom vunom i zatvoren aluminijskim limom. Svako krilo sastoji se iz dva dijela: otklopnog i fiksnog sukladno shemi.
B94: dim 410x220cm | C94: kom | F94: 1 | I94: =(D94+E94+F94+G94)*H94 -> 0
B96: Shema AL 4,2
B97: kao prethodna stavka (4,1)
B98: dim 500x220cm | C98: kom | F98: 1 | I98: =(D98+E98+F98+G98)*H98 -> 0
B100: Shema AL 4,3
B101: Kombinirana staklena stijena sastoji se od 3 dijela u aluminijskom okviru. Stijenu čine dva fiksna krila širine 110cm te dvokrilna zaokretna vrata. Jedno kilo vrata služe za evakuaciju te su opremljena panik letvom sukladno normi HRN 1125 ili jednakovrijedno _______________________.
B102: dim 470x220cm | C102: kom | F102: 1 | I102: =(D102+E102+F102+G102)*H102 -> 0
A104: 7. | B104: ALUMINIJSKI RADOVI UKUPNO | I104: =SUM(I55:I102) -> 0

Sheet 8-LIMARSKI
A1: r.br. | B1: OPIS | C1: jed. mj. | D1: Količina ULAZ A | E1: Količina ULAZ B | F1: Količina ULAZ C | G1: Količina ULAZ D | H1: Jedinična cijena (€) | I1: Ukupno (€)
A3: 8. | B3: LIMARSKI RADOVI
B5: Limarski radovi odnose se na: - protukišne žaluzine i rešetke - limene poklopnice pragova i parapeta terasa - limene opšave krovnih ploha - limene opšave prodora kroz krovne plohe i dr.
B7: Elementi limarije profiliraju se i formatiziraju na limarskim strojevima u radionici. Pri profiliranju limarskih elemenata bridovi savijenih limova ne smiju biti oštri, nego pravilno zaobljeni. Profilirani i formatirani elementi mogu se u radionici spajati u sekcije čija je dužina pogodna za transport a ne otežava montažu na objektu. Elementi i sekcije međusobno se spajaju limarskim vezama (jednostruki i dvostruki, ležeći i stojeći prijevoji), varenjem i zakivanjem. Spojevi moraju biti vodonepropusni. Veza limarskih elemenata sa objektom mora omogućavati rad limene konstrukcije pri temperaturnim promjenama. Kako lim ne smije ležati neposredno na betonu ili žbuci, ispod lima se polažu trake krovne ljepenke. Širina traka mora odgovarati širini lima. Prilikom izvođenja potrebno odvojiti različite metale kako ne bi došlo do negativnog utjecaja galvanskih struja.
B8: Prije izrade elemenata izvođač mora provjeriti mjere na gradilištu. Nakon izrade limarije izvođač je dužan u prisutnosti nadzornog organa izvršiti ispitivanje vodonepropusnosti postavljene limarije. Ispitivanje se vrši blagim vodenim mlazom. Limarija ne smije propuštati vodu, oticanje mora biti kontinuirano bez zadržavanja vode u pojedinim segmentima.
B9: Osnovni materijal: plastificirani pocinčani čelični lim d = 0.60mm
A11: 8.1 | B11: LIMENI OPŠAV KROVNOG NADOZIDA
B13: Opšav krovnih nadozida, dimnjak, šaht…..U jediničnu cijenu stavku uključeno zarezivanje utora u zidu, sva spojna sredstva, vodotijesna međusobna brtvljenja i vodotijesna brtvljenja s drugim materijalima.
B14: Razvijena širina lima 15cm
B15: Obračun po kompletno izvedenom m'. | C15: m' | D15: 63 | E15: 73 | F15: 85 | G15: 73 | I15: =(D15+E15+F15+G15)*H15 -> 0
A17: =+MAX($A$1:A15)+0.1 -> 8.2 | B17: LIMENA POKLOPNICA KROVNOG NADOZIDA
B19: Materijal: plastificirani pocinčani čelični lim d = 0,80mm Materijal nosača: čel. trake 40x5mm na razmaku 50cm obrada: vruće pocinčano Završna boja: sivobijela RAL 9002
B20: U jediničnu cijenu stavku uključena su sva spojna sredstva, vodotijesna međusobna brtvljenja i vodotijesna brtvljenja s drugim materijalima.
B21: Obračun po kompletno izvedenom m'.
B22: razvijena širina 50cm | C22: m' | D22: 210 | E22: 250 | F22: 290 | G22: 305 | I22: =(D22+E22+F22+G22)*H22 -> 0
B23: razvijena širina 80cm (dilatacija) | C23: m' | F23: 15 | I23: =(D23+E23+F23+G23)*H23 -> 0
A25: =+MAX($A$1:A24)+0.1 -> 8.3 | B25: ODVODNJA BALKONA
A27: 1) | B27: RIGALICA jedna po balkonu Rigalica za odvodnju oborinske vode s plaštom Ø50 - Inox A2. Dužina izljeva - 250mm | C27: kom | D27: 28 | E27: 31 | F27: 45 | G27: 39 | I27: =(D27+E27+F27+G27)*H27 -> 0
A28: 2) | B28: ISPUST ARLI jedan po arli Ø20 - Inox A2. Dužina izljeva - 250mm
B29: Obračun po kompletu. | C29: kom | D29: 8 | E29: 10 | F29: 14 | G29: 10 | I29: =(D29+E29+F29+G29)*H29 -> 0
A31: 8. | B31: LIMARSKI RADOVI UKUPNO | I31: =SUM(I13:I29) -> 0

Sheet 9-STOLARSKI
A1: r.br. | B1: OPIS | C1: jed. mj. | D1: Količina ULAZ A | E1: Količina ULAZ B | F1: Količina ULAZ C | G1: Količina ULAZ D | H1: Jedinična cijena (€) | I1: Ukupno (€)
A3: 9. | B3: STOLARSKI RADOVI
B5: Stolarski radovi podrazumijevaju izradu i ugradnju građevinske stolarije (vrata, prozori, kombinirane stijene), izradu i ugradnju drvenih obloga, te izradu i ugradnju ostalih stolarskih elemenata definiranih projektom.
B7: Prozore i vrata izvoditi prema: - Tehničkom opisu za prozore i vrata NN 69/06 - Tehničkom propisu o racionalnoj upotrebi energije i toplinskoj zaštiti u zgradama (NN 128/15, 70/18, 73/18, 86/18, 102/20) - Tehničkom propisu za staklene konstrukcije (NN 53/201)
B8: Tehničke karakteristike sukladno: HRN EN 14351-1 (ili jednakovrijedno ____________________________).
B10: Sve mjere obavezno kontrolirati na licu mjesta (mogu biti neznatno različite od onih u shemama, što ne mijenja jediničnu cijenu stavke).
B12: Unutarnja vrata izvode se prema shemama stolarije. U stavku je uključen opšav kontakta dovratnika odnosno doprozornika stavke sa zidarskim otvorom, u vidu opšavne letve dimenzije prilagođene detalju ugradnje. Unutarnja stolarija - izvodi se, osim od vrsta masivnog i lameliranog drveta (bor, jela, smreka, hrast) i od pločastih predgotovljenih materijala materijali – furnira, panel ploča, vlaknatica i iverica, MDF(mediapan) ploča (medium density fibre board), laminata itd.
B14: Dovratnici su obuhvatni, od lameliranog masivnog smrekovog drva ličeno vodenim lakom - bijelo. Pokrovne letve su od smreke drva hrast -masiva. Dizajn dovratnika: "uglasti". Boja: vodeni lak (tonirano, sa vidljivom strukturom drva). Ton: izbijeljeni hrast
B16: Vratno krilo je puno. Okvir je od masivnog smreke s ispunom od kartonskih saća, a s vanjske strane obloženo medijapan pločom debljine 5mm. Furnirano hrastovim furnirom (horizontalna vena, izbijeljenji hrast). Ukupna širina krila iznosi 40-42 mm. Ličeno poliuretanskim lakom u tri sloja sa ostavljenom bojom izbijeljenog hrasta.
B18: Stolarija se ugrađuje suhim postupkom (ugradnjom na slijepe okvire ili ekspandirajućom pjenom). Zidarska mjera je razmak konstruktivnih elemenata.
B19: Prilikom uvođenja u posao podizvođač treba provjeriti točnost izvedbe. Izvođač treba pristupiti izvedbi tek nakon što projektant potpisom potvrdi radioničke nacrte i tehnološku razradu svih detalja.
B20: Prije pristupa izradi stolarije izvođač je obavezan prekontrolirati količine i zidarske veličine otvora na gradilištu. Radioničke nacrte izrađuje izvođač stolarskih radova, te dostavlja na usaglašavanje projektantu. Izvođač je dužan s rukovodiocem gradilišta definirati redosljed izrade i isporuke stolarskih elemenata.
B21: Svi stolarski elementi isporučuju se na gradilištu kao gotov finalni proizvod, osim onog dijela stolarije koji se liči na gradilištu, ukoliko tako određuje odabrani proizvod.
B22: Sva stolarija kod dostave mora biti zaštićena, dok se finalno obrađeni proizvodi zaštićuju i nakon ugradbe od nenamjernog oštećenja (kartonom i PVC folijom), što je sadržano u jediničnoj cijeni.
... B30: Gotovi elementi moraju se u radionici premazati fungicidnom impregnacijom za drvo koja je izrađena na bazi alkidnih smola sa svijetlo stalnim pigmentima i aktivnim fungicidnim dodacima. Bezbojna impregnacija se upotrebljava ako se stavka u konačnici obrađuje bezbojnim lakom ili lazurnom bojom, u ostalim slucajevima može se upotrijebiti blago tonirana impregnacija. Završna obrada se izvodi radionički, popravc nakon montaže nisu prihvatljivi. Izvođač se obavezuje da izradi radioničke nacrte za ključne detalje. Detalji moraju slijediti odrednice date kroz principjelne detalje priložene u projektu.
A31: 9.1 | B31: UNUTARNJA SOBNA VRATA
B33: OPREMA: kvaka izrađena od eloksiranog aluminija (natur) šarke 3 komada po krilu brava sa sobnim ključem gumeni odbojnik u podu Otpor prolaska zvuka: Rw > 25dB
B34: JEDNOKRILNA ZAOKRETNA VRATA Obračun po broju komada.
B35: Shema ST_1,01 - dim 90x210 | C35: kom | D35: 27 | E35: 33 | F35: 42 | G35: 39 | I35: =(D35+E35+F35+G35)*H35 -> 0
B36: Shema ST_1,02 - dim 80x210 (sa "zahodskom"bravom) | C36: kom | D36: 31 | E36: 33 | F36: 49 | G36: 43 | I36: =(D36+E36+F36+G36)*H36 -> 0
B37: Shema ST_1,03 - dim 70x210 | C37: kom | D37: 5 | E37: 1 | I37: =(D37+E37+F37+G37)*H37 -> 0
A39: =+MAX($A$1:A38)+0.1 -> 9.2 | B39: PREGRADNI ZID OD LETVICA
B41: Vertikalne letvice od crnog medijapana i prirodnog furnira u boji hrasta kao pregrada u interijeru – dijele vizualno zone unutar otvorenog prostora.
B42: Vertikalne letvice (7x2cm) u razmacima od 10 - 15 cm, postavljene sukladno arhitektonskom nacrtu, međusobno su povezane horizontalnom letvom na vrhu i dnu jednake debljine koje se učvršćuje u pod i strop. U visini 90cm i 180cm povezje (ukruta) letvice al. cijev promjera 25/5mm Na utor s unutarnje strane lamele nanositi ljepilo i pričvrstiti je na pripremljenu letvu. Točnu visinu utvrditi nakon gotovih obloga zida i poda. Prema stropu osigurati klizni ležaj (dilatacija 2cm)Obračun po komadu.
B43: l= 100cm; h= 268cm | C43: kom | D43: 4 | F43: 4 | G43: 4 | I43: =(D43+E43+F43+G43)*H43 -> 0
B44: l= 120cm; h= 268cm | C44: kom | D44: 4 | I44: =(D44+E44+F44+G44)*H44 -> 0
B45: l= 160cm; h= 268cm | C45: kom | D45: 3 | E45: 7 | F45: 8 | G45: 8 | I45: =(D45+E45+F45+G45)*H45 -> 0
B46: l= 175cm; h= 268cm | C46: kom | E46: 4 | F46: 4 | G46: 4 | I46: =(D46+E46+F46+G46)*H46 -> 0
A48: =+MAX($A$1:A47)+0.1 -> 9.3 | B48: RAZNO
B50: TIPSKA OGLASNA PLOČA
B51: Shema ST _ 2 Bravarica sa tri ključa Vrata od pleksija (d = 6mm), okvir od aluminija. Prostor za oglase: pocinčani lim (d = 1mm) + pluto (d = 5mm). Obavijesti se pričvršćuju magnetima ili pribadačama. Boja: natur aluminij dim. 100x70x7cm
B52: Obračun po komadu. | C52: kom | D52: 1 | E52: 1 | F52: 1 | G52: 1 | I52: =(D52+E52+F52+G52)*H52 -> 0
A56: 9. | B56: STOLARSKI RADOVI UKUPNO | I56: =SUM(I4:I54) -> 0

Sheet 10-PVC STOLARIJA i KROVNA KUPOL
A1: r.br. | B1: OPIS | C1: jed. mj. | D1: Količina ULAZ A | E1: Količina ULAZ B | F1: Količina ULAZ C | G1: Količina ULAZ D | H1: Jedinična cijena (€) | I1: Ukupno (€)
A3: 10. | B3: PVC RADOVI
B5: PVC otvori podrazumijevaju izradu i montažu vrata, prozora i kombiniranih stijena od PVC višekomornih profila.
B6: Prozore i vrata izvoditi prema: - Tehničkom opisu za prozore i vrata NN 69/06 - Tehničkom propisu o racionalnoj upotrebi energije i toplinskoj zaštiti u zgradama (NN 128/15, 70/18, 73/18, 86/18, 102/20)
B7: Tehničke karakteristike sukladno: HRN EN 14351-1 (ili jednakovrijedno ____________________________).
B8: Sve mjere obavezno kontrolirati na licu mjesta (mogu biti neznatno različite od onih u shemama, što ne mijenja jediničnu cijenu stavke).
B9: U stavku je uključen opšav kontakta dovratnika odnosno doprozornika stavke sa zidarskim otvorom, u vidu opšavne letve dimenzije prilagođene detalju ugradnje.
B11: Osnovni materijali za izradu PVC otvora su ekstrudirani profili izrađeni iz umjetnih UV stabiliziranih materijala (PVC praha i aditiva), s čeličnim pocinčanim ojačanjem. Presjeci čeličnih profila i debljine limova moraju odgovarati zadanim opterećenjima i biti u skladu sa detaljima priloženim u projektu. Profili i limovi spajaju se u konstruktivne cjeline spojnim sredstvima (zakovice, vijci i varovi) koja moraju odgovarati važećim standardima, moraju biti pravilno dimenzionirana i ugrađena.
B13: Karakteristike sistema prema HRN EN 14351 (ili jednakovrijedno _______________) - zrakopropusnost: klasa 4 prema HRN EN 12207 (ili jednakovrijedno ____________________________) - vodonepropusnost: klasa E750 prema HRN EN 12208 (ili jednakovrijedno ____________________________) - zaštita od buke: > 35 dB (ovisno o staklu) prema HRN EN 4109 (ili jednakovrijedno ____________________________) - otpornost na udar vjetra: klasa C5/B5 prema HRN EN 12210 (ili jednakovrijedno ____________________________) - mehanička otpornost: klasa 4 prema HRN EN 13115 (ili jednakovrijedno ____________________________) '- kvaliteta prema EN 12608:2004s (ili jednakovrijedno ___________________________ ) - Uf < 1.2 W/m2 K prema EN ISO 10071-2 (ili jednakovrijedno __________________________ )
B14: - materijal za brtvljenje: EPDM prema DIN 7863 (ili jednakovrijedno __________________________ ) - kontrola kvalitete prema DIN EN ISO 9001 (ili jednakovrijedno __________________________ )
B15: - A klase profila, tzv. vidljive stijenke profila moraju biti ≥ 2.8mm, nevidljive ≥ 2.5mm - debljina stakla do 48 mm - vrste otvaranja: otklopno-zaokretno (jednokrilno, dvokrilno), zaokretno-otklopno, otklopno oko donje ili gornje osi, otklopno-klizno, dvokrilno - masa krila (otklopno-klizno) do 180 kg
B17: Dovratnik - doprozornik izrađen je iz kutijastih PVC-profila usidren za bočne betonske ili zidove od opeke, pocinčanim vijkom i plastičnom tiplom. Spajanje elemenata je varenjem. Brtvljenje fiksnih i pokretnih elemenata, te ostakljenja i okvira, gumenim brtvama sa varenim spojevima. Između krila i okvira vrata i prozora potrebno je staviti min 2 brtve od EPDM-a.
B19: OSTAKLJENJE Sva ostakljenja izvode se troslojnim IZO staklom (low E staklo). Obično - FLOAT ostakljenje je trostruko ostakljenje sa dva međusloja plina, a izvodi se u sastavu: 6mm(float) + 14mm (argon) + 4mm (LOW-E) + 14mm (argon) + 6mm (LOW-E). Koeficijent prolaza topline kroz stijenu: k < 1,1 W/M2K. Otpor prolazu zvuka: R > 35dB Odgovara uvjetima za A+ energetski razred.
B21: UNUTARNJE KLUPICE OTVORA
... B30: ZAŠTITA OD SUNCA - ROLETE Roleta u nadprozorskoj izoliranoj kutiji Lamele rolete su izrađene od aluminijskih profila, ispunjenih poliuretanskom pjenom. Kutija za rolete je od višekomornog PVC profila, topllinski izolirana polistirenom. Rolete se dižu - spuštaju trakom od tkanine koja se namata u kutiju. Prolaz trake kroz otvor u kutiji brtviti četkicama. Vodilica rolete na prozorima visine manje od 180 cm je "na izbacivanje" - zglobna. Rolete u prizemlju moraju imati sigurnosni zasun koji se može otvoriti samo iznutra. Boja rolete: RAL 9007 Boja kutije: RAL 9010. Napomena: Istu širinu lamela koristiti za sve otvore.
A32: 10.1 | B32: BALKONSKA VRATA
B33: Opis sadržan u arhitektonskom projektu
B35: Shema PVC_1,01 Kombinirana staklena stijena balkonskih vrata dim (90 + 110) x240 | C35: kom | D35: 25 | E35: 31 | F35: 45 | G35: 39 | I35: =(D35+E35+F35+G35)*H35 -> 0
B36: Shema PVC_1,02 Jednokrilna, zaokretna, otklopna balkonska vrata dim 90x240 | C36: kom | D36: 3 | I36: =(D36+E36+F36+G36)*H36 -> 0
B37: Shema PVC_1,03 Dvokrilna, zaokretna balkonska vrata Jedno krilo otklopno - zaokretno dim 160x240 | C37: kom | G37: 3 | I37: =(D37+E37+F37+G37)*H37 -> 0
A39: =+MAX($A$1:A34)+0.1 -> 10.2 | B39: PROZOR
B40: Opis sadržan u arhitektonskom projektu
B41: unutarnja PVC klupica, vanjskla AL klupica
B43: Shema PVC_2,01 Kombinirana staklena stijena prozora dim 90 x190; parapet 50cm | C43: kom | D43: 9 | E43: 15 | F43: 22 | G43: 19 | I43: =(D43+E43+F43+G43)*H43 -> 0
B44: Shema PVC_2,02 Jednkrilni, zaokretni, otklopni prozor dim 90 x120+20; parapet 100cm | C44: kom | D44: 9 | E44: 4 | F44: 6 | G44: 9 | I44: =(D44+E44+F44+G44)*H44 -> 0
B45: Shema PVC_2,03 Dvokrilni zaokretni prozor (jedno krilo otklopno) dim 160 x120+20; parapet 100cm | C45: kom | G45: 4 | I45: =(D45+E45+F45+G45)*H45 -> 0
B46: Shema PVC_2,04 Dvokrilni zaokretni prozor (jedno krilo otklopno) dim 200 x120+20; parapet 100cm | C46: kom | D46: 16 | E46: 21 | F46: 29 | G46: 27 | I46: =(D46+E46+F46+G46)*H46 -> 0
A48: =+MAX($A$1:A44)+0.1 -> 10.3 | B48: KROVNI OTVOR
B50: Oznaka u nacrtu: PVC_3 Prozor za izlaz na krov smješten u stubišnom prostoru, na zadnjoj etaži.
B51: Model prozora: otklopni prozor za izlaz na krov Pokrovni element: prozirna kupola - energetski učinkovito izolacijsko staklo ugrađeno u izolirani PVC okvir. Sustav: ručno otvaranje za 90° pomoću plinskih amortizera.
B52: Fluidni prijelaz s ostakljenja na vanjski okvir - kupola. Optimalna odvodnja vode, omogućuje znatno manje prljanje svjetlosne kupole.
B53: 3-slojna kupola: Ug koeficijent 1,8 W/m2K Ur koeficijent 1,6 W/m2K Otvaranje: ručni otvarač, klizno vreteno - 280 mm visina Vreteno izrađeno od pocinčanog čelika / mesinga Bez održavanja, beskonačno prilagodljivo Potrebni pribor: (170 cm), produžna šipka (80 cm) Nasadni vijenac: PVC vijenac (h= 15, 30 ili 50 cm). Toplinska izolacija, U-vrijednost u W / m²K: Uc 1,1 / Uup 1,9 (h=15cm), Uc 0,6 / Uup 0,8 (h=30/50cm) Integrirana kišna pregača štiti gornju spojnu točku podignutog krovnog remena i zamjenjuje trajno elastično brtvljenje zidne spojne tračnice. Prirubnica vijka s kalupom za kapanje. Posebno pozicioniranje šarki za optimalno brtvljenje između krovne kupole i podnožja.
B54: dimenzija stavke (zidarska mjera): 100x100cm
B55: Obračun po komadu. | C55: kom | D55: 1 | E55: 1 | F55: 1 | G55: 1 | I55: =(D55+E55+F55+G55)*H55 -> 0
A57: 10. | B57: PVC RADOVI UKUPNO | I57: =SUM(I34:I55) -> 0

Sheet 11-SOBOSLIKARSKI LIČILAČKI
A1: r.br. | B1: OPIS | C1: jed. mj. | D1: Količina ULAZ A | E1: Količina ULAZ B | F1: Količina ULAZ C | G1: Količina ULAZ D | H1: Jedinična cijena (€) | I1: Ukupno (€)
A3: 11. | B3: LIČILAČKI RADOVI
B5: Ličilački radovi podrazumijevaju ličenje unutrašnjih zidova i stropova.
B6: U odabranim sistemima zaštite materijali po svojim teh. karakteristikama moraju biti takvi da je svaki naneseni sloj dobra podloga za naredni sloj. Zbog toga za jedan sustav treba upotrijebiti proizvode jednog proizvođača. U opisima su date kemijsko fizikalne baze na osnovu kojih je materijal izrađen. Mogu se birati materijali bilo kojeg proizvođača ako imaju kemijsko fizikalnu bazu istovjetno onoj iz opisa. Kod upotrebe otrovnih i zapaljivih materijala obavezna je primjena propisanih zaštitnih mjera.
B7: Za svaki upotrijebljeni materijal moraju biti poznate požarno preventivne karakteristike prema važećim normama, te temperaturni razred i eksplozivna grupa.
B8: Izvođač se obavezuje da će poštivati izbor boja određen od strane projektanta. Prije ličenja završnog sloja na gradilištu se izvodi probni uzorak. Projektant se obavezuje da na gradilištu provjeri uzorak. Nakon pismene potvrde projektanta može početi ličenje finalnim slojevima boje.
B9: Jedinična cijena obuhvaća manipulaciju elementima u toku ličenja, radne skele, materijal, rad, otklanjanje nedostataka, čišćenje bojom uprljanih površina i čišćenje otpadaka nastalih pri izvođenju ličilačkih radova. Izvođač je dužan zaštititi ostale radove i elemente prije početka radova. Ličenje unutrašnjih zidova i stropova obračunava se po m2, (otvori do 3m2 se ne oduzimaju, a obrada oko otvora se ne obračunava posebno).
B10: podloga za ličenje:
B11: gletani i žbukani ab
B12: gletane gk ploče
B13: gletane vlaknocementne ploče
A15: 11.1 | B15: GLETANJE I LIČENJE ZIDOVA PERIVOM BOJOM
B17: Površine zida moraju biti očišćene od prašine i drugih nečistoća. Veća oštećenja popraviti materijalom istorodnog sastava. Manja oštećenja popraviti kitom izrađenim na bazi vodene disperzije akrilatnih kopolimera (fasadni kit). Vidljive željezne dijelove zaštititi antikorozivnim temeljnim premazom. Glet masa se nanosi čeličnim gleterom. Nakon sušenja površina se brusi brusnim papirom br. 120 ili 150, te otprašuje.
B19: Impregniranje zida izvodi se impregnacijom na bazi vodene disperzije akrilatnih kopolimera (Disperolakril impregnacija). Dvokratni nalič (odnosno do potpune jednolične pokrivenosti) disperzivnom bojom na bazi vodene disperzije akrilnih kopolimera (disperol akril). Prvi nalič se razrjeđuje s 10-15% čiste vode, a drugi s 5% čiste vode. Nanošenje krznenim valjkom. Kod nanošenja slijediti upute proizvođača. Obračun po m2 oličenog zida.
B21: KLASA PERIVOSTI 1 - ZIDOVI ULAZA, STUBIŠTA I ZAJEDNIČKIH HODNIKA
B22: KLASA PERIVOSTI 2 - ZIDOVI STANOVA
B23: KLASA PERIVOSTI 3 - STROPOVI
B25: PODLOGA: ŽBUKA NA BETONU
A27: 1. | B27: ZIDOVI
B28: PRIZEMLJE | C28: m² | D28: 900 | E28: 900 | F28: 1380 | G28: 1230 | I28: =(D28+E28+F28+G28)*H28 -> 0
B29: 1. KAT | C29: m² | D29: 840 | E29: 1050 | F29: 1410 | G29: 1200 | I29: =(D29+E29+F29+G29)*H29 -> 0
B30: 2. KAT | C30: m² | D30: 840 | E30: 1050 | F30: 1410 | G30: 1200 | I30: =(D30+E30+F30+G30)*H30 -> 0
B31: 3. KAT | C31: m² | D31: 840 | E31: 1050 | F31: 1410 | G31: 1200 | I31: =(D31+E31+F31+G31)*H31 -> 0
A33: 2. | B33: STROPOVI
B34: PODRUM | C34: m² | D34: 400 | E34: 400 | F34: 1460 | G34: 1300 | I34: =(D34+E34+F34+G34)*H34 -> 0
B35: PRIZEMLJE | C35: m² | D35: 460 | E35: 460 | F35: 800 | G35: 690 | I35: =(D35+E35+F35+G35)*H35 -> 0
B36: 1.KAT | C36: m² | D36: 470 | E36: 600 | F36: 815 | G36: 700 | I36: =(D36+E36+F36+G36)*H36 -> 0
B37: 2. KAT | C37: m² | D37: 470 | E37: 600 | F37: 815 | G37: 700 | I37: =(D37+E37+F37+G37)*H37 -> 0
B38: 3. KAT | C38: m² | D38: 470 | E38: 600 | F38: 815 | G38: 700 | I38: =(D38+E38+F38+G38)*H38 -> 0
B40: PODLOGA: GKP
A41: 3. | B41: ZIDOVI
B42: ZGG 2 | C42: m² | D42: 342 | E42: 471.6 | F42: 838.8 | G42: 692.4 | I42: =(D42+E42+F42+G42)*H42 -> 0
B43: ZGG3 | C43: m² | D43: 323.2 | E43: 444.6 | F43: 565.48 | G43: 578.5 | I43: =(D43+E43+F43+G43)*H43 -> 0
B44: ZGG 5 | C44: m² | D44: 1581.2 | E44: 1810.9 | F44: 2173.75 | G44: 2212.9 | I44: =(D44+E44+F44+G44)*H44 -> 0
B45: ZGN 1 | C45: m² | D45: 651.6 | E45: 836.4 | F45: 1206 | G45: 1025 | I45: =(D45+E45+F45+G45)*H45 -> 0
A48: 11. | B48: LIČILAČKI RADOVI UKUPNO | I48: =SUM(I27:I45) -> 0

Sheet 12-KERAMIČARSKI
A1: r.br. | B1: OPIS | C1: jed. mj. | D1: Količina ULAZ A | E1: Količina ULAZ B | F1: Količina ULAZ C | G1: Količina ULAZ D | H1: Jedinična cijena (€) | I1: Ukupno (€)
A3: 12. | B3: KERAMIČARSKI RADOVI
B5: Keramičarski radovi podrazumijevaju dobavu i postavu keramičkih pločica na zidne i podne plohe.
B7: KERAMIČKE PLOČICE
B8: Keramičke pločice koje se dopremaju i ugrađuju u građevinu moraju odgovarati postojećim hrvatskim normativima (ili jednakovrijedno _______________).
B9: moraju ispunjavati sljedeće uvjete:
B10: - rubovi moraju biti oštri, paralelni, ravni i neoštećeni - pločice ne smiju sadržavati topive soli i ostale sastojke - površina mora biti bez zareza i mjehurića - donja površina mora biti obrađena tako da bude pogodna za ugradnju - boja mora biti ujednačena
B11: Pločice sukladno: HRN EN 14411 (ili jednakovrijedno ____________________________)
B13: VEZIVA
B14: Za lijepljenje keramičkih pločica mogu se upotrijebiti samo ljepila koja su od proizvođača deklarirana za određenu vrstu radova i tip pločice. Proizvođač mora dati detaljne upute za upotrebu i predradnje potrebne za lijepljenje. Ljepilo ne smije izazivati nikakve štetne posljedice uslijed kemijskih utjecaja izazvanih pri dodiru podloge i obloge s ljepilom. Karakteristike ljepila: - klasa C2TE S2 (EN12004 ili jednakovrijedno ______________________________)
B15: Karakteristike:
B16: Pločice su kalibrirane i retificirane.
B17: Odstupanje od proizvodne dimenzije +/- 0.3% (+/-1,0 mm max)
B18: Odstupanje od proizvodne debljine +/- 5% (+/-0,5 mm max)
... B67: Napomena Sve uzorke dostaviti prije ugradnje na odobrenje. Predviđene pločice su I. klase.
A68: 12.1 | B68: OBLAGANJE PODA ZAJEDNIČKIH PROSTORA
B70: UNUTARNJE STUBIŠTE
B71: Stavka uključuje oblogu čela i gazišta ker. pločicama. Na kontaktu čela i gazišta u gazištu se izvode trake za protukliznost. Fuge su nenaglašene, spojevi ploča moraju biti ravni, ploče međusobno dobro zbijene, a površina opločenja mora biti potpuno ravna, bez odstupanja od zadane plohe. U jediničnu cijenu stavke ulazi i sokl stubišta (h=10cm) od istovjetnih pločica. Na prijelazu između gazišta i čela - limeni spoj za protukliznost. Protukliznost: min R10
B72: gres porculanska pločica (retificirana) ton pločice: svijetla bež boja; imitacija kamena vapnenca ton fuge: svijetlo siva dimenzija: za gazište (š= min. širina gazišta) za čelo (š = min visina čela)
A74: 1) | B74: ULAZ A / B
B75: širina stubišnog kraka: 120cm gazište dim. 120x30cm - 72 komada čelo dim. 120x15cm - 80 komada ploča polupodesta: 270x30cm - 4 komada ploča podesta: 450x30cm - 5 komada sokl (h=10cm) - ulazi u jediničnu cijenu
B76: Obračun po kompletu. | C76: kpl | D76: 1 | E76: 1 | I76: =(D76+E76+F76+G76)*H76 -> 0
A78: 2) | B78: ULAZ C / D
B79: širina stubišnog kraka: 120cm gazište dim. 120x30cm - 81 komad čelo dim. 120x15cm - 90 komada ploča polupodesta: 270x30cm - 5 komada ploča podesta: 450x30cm - 5 komada sokl (h=10cm) - ulazi u jediničnu cijenu
B80: Obračun po kompletu. | C80: kpl | F80: 1 | G80: 1 | I80: =(D80+E80+F80+G80)*H80 -> 0
B82: ZAJEDNIČKI HODNIK / ULAZNI PROSTOR
A84: 3) | B84: gres porculanska podna pločica (retificirana) imitacija brušenog teraco poda, osnovni ton pločice: bijela ton fuge: svijetlo siva dimenzija pločice: 60x60cm Protukliznost: min R10
B86: Obračun po m². | C86: m² | D86: 210 | E86: 260 | F86: 340 | G86: 310 | I86: =(D86+E86+F86+G86)*H86 -> 0
A88: 4) | B88: SOKL
B89: gres porculanska podna pločica (retificirana) glazirana, polusjajna završna obrada ton pločice: RAL 7016 (ton koji se nalazi u podnoj pločici) ton fuge: tamno siva h = 15 cm Protukliznost: min R10
B90: Obračun po m'. | C90: m' | D90: 200 | E90: 242.3 | F90: 345.5 | G90: 305.9 | I90: =(D90+E90+F90+G90)*H90 -> 0
A92: =+MAX($A$1:A89)+0.1 -> 12.2 | B92: OBLAGANJE PODA I ZIDA STANA
B94: POD KUHINJE, ULAZNOG PROSTORA
B95: gres porculanska podna pločica (retificirana) ton pločice: svjetlo siva ton fuge: svijetlo siva dimenzija pločice: 30x30cm Protukliznost: min R10
B96: POD _ Obračun po m². | C96: m² | D96: 340 | E96: 410 | F96: 560 | G96: 500 | I96: =(D96+E96+F96+G96)*H96 -> 0
B98: ZID KUHINJE visine 75-150cm
B99: gres porculanska podna pločica (retificirana) ton pločice: svjetlo siva ton fuge: svijetlo siva dimenzija pločice: 25x50cm polirane
B100: ZID _ Obračun po m². | C100: m² | D100: 165 | E100: 190 | F100: 265 | G100: 230 | I100: =(D100+E100+F100+G100)*H100 -> 0
B102: SANITARNI ČVOR
B103: zidna i podna gres porculanska pločica (retificirana) imitacija sivog mramora ton pločice: sjajna glazura i srednja varijacija tonova ton fuge: svijetlo siva dimenzija pločice zid: 30x60cm, dimenzija pločice pod: 30x30cm oblaganje zida do stropa (h=270cm) Protukliznost: min R10
B104: POD _Obračun po m². | C104: m² | D104: 140 | E104: 150 | F104: 225 | G104: 200 | I104: =(D104+E104+F104+G104)*H104 -> 0
B105: ZID _Obračun po m². | C105: m² | D105: 640 | E105: 710 | F105: 1050 | G105: 950 | I105: =(D105+E105+F105+G105)*H105 -> 0
B107: POD BALKONA
B108: gres keramička pločica (retificirana) ton pločice: bijela ton fuge: svijetlo siva dimenzija pločice: 30X30cm holker uz rub balkona - istovjetne pločice poklopnica balkona - istovjetna pločica Protukliznost: R11
B109: Obračun po m². | C109: m² | D109: 350 | E109: 400 | F109: 560 | G109: 500 | I109: =(D109+E109+F109+G109)*H109 -> 0
A112: 12. | B112: KERAMIČARSKI RADOVI UKUPNO | I112: =SUM(I74:I110) -> 0

Sheet 13-PODOVI PARKET
A1: r.br. | B1: OPIS | C1: jed. mj. | D1: Količina ULAZ A | E1: Količina ULAZ B | F1: Količina ULAZ C | G1: Količina ULAZ D | H1: Jedinična cijena (€) | I1: Ukupno (€)
A3: 13. | B3: PARKETARSKI RADOVI
B5: Parketarski radovi podrazumijevaju postavljanje tvornički pripremljenog parketa, te postavu sokla. Sukladno: U.F2.016 (ili jednakovrijedno ____________________________)
B6: Prije početka postavljanja parketa, svi keramičarski i ličilački radovi moraju biti gotovi, podloga na kojoj se postavlja parket mora biti čista, čvrsta, bez pukotina, stabilna, ravna i maksimalne vlažnosti Sadržaj vode cementne podloge ovisi o vrsti materijala i njegovoj gustoći. U trenutku polaganja parketa CM vrijednost vlage klasičnoga cementnog estriha treba iznositi oko 1,5 % ne smije premašiti 1,8 %..
B7: Nakon postave parketa mora se održavati uvjeti u prostoru(temperatura, vlaga, prozračivanje) sukladno uputi proizvođača.
A9: 13.1 | B9: PARKET UNUTAR STANOVA
B11: Postavljanje troslojnog hrastovog parketa razred (○) prema HRN EN 13489 (ili jednakovrijedno ________________________) E klasa prema DIN-u ljepilu. d= 14 - 15 mm boja: natur
B12: Sukladno normama: HRN EN 14342 Drveni podni elementi (ili jednakovrijedno __________________________) HRN EN 13489 Drveni podovi (ili jednakovrijedno __________________________)
B13: Najviše 3 % daščica u ukupnoj količini može odstupati od deklariranog razreda razvrstavanja. Minimalna dim. dužice 90 x 600 mm. Završni sloj (hrast) min. debljine 4mm. Sve se polaže na podlogu od a.b. estriha, koja mora biti kompaktna, čvrsta, čista, ravna i suha (maksimalna vlažnost 2%). Ljepilo atestirano za postavu parketa na cementnu podlogu (dvokomponentno PU ljepilo). Poliranjem dodatno zaštititi parket te ujednačiti razlike u sjaju. završna obrada tvornički UV uljem. Uz zidove se ostavlja dilataciona razdjelnica širine 1 - 1,50cm. Sistem polaganja: riblja kost
B14: Obračun po m² | C14: m² | D14: 900 | E14: 1060 | F14: 1520 | G14: 1350 | I14: =(D14+E14+F14+G14)*H14 -> 0
B16: SOKL Dilataciona razdjelnica uz zidove pokriva se kutnom letvom (soklom). Sokl je od hrastovine. Izrađen je u vidu klinaste letvice profila 3 x 2,5cm. Završnu obrdu (ulje) izvršiti prije postave.
B17: Obračun po m' | C17: m' | D17: 680 | E17: 821.5 | F17: 1153.4 | G17: 1029.5 | I17: =(D17+E17+F17+G17)*H17 -> 0
A19: 13. | B19: PARKETARSKI RADOVI UKUPNO | I19: =SUM(I4:I18) -> 0

Sheet 14-RAZNI RADOVI
A1: r.br. | B1: OPIS | C1: jed. mj. | D1: Količina ULAZ A | E1: Količina ULAZ B | F1: Količina ULAZ C | G1: Količina ULAZ D | H1: Jedinična cijena (€) | I1: Ukupno (€)
A3: 14. | B3: RAZNI RADOVI
A5: 14.1 | B5: RAZDJELNICA RAZLIČITE OBLOGE PODA
B7: Inox razdijelnica podova "L" profil d = 3mm. “L” profil se podvlači pod pločicu. Obračun po m1 postavljene razdijelnice.
B8: Obračun po m' | D8: 133.25 | E8: 168.8 | F8: 245.8 | G8: 216.7 | I8: =(D8+E8+F8+G8)*H8 -> 0
A10: =+MAX($A$1:A9)+0.1 -> 14.2 | B10: UGRADNJA RAZNIH OZNAKA
B12: OZNAKE ulaza A / B / C / D - ovisno o ulazu sukladno arhitektonskom nacrtu Smještaj sa sjeverne strane kod ulaza u zgradu na podlogu zida boje RAL . Boja slova: crna Dim. slova: font: Kristen ITC
B13: Obračun po ispisanom slovu | C13: br | D13: 1 | E13: 1 | F13: 1 | G13: 1 | I13: =(D13+E13+F13+G13)*H13 -> 0
A16: 14.3 | B16: ISPIS ENERGETSKOG CERTIFIKATA
B18: Ispis energetskog certifikata i postavljanje na ulaz u zgradu na jasno vidljivo mjesto. Nakon završetka radova izgradnje izvoditelj je dužan izraditi energetski certifikat i predati ga Investitoru. Jedan primjerak certifikata tiskati u boji, uokviriti te ugraditi na zid u ulaznom prostoru. Ispis zaštititi od mehaničkih udaraca kao i atmosferilija. Stavka uključuje sav potreban rad i materijal do potpune gotovosti.
B19: Obračun po komadu | C19: kom | D19: 1 | E19: 1 | F19: 1 | G19: 1 | I19: =(D19+E19+F19+G19)*H19 -> 0
A21: =+MAX($A$1:A19)+0.1 -> 14.4 | B21: OZNAKA KUĆNOG BROJA
B23: MetalnI kućnI broj na pročelju zgrade. - ploča izgrađena od čeličnog ili alu lima, dim. 20x15cm i ebljine 2 mm lima sa sidrima za ugradbu - dizajn fonta i same pločice, njezina veličina, boja i ton po odabiru projektanta i / ili investitora. Završna obrada plastificiranjem. Stavka uključuje sav potreban rad i materijal do potpune gotovosti.
B24: Obračun po komadu | C24: kom | D24: 1 | E24: 1 | F24: 1 | G24: 1 | I24: =(D24+E24+F24+G24)*H24 -> 0
A26: =+MAX($A$1:A24)+0.1 -> 14.5 | B26: GRANIČNIK PARKIRALIŠNOG MJESTA
B28: Gumeni razdijelnik - parkirni graničnici. Stoper za auto omogućava zaustavljanje automobila prije kontakta sa fasdaom. Graničnik se sidri sa sidrenim vijkom u podlogu prema uputama proizvođača. Obračun po komadu ugrađenog graničnika.
B29: dim. 1500 x 150 x 100mm (+/- 10%) | C29: kom | F29: 8 | G29: 7 | I29: =(D29+E29+F29+G29)*H29 -> 0
B30: dim. 750 x 150 x 100mm (+/- 10%) | C30: kom | F30: 14 | G30: 10 | I30: =(D30+E30+F30+G30)*H30 -> 0
A34: 14. | B34: RAZNI RADOVI UKUPNO | I34: =SUM(I7:I32) -> 0

Sheet M1(R1)-REKAPIT GO RADOVA
B1: REKAPITULACIJA GRAĐEVINSKO - ZANATSKIH RADOVA
A3: 1. | B3: GEODETSKI RADOVI UKUPNO | I3: ='1-GEODETSKI'!I60 -> 0
A4: 2. | B4: ZIDARSKI RADOVI UKUPNO | I4: ='2-ZIDARSKI'!I158 -> 0
A5: 3. | B5: GIPSARSKI RADOVI UKUPNO | I5: ='3-GIPS RADOVI'!I103 -> 0
A6: 4. | B6: IZOLATERSKI RADOVI UKUPNO | I6: ='5-FASADERSKI'!I78 -> 0
A7: 5. | B7: FASADERSKI RADOVI UKUPNO | I7: ='5-FASADERSKI'!I78 -> 0
A8: 6. | B8: BRAVARSKI RADOVI UKUPNO | I8: ='6-BRAVARSKI i ČELIČNI'!I211 -> 0
A9: 7. | B9: ALUMINIJSKI RADOVI UKUPNO | I9: ='7-ALUMINIJSKI'!I104 -> 0
A10: 8. | B10: LIMARSKI RADOVI UKUPNO | I10: ='8-LIMARSKI'!I31 -> 0
A11: 9. | B11: STOLARSKI RADOVI UKUPNO | I11: ='9-STOLARSKI'!I56 -> 0
A12: 10. | B12: PVC RADOVI UKUPNO | I12: ='10-PVC STOLARIJA i KROVNA KUPOL'!I57 -> 0
A13: 11. | B13: LIČILAČKI RADOVI UKUPNO | I13: ='11-SOBOSLIKARSKI LIČILAČKI'!I48 -> 0
A14: 12. | B14: KERAMIČARSKI RADOVI UKUPNO | I14: ='12-KERAMIČARSKI'!I112 -> 0
A15: 13. | B15: PARKETARSKI RADOVI UKUPNO | I15: ='13-PODOVI PARKET'!I19 -> 0
A16: 14. | B16: RAZNI RADOVI UKUPNO | I16: ='14-RAZNI RADOVI'!I34 -> 0
B18: GRAĐEVINSKO - ZANATSKI RADOVI UKUPNO: | I18: =SUM(I3:I16) -> 0

Sheet M2-SKLONIŠTE ARHITEKTURA
A16: TROŠKOVNIK
A18: MAPA II.
A19: ARHITEKTONSKI PROJEKT SKLONIŠTA
A20: Projektant: Ivan Vulić, dipl.ing.arh.
A22: Sklonište za zaštitu stanovništva od ratnih djelovanja projektirano je u skladu sa: Pravilnikom o tehničkim normativima za skloništa SL 55/83.
A52: r.br. | C52: opis stavke | D52: jedinica mjere | E52: količina | F52: jedinična cijena | G52: ukupno
A54: 1 | C54: GEODETSKI RADOVI
C56: Obrađeno u troškovniku arhitektonskog projekta STAMBENE ZGRADE.
A58: 2 | C58: PRIPREMNI RADOVI
C60: Obrađeno u troškovniku arhitektonskog projekta STAMBENE ZGRADE.
A62: 3 | C62: BETONSKI I AB RADOVI
C64: Obrađeno projektom i troškovnikom konstrukcije skloništa.
A66: 4 | C66: ZIDARSKI RADOVI
C68: Zidarski radovi podrazumijevaju nabavu i dobavu sveg materijala, sve dokumentacije i izvođenje radova zidanja, žbukanja, izradu cementnih glazura i namaza, a.b.estriha, te zidarske pripomoći pri izvođenju ostalih radova.
C70: Radove izvoditi prema: Tehničkim propisima za građevinske konstrukcije (NN 17/17, NN 75/20) i Tehnički propis o građevnim proizvodima (NN 35/18, 104/19) - te normama koji primjenjeni propisi propisuju za materijale koji se ugrađuju ili njima jednakovrijednim.
C72: Svi upotrebljeni materijali za izvedbu zidarskih radova moraju u pogledu kvalitete odgovarati HRN ili njima jednakovrijednim, a kako slijedi: • Voda i pijesak - HRN EN 1008:2002; HRN EN 13139:2013 (ili jednakovrijedno: _________) • Cement - HRN EN 197-1:2012 (ili jednakovrijedno:__________________________) • Vapno - HRN EN 459-1:2010 (ili jednakovrijedno: _________________________)
C74: Zidarske radove izvesti u svemu prema troškovniku i projektu. Ako koja troškovnička stavka izvođaču nije jasna, mora prije davanja ponude pravovremeno tražiti objašnjenje naručitelja. Ukoliko se traži stavkom troškovnika, materijal koji nije obuhvaćen propisima koji se u stavci navode, onda se ima u svemu izvesti prema uputama proizvođača, te priložiti potrebne certifikate od za to ovlaštenih ustanova.
C75: Osnovni materijal kojim se izvodi zidanje (kamen, betonski, pjenobetonski i plinobetonski elementi, opeka) mora u pogledu kemijskog sastava, mehaničkih svojstava i dimenzija odgovarati važećim propisima i standardima.
C77: ZIDANJE
C78: Zidanja moraju biti izvedena stručno, po općim pravilima za zidanja i uz poštovanje posebnih pravila i proizvođačkih naputaka za pojedine materijale. Striktno se moraju poštovati dimenzije iz projekta.
C79: Zidanje se mora izvoditi sa pravilnim zidarskim vezovima, a preklop mora iznositi najmanje jednu četvrtinu dužine zidnog elementa, debljina ležajnica ne smije biti veća od 15 mm, a širina sudarnica ne smije biti manja od 10 mm niti veća od 15 mm. Ukoliko se zida za vrijeme zime, zidove treba zaštiti od niskih temperatura ( i mraza), a zidovi čije izvođenje nije završeno prije nastupanja nepovoljnih uvjeta (mraz) moraju se zaštiti na odgovarajući način. Svako naknadno bušenje ili izrada užljebina u zidovima zgrade koje nije bilo predviđeno projektom, može se izvoditi samo ako je prethodnim statičkim proračunom utvrđeno da nosivost zida poslije tog bušenja odnosno izrade žlijeba nije manja od propisane nosivosti. Poprečni i uzdužni zidovi moraju na spoju biti međusobno povezani zidarskim vezom, tj. za pregradne zidove treba ispustiti zupce u masivnom zidu na svaki drugi red za ½ opeke. Zidove uz vertikalni serklaž također zupčasto izvesti. Pregradne zidove ankerima / sidrima povezati za nosivu konstrukciju. Ankere postavljati u minimalno svako treći red, te po minimalno 1 na svaki m1 spoja sa stropnom pločom. Vanjske fuge ostaviti prazne od 1,5 do 2 cm za vezu žbuke prigodom žbukanja zidova. Za vrijeme zidanja opeku kvasiti vodom, a pri zidanju cementnim mortom opeka mora ležati u vodi neposredno prije zidanja. Reške dimnjaka i ventilacionih kanala zagladiti.
C81: MORT
C82: Mort za zidanje i žbukanje mora biti klase predviđene stavkom troškovnika.
C83: Materijali iz kojih se sastoji mort (pijesak, vezivo, voda i eventualni aditivi) moraju odgovarati propisima i standardima za te materijale. Za pripremu mortova (ako to propisom nije precizirano) može se upotrijebiti prirodni pijesak bez organskih primjesa ili umjetno proizveden, drobljeni pijesak.
C84: Morski pijesak treba se prije upotrebe isprati. Isprati se trebaju i drugi prirodni pijesci (riječni i kopani) ako imaju primjesu gline veću od 1,5% težine pijeska. Granulacijska krivulja pijeska mora biti u skladu s propisima, a zrna ne smiju biti veća od 4mm, ni više od 10% zrna promjera manjeg od 1mm.
... C98: Cementni namazi i glazure moraju pratiti zadanu geometriju ploha, mjestimična odstupanja od zadane plohe moraju biti u granicama propisanih tolerancija.
A100: 4.1. | C100: AB ESTRIH
C102: Stavka može obuhvatiti sljedeće radove (obim radova naveden je uz svaku pojedinu stavku):
C104: PE folija
C105: Parna brana izvodi se na očišćenoj podlozi. Izvodi se od PE folije debljine 0,20mm (0,15mm). Polaže se s preklopima od 10cm, a potrebno ju je uz okolne zidove podignuti do razine 2cm iznad estriha (uz trake toplinske izolacije). Preklopi se lijepe samoljepivom trakom širine 5cm. Na krovove se folija učvršćuje sredstvima za učvršćenje, koja ovise o vrsti podloge na koju se folija učvršćuje.
C107: AB ESTRIH
C108: Tvornički pripremljen suhi materijal za izvedbu cementnih glazura, ručno i strojno obradiv. Može se primjeniti za sve uobičajene građevinske podloge kao plivajući, klizni ili vezani estrih. Cementna glazura je zaglađena i armirana, a izvodi se od sitnofrakcijskog agregata, odnosno pijeska i običnog cementa ili brzoveznog / brzosušećeg cementa.
C109: Prije početka radova potrebno je podlogu ispitati na čvrstoću, ravnost i sadržaj vlage. Podloga treba biti čista, bez cementne košuljice, bez ostatka ulja za odvajanje oplata, bez iscvjetavanja i ne smije biti pjeskovita.
C110: Estrih se može zamiješati ručno u miješalici sa slobodnim padom ili u tlačnoj miješalici, ili automatski u protočnoj miješalici odnosno u postrojenju za estrihe gdje se dozira direktno iz silosa. Kod materijala isporučenog u vrećama potrebno je cca 5l vode po vreći, a kod materijala isporučenog u silosu cca 180-200l vode po m3 (90-100l/t). Smije se primjeniti samo pitka voda.
C111: Estrih se armira: a) pocinčanom mrežom za cem. estrih Ø5mm, okna 50-70mm b) polipropilenskim vlaknima u količini prema recepturi za traženu marku
C112: Armatura: visoko kvalitetna vlakna (materijal: poliolefin, mrežasta strukturna vlakna, vlak - / čvrstoča na pucanje 400 N/mm2 (+/- 10%), hrapava površina vlakana) Doziranje: 1 kg/m³ Klasa betona: C25/30 Armatura je sadržana u cijeni. CE - certificirana prema EN 14889-2 ( ili jednakovrijedno ______________ ). Završna obrada u skladu sa normom HR EN 13813 (ili jednakovrijedno _____________ ).
C113: Kod izvedbe estriha za polaganje parketa osigurati potrebno vrijeme sušenja ili koristiti specijalni brzosušeći cement. Zaglađivanje estriha mora biti u skladu sa završnom oblogom (strojnim zaglađivačima – tzv helikopterima ili ručno). Debljinu i nagibe u sanitarijama izvesti prema projektu. Zaglada treba biti kvalitetno izvedena.
C114: Temperatura zraka, materijala i podloge za vrijeme obrade i vezanja treba biti preko +5°C. Propuh ili direktno sunčevo zračenje kao i prebrzo isušivanje treba izbjegavati. Maksimalno mjestimično odstupanje od zadane ravnine je +(-) 3mm. Gornja površina se strojno zaglađuje.
C115: Površina estriha se dijeli u polja površine a x b = 25m2. Odnos stranica a:b mora biti manji ili jednak odnosu 1:2,5 , a dužina veće stranice ne smije biti veća od 6m. Estrih se u normalnim uvjetima suši 3-4 tjedna, dok mu vlažnost ne padne ispod 3% . Potom se mogu izvoditi daljnji radovi. Obračun je po m2 estriha, ovisno o debljini.
B117: 1) | C117: POD SKLONIŠTA
C118: AB estrih, d = 8 - 25 cm P.E. folija x2, d = 0.20mm | D118: m2 | E118: 375.25 | G118: =E118*F118 -> 0
A120: 4.2. | C120: INDUSTRIJSKI POD NA BAZI SUHOG POSIPA
C122: Jedinična cijena stavke obuhvaća: ugradnju gotove mješavine kvarcnog posipa, za ojačanje industrijskog poda na svježu, tek lagano prohodnu betonsku površinu ravnomjernim posipavanjem i strojnom ugradnjom. Otpornost na habanje ≤ 9 cm³/ 50 cm², sukladno EN 13813 (A6) (ili jednakovrijedno _______________). Potrošnja: cca 5 kg/m². Njegovanje i impregniranje zaglađene površine sa akrilnom emulzijom na bazi otapala, prskanjem ili valjkom radi zaštite od preranog i brzog sušenja odmah po mehaničkoj obradi betona (prohodnost). Strojno rezanje dilatacionih reški u predviđenom rasteru (max 5m x 5m, odnosno dijagonalne ne veće od 9mm) u debljini 1/3 debljine sloja. Oko slivnika i stupova treba napraviti kvadratni (ili poligonalni) izrez, kako bi se spriječilo širenje pukotina od naprezanja u uglavima elemenata prodora kroz estrih. Zapunjavanje dilatacionih reški sa poliuretanskim trajnoelastičnim brtvilom, uz prethodno premazivanje sa temeljnim epoksi-poliuretanskim premazom na bazi otapala. Stavka uključuje ugradnju podnih čel. valjanih vruče cinčanih "L" profila, debljine 5mm, dimenzije prema debljini poda po vidljivom rubu, vratima, završetku i dilataciji. Obračun po m2 obrađene površine.
B123: 1) | C123: ANT 2 - POD SKLONIŠTA | D123: m2 | E123: 375.25 | G123: =E123*F123 -> 0
A125: 4.3. | C125: ZAZIDAVANJE RADNIH OTVORA ZA POTREBE PROVOĐENJA INSTALACIJA
C126: Zazidavanje izvesti betonskim blokovima, površinu ožbukati produžnim mortom (dovesti u istu razinu kao i okolna površina). U jediničnu cijenu uračunat rad i materijal. | D126: sat | E126: 30 | G126: =E126*F126 -> 0
A128: 4.4. | C128: GRUBO I FINO ČIŠĆĆENJE
C129: Grubo i fino čišćenje za vrijeme trajanja gradnje i nakon završetka gradnje. Gradilište i okolni prostori moraju tijekom izvođenja radova biti uredni, što podrazumijeva stalno čišćenje prostora i odvoz otpada prema potrebi. | D129: sat | E129: 50 | G129: =E129*F129 -> 0
A131: 4.5. | C131: ZIDARSKA PRIPOMOĆ
C132: Zidarska pripomoć za ugradnju obrtničkih; stolarskih, bravarskih, limarskih radova, instalacija. U jediničnu cijenu uračunat rad i materijal. | D132: sat | E132: 75 | G132: =E132*F132 -> 0
A134: 4. | C134: ZIDARSKI RADOVI UKUPNO | G134: =SUM(G67:G133) -> 0
A138: 5 | C138: ASFALTERSKI RADOVI
A140: 5.1. | C140: RADOVI NA ZASTORU KOLNIKA - STROP SKLONIŠTA - AOT 1
C142: Stavka podrazumijeva kolnik u građevinskoj parceli, te dio na javnoj prometnici radi uklapanja.
B143: 1) | C143: HABAJUĆI SLOJ asfaltbeton AC11 surf Pmb 45/80-65 AG3 M3, debljine 4 cm u uvaljanom stanju. | D143: m² | E143: 241.6 | G143: =E143*F143 -> 0
B144: 2) | C144: bitumenizirani nosivi sloja kolnika, asfaltbetonskom mješavinom AC 22 base (BIT 50/70) AG6 M2, debljine 6 cm u uvaljanom stanju. | D144: m² | E144: 241.6 | G144: =E144*F144 -> 0
B145: 3) | C145: NOSIVI SLOJ KOLNIKA AB ploča debljine: d = 40 cm - obrađeno projektom konstrukcije skloništa.
A147: 5. | C147: ASFALTERSKI RADOVI UKUPNO | G147: =SUM(G140:G145) -> 0
A148: 6 | C148: GIPSARSKI RADOVI
C150: Ovim radovima obuhvaćeni su svi radovi sa gips kartonskim pločama kao izrada pregradnih zidova (uključivši ugradnju dovratnika gdje je to potrebno i podkonstrukcije za ugradnju instalacija vodovoda, kanalizacije i sl.) te izrada obloge zidova i stropova, izradu plivajućih podova i izrada spuštenih stropova uključivši izradu otvora za ugradnju instalacijskih elemenata, rasvjetnih tijela i sl. Pri izvedbi gips-kartonskih radova izvođač je dužan pridržavati se svih uvjeta i opisa u troškovniku, kao i važećih propisa i uputa proizvođača.
C151: Potrebno je pripraviti HRN ili jednakovrijedne ateste za ponuđeni i ugrađeni materijal, a prema Zakonu o gradnji NN (153/13, 20/17, 39/19, 125/19) i uzancama za ovu vrstu poslova. HRN EN 520:2010 ili jednakovrijedan ___________________________; Gipsane ploče; Definicije, zahtjevi i ispitne metode HRN EN 13963:2014 ili jednakovrijedan ___________________________; Materijal za obradbu i zaglađivanje spojeva gipsanih ploča. Definicije, zahtjevi i ispitne metode HRN EN 13964:2014 ili jednakovrijedan _________________________; Ovješeni stropovi Zahtjevi i ispitne metode HRN EN 14195:2015:2014 ili jednakovrijedan _________________________; Metalni profili podkonstrukcija za sustave s gipsanim pločama Definicije, zahtjevi i ispitne metode HRN EN 14246:2006/Ispr.:2008 ili jednakovrijedan _________________________; gips elementi za spuštene stropove; definicije, zahtjevi, ispitivanje HRN EN 14246:2006/Ispr.:2008 ili jednakovrijedan _________________________; gips elementi za spuštene stropove; definicije, zahtjevi, ispitivanje
C153: PRIPREMA PODLOGE
C154: U području spojeva pregradnih zidova s bočnim građevnim elementima na profile je potrebno nanijeti brtveni kit ili PE brtvenu traku kako bi osigurali dobar spoj. Kod očekivanih progiba međukatnih konstrukcija od > 10mm, potrebno je izvesti klizne spojeve. Ojačanja su uračunata u cijenu.
C156: POTKONSTRUKCIJA
C157: Pri izradi pregradnih zidova, pri oblaganju zidova i stropova, i pri izradi spuštenih stropova, za podkonstrukciju koristiti originalne profile od čeličnog pocinčanog lima proizvođača gips-kartonskih ploča s pripadajućim priborom za međusobnu vezu profila i za učvršćenje profila na osnovnu konstrukciju. Obavezno je držati se sistema jednog proizvođača.
C158: Kod otvora vrata svaki dovratnik izvesti od ojačanih UA profila, a sve prema uputama proizvođača. Učvršćenje ploča na potkonstrukciju izvoditi originalnim pripadajućim vijcima za brzu montažu i odgovarajuću vrstu ploče uz obvezno upuštanje glave vijka za 2 mm (+/-2%) u odnosu na ravninu vidljive plohe obloge zida ili stropa. Učvrsna sredstva za bočne masivne građevne elemente su tipli s vijcima, a za one građevne elemente koji nisu masivni učvrsna sredstva se određuju prema vrsti podloge.
C160: TERMOIZOLACIJA
C161: Prostor između profila ispunjava se termoizolacijom. Za izradu termoizolacije upotrijebit će se ploče od kamene vune proizvedene na bazi dijabaza. Vlakna kamene vune impregnirana su i vezana fenolnom smolom. Koeficijent toplinske provodljivosti: max 0,041 W/mK, sukladno: HRN EN 13162 (ili jednakovrijedno ___________________________). Razred reakcije na požar: A1 sukladno: HRN EN 13501-1 (ili jednakovrijedno ___________________________).
C163: GIPS - KARTONSKE PLOČE
C164: Za vlažne prostore - mali % vlage: upotrebljavaju se impregnirane ploče oznakom 'H2' ili DFH 2IR.
C166: Q1 ili K1 Stupanj kvalitete Q1 zadovoljava zahtjeve prema površinama gips-kartonskih sustava bez posebnih opisa. Primjena se odnosi uglavnom na područje površina ispod keramičkih pločica ili drugih vrsta završnih dekorativnih zidnih obloga koje u potpunosti prekrivaju površinu suho-montažnog sustava, npr. pregradnog zida ili zidne obloge. Kod višeslojne izvedbe je bitno napomenuti da se spojevi ploča kod zahtjeva za povišenom zvučnom izolacijom ili vatrootpornošću svakako trebaju zapuniti.
... C177: Jedinična cijena obuhvaća nabavu materijala sa uključenim transportom do gradilišta, skladištenje materijala i manipulaciju materijala na gradilištu, radnu skelu, izvođenje radova, popravak loše izvedenih radova i čišćenje prostora za vrijeme i nakon završetka ove vrste radova kao i nadoknadu svih šteta nastalih izvođenjem gips-kartonskih radova na izvršenim radovima ostalih izvođača. Otvori za rasvjetu, utičnice, ventilaciju i sl. su sadržani u jediničnoj cijeni stavke. Prekidi rada (vrijeme čekanja) koji su posljedica instalacijskih radova ukalkulirani su u jedinične cijene.
A179: 6.1. | C179: IZRADA UNUTARNJIH ZIDOVA GIPS - KARTONSKIM PLOČAMA Nenosiv pregradni zid s jednostrukom metalnom potkonstrukcijom, obostrano dvoslojno polaganje Oznaka u nacrtu: ZNN 3
C181: Obračun po m2 ožbukane površine. Otvori do 3,0m2 se ne odbijaju. Obrada otvora i ugradnja ojačanih pofila oko otvora i za ugradnju opreme, prema preporuci proizvođača, sadržana u jediničnoj cijeni.
B183: 1) | C183: Potkonstrukcija
C184: Izvodi se profilima od čeličnog pocinčanog lima (min debljine 0,60mm) na razmaku od maksimalno 62,50 cm. Podkonstrukcija je širine 5 / 10 cm.
B186: 2) | C186: Termoizolacija + PE folija
C187: Zapreminska težina ploče cca 40 kg/m3. Format ploča je 7500 x 625 x 50/100 mm (+/- 5%)
B189: 3) | C189: Gips-kartonske ploče
C190: Obloga iz gips-kartonskih ploča tipa H2 (mokri čvorovi) x2 dim. 2000 x 1250 x 12,5 mm (+/- 5%).
C192: ZNN 3
C193: d = 10/15cm (2,5+5/10+2,5cm) razmak podkonstrukcije 62,5cm h= 250cm, l=9,20m' | D193: m² | E193: 23 | G193: =E193*F193 -> 0
A196: 6. | C196: GIPSARSKI RADOVI UKUPNO | G196: =SUM(G180:G194) -> 0
A201: 7 | C201: IZOLATERSKI RADOVI
C203: Izolaterski radovi podrazumijevaju izradu hidroizolacija, parnih brana, termoizolacija podova i vanjskih zidova i unutarnjih zidova, zvučnih izolacija i postavu raznih folija.
C204: Materijal za izolaciju treba odgovarati postojećim propisima i standardima HRN za izolaterske radove.
C206: HIDROIZOLACIJE
C207: _HRN U.F2.024/80 (ili jednakovrijedno ___________________________) - Završni radovi u građevinarstvu. Tehnički uvjeti izvođenja izolacijskih radova na ravnim krovovima. - HRN EN 13859-2:2014 (ili jednakovrijedno ___________________________) - Savitljive hidroizolacijske trake - Definicije i značajke podložnih traka - 2. dio: Podložne trake za zidove - EN 13859-2:2004+A1:2008 (ili jednakovrijedno __________________________). - HRN EN 13967:2017 (ili jednakovrijedno __________________________) - Savitljive hidroizolacijske trake - plastične i elastomerne trake za zaštitu od vlage i vode iz tla - HRN EN 13970:2005/A1:2008 (ili jednakovrijedno __________________________) - Savitljive hidroizolacijske trake - Bitumenske paronepropusne trake - Definicije i značajke - EN 13970:2004/A1:2006 (ili jednakovrijedno __________________________).
C208: HRN EN 13984:2013 (ili jednakovrijedno __________________________) - Savitljive hidroizolacijske trake - Plastične i elastomerne; paronepropusne trake - Definicije i značajke - HRN EN 13984:2013 (ili jednakovrijedno __________________________) - HRN EN 13859-1:2014 (ili jednakovrijedno __________________________) - Savitljive hidroizolacijske trake - Definicije i značajke podložnih traka - 1. dio: Podložne trake za prijeklopno pokrivanje krovova - HRN EN 13859-1:2014 (ili jednakovrijedno ________________________). - HRN EN 13956:2012 (ili jednakovrijedno _________________________) - Savitljive hidroizolacijske trake - Plastične i elastomerne hidroizolacijske trake za krovove - Definicije i značajke - EN 13956:2005 (ili jednakovrijedno _________________________).
C210: Hidroizolacije na bazi bitumena Izvode se kao premazi i kao premazi s izolacionim trakama (ljepenkama) koje mogu biti s: · uloškom od sirovog krovnog papira · uloškom od aluminijske ili bakrene folije · uloškom od staklenog voala ili staklene tkanine Izolacionu ljepenku i ostale vrste izolacionih traka i ploča treba rezati ravno i pravokutno. Zaderani i krpani komadi isključeni su od ugradbe. Svi preklopi moraju biti najmanje 10 cm široki i lijepljeni bitumenom – hladnom bitumenskom masom ili vrućom bitumenskom izolacionom masom. Kod polaganja dvaju ili više slojeva izolacionih traka ili ploča preklopi ne smiju ležati jedan na drugom, već moraju biti pomaknuti.
C212: Kod hidroizolacije zidova ljepenka treba na svaku stranu zida imati prehvat širine od 10 cm, koji treba spojiti s horizontalnom izolacijom podova. Površine na koje se polaže izolacija, trebaju biti posve ravne, suhe, očišćene od prašine i nečistoće i dovoljno glatke, da izolacija dobro prijanja. Izolacija treba prilegnuti na površinu ravno, bez nabora i mjehura. Posebnu pažnju obratiti na zaštitu od požara kod rada s vrućim bitumenskim premazima i varenim ljepenkama zbog velike zapaljivosti bitumena. U slučaju požara gasiti pijeskom ili pjenom. Gašenje vodom je opasno zbog prskanja vrelog bitumena.
C214: Premazi – bitumenske emulzije upotrebljavaju se za izradu prethodnih hidroizolacijskih namaza tekuće konzistencije te za izradu osnovnih tekućih i tjestastih hidroizolacijskih slojeva. Premazi se sastoje od bitumena, mineralnog punila, emulgatora i vode. Mogu se dodavati i polimerna vlakna Bitumenske hidroizolacije se ugrađuju na suhu, nemasnu i podlogu očišćenu od prašine.
C216: TPO
C217: Izvode se u trakama, prema uputama odabranog proizvođača: slobodno položene ili mehanički učvršćene s preklopima i zavarivanjem vrućim zrakom. Površina na koju se polažu izolacione trake mora biti očišćena i suha, maksimalne vlage koju propisuje proizvođač. Preklopi lijepljeni (elastomeri) ili zavareni vrućim zrakom (termoplasti). Svi detalji spojeva, preklopa, fazonski komadi, mehanička spojna sredstva, … moraju se ugrađivati uz striktno pridržavanje uputa odabranog proizvođača.
C219: POLIETILENSKA FOLIJA (PE)
C220: Polietilenska folija postavlja se kao zaštitni ili dilatacioni sloj u sastavu višeslojnih konstrukcija podova i ravnih krovova. Trake folije polažu se s preklopom od 10cm. Preklopi se lijepe samoljepljivom plastičnom trakom širine 5cm. Folija se uz zidove podiže do kote gotova poda. Debljina folije: d = 0,15mm - 0,20mm.
... C228: Jedinična cijena uključuje: tehnološku razradu svih detalja, pripremu podloga, čišćenje zaprljanih podloga vodom pod tlakom i sredstvima / impregnacijama koja propisuje proizvođač hidroizolacije, dobavu i ugradnju svih opisanih materijala i elemenata, postavu i skidanje radne skele sa zaštitnom tkaninom, sve posredne i neposredne troškove za rad, materijal, alat i građevinske strojeve, sve transporte, odvoz i zbrinjavanje smeća, završno čišćenje prije primopredaje radova, nadoknadu eventualne štete nastale iz nepažnje na svojim ili tuđim radovima, poduzimanje mjera zaštite na radu, zidarske pripomoći kod ugradbe (rad i materijal)
A230: 7.1. | C230: HIDROIZOLACIJA - KONSTRUKCIJE U TLU
C232: Izolacija podruma jednokomponentnim, polimerima modificiranim i vlaknima ojačanim bitumenom. Trajno štiti podzemne građevine od vlage iz tla.
C234: Priprema površine na način da se odštemaju svi labavi djelovi do zdravog sloja i istaknute neravnine uklone
...

Sheet T-UREĐENJE TERENA
C4: TROŠKOVNIK
C6: STAMBENO - POSLOVNA GRAĐEVINA, BLATO
C8: MAPA I.
C9: PROJEKT ARHITEKTURE
C10: UREĐENJE TERENA
C12: Projektant: Ivan Vulić, dipl.ing.arh.
A46: r.br. | C46: OPIS | D46: jed. mj. | E46: Količina | F46: Jedinična cijena (€) | G46: Ukupno (€)
A48: 1. | C48: ZIDARSKI RADOVI
C50: U skladu s općim uvjetima zidarskih radova arhitektonskog projekta te općim uvjetima betonskih i armirano betonskih radova građevinskog projekta
A52: 1.1 | C52: CESTOVNI RUBNJAK
C54: Betonski predgotovljeni elementi moraju biti izrađeni u čeličnim glatkim oplatama, blago zaobljenih rubova na vidljivim stranama, od sitnozrnatog agregata. C30/37, dobro nabijen, vibriran. Postavljanje i učvršćivanje mortom. Mort za vezivanje je cementni mort omjera 1:3 marke M10. Fuga između elemenata 1cm, naglašena, konkavno obrađena i zaglađena. Obračun radova po m'.
C55: Na poravnatu posteljicu izvodi se betonski temelj (također dio jedinične cijene stavke). Dim 30x30cm, Marka betona: C25/30
C56: dim. 100x15x25 | D56: m' | E56: 410 | G56: =E56*F56 -> 0
A58: 1.2 | C58: PARKOVNI RUBNJAK
C60: Betonski predgotovljeni elementi moraju biti izrađeni u čeličnim glatkim oplatama, blago zaobljenih rubova na vidljivim stranama, od sitnozrnatog agregata. C30/37, dobro nabijen, vibriran. Postavljanje i učvršćivanje mortom. Mort za vezivanje je cementni mort omjera 1:3 marke M10. Fuga između elemenata 1cm, naglašena, konkavno obrađena i zaglađena. Obračun radova po m'.
C61: Na poravnatu posteljicu izvodi se betonski temelj (također dio jedinične cijene stavke). Dim 30x30cm, Marka betona: C25/30
C62: dim. 100x10x20 | D62: m' | E62: 220 | G62: =E62*F62 -> 0
A64: 1.3 | C64: BETONSKI RIGOL
C66: Smještaj: uz parkiralište na sjeveru i istoku katastarske čestice
C67: Betonski predgotovljeni rigol je namjenjen za odvodnju oborinskih voda prema slivnicima i kanalizacionim sabirnicima. Postavljanje se vrši na beton MB 10 ili MB 15, zemljovlažne konzistencije, u debljini od 20 cm, širine 40cm. Sive boje. (u cijeni) dim. 40 x 40 x 15 cm
D68: m' | E68: 78 | G68: =E68*F68 -> 0
A71: 1. | C71: ZIDARSKI RADOVI UKUPNO: | G71: =SUM(G50:G69) -> 0
A83: 2. | C83: RADOVI ZAVRŠNIH OBLOGA NA VANJSKIM POVRŠINAMA
A85: 2.1 | C85: KOLNIČKA KONSTRUKCIJA ASFALT - na zemlji
C87: HABAJUĆI SLOJ
C88: asfaltbeton AC11 surf Pmb 45/80-65 AG3 M3 debljine 4 cm u uvaljanom stanju
C90: BITUMENIZIRANI NOSIVI SLOJ
C91: asfaltbetonska mješavina AC 22 base (BIT 50/70) AG6 M2 debljine 6 cm u uvaljanom stanju
C93: NOSIVI SLOJ
B94: a) | C94: Zrnat kameni materijal - tampon frakcije (0 – 16 mm) bez veziva. Potreban modul stišljivosti Ms=100 MPa mjereno kružnom pločom Ø 30 cm. Odstupanje ravnosti površine izvedenog sloja ne smije iznositi više od ± 2 cm. Debljine 10cm
B95: b) | C95: Zrnat kameni materijal - tampon frakcije (60 – 100 mm) bez veziva. Potreban modul stišljivosti Ms=80 MPa mjereno kružnom pločom Ø 30 cm. Odstupanje ravnosti površine izvedenog sloja ne smije iznositi više od ± 2 cm. Dva sloja debljine 2x25cm
B96: c) | C96: Geotekstil Materijal: PP Težina 500gr/m² Debljina sloja 2,50 mm
B97: d) | C97: Zrnat kameni materijal - tampon frakcije (0 – 16 mm) bez veziva. Potreban modul stišljivosti Ms=40MPa mjereno kružnom pločom Ø 30 cm. Odstupanje ravnosti površine izvedenog sloja ne smije iznositi više od ± 2 cm. Služi kao posteljica geotekstila. Debljine 5cm
C99: POSTELJICA OD MIJEŠANIH MATERIJALA
C100: Stavka obuhvaća grubo i fino planiranje, te zbijanje posteljice usjeka, nasipa i zasjeka, sve dok se ne dobije projektirani pad i zbijenost. Stupanj zbijenosti prema standardnom Proctorovom postupku Sz≥100%, a modul stišljivosti mjeren kružnom pločom Ø 30 cm Ms≥ 40 MN/m2.
C102: Obračun po m² | D102: m² | E102: 2450 | G102: =E102*F102 -> 0
A104: 2.2 | C104: KOLNIČKA KONSTRUKCIJA ASFALT - na AB ploči
C106: HABAJUĆI SLOJ
C107: asfaltbeton AC11 surf Pmb 45/80-65 AG3 M3 debljine 4 cm u uvaljanom stanju
C109: BITUMENIZIRANI NOSIVI SLOJ
C110: asfaltbetonska mješavina AC 22 base (BIT 50/70) AG6 M2 debljine 6 cm u uvaljanom stanju
C112: Obračun po m² | D112: m² | E112: 1175 | G112: =E112*F112 -> 0
A114: =+MAX($A$10:A112)+0.1 -> 2.3 | C114: ŠLJUNAK
C116: Šljunak postavljen sukladno arhitektonskom projektu - situaciji. Debljina: 15cm, frakcije 20 - 30mm. Tucanik se postavlja na sloj geotekstila (200gr/m2), na prethodno nabijenu podlogu. Geotekstil je dio ove stavke. Između zemlje i šljunka stavlja se graničnik od nehrđajućeg lima visine šljunka d=1mm. Obračun po m².
C117: Pojas širine 40 cm uz građevinu sukladno arhitektonskom nacrtu | D117: m² | E117: 160 | G117: =E117*F117 -> 0
A119: =+MAX($A$10:A117)+0.1 -> 2.4 | C119: TRAVNA REŠETKA
C121: Postavljanje travne rešetke na jugozapadu katastarske čestice za pristup i rad vatrogasne tehnike. Travna rešetka je otporna na udarce, UV stabilna, postojana na toplinu do +60°C, otporna na smrzavanje Materijal: reciklirani polietilen - HDPE Struktura: saće sa protukliznim izbočinama dim. 50 x 50 x 4cm Boja: zelena Udio trave: 80 - 90% Visina saće: 38 mm +/- 2% potrošnja: 4kom / m2
C122: Po rubu se stavlja graničnik prema odabranom proizvodu (u cijeni)
C123: Prije zbrinjavanja površine potrebno je napraviti stabilan okvir koji će omogućiti bočnu čvrstoću (uključeno u cijenu). Kod parkirnih mjesta osobnih automobila potrebno je izvršiti iskop zelenog sloja u debljini od 30cm. U iskop se postavlja posteljica od kamenog agregata ili krupnijeg šljunka – granulata od 0 - 45mm koja se zbija. Posteljica treba biti pažljivo raspoređena što ravnije u maksimalnom padu od 2% za ocjeđivanje vode. Na tako pripremljenu posteljicu postavlja se drenažna tkanina 400gr na koju se postavlja granulat 0 - 4mm u debljini 6cm koji se zbija. Kod ozelenjavanja površine travom potrebno je napraviti podlogu od zemlje za sadnju trave koja se postavlja u travne rešetke, kako bi nastalo plodno tlo za razvoj korijena trave. Kocke spajati poprečno u odnosu na glavni smjer polaganja. Nakon postavljanja čitavu je površinu potrebno učvrstiti zbijanjem. Nakon sipanja zemlje za travu slijedi sijanje sukladno uputama dobavljača sjemena, ili razvlačenje trave u kolutu. Za vizualno razgraničenje pojedinog parkirnog mjesta, koristi se oznaka bijele boje (visine 38mm) koji se umeće u rešetkastu strukturu.
C125: Obračun po m². | D125: m² | E125: 215 | G125: =E125*F125 -> 0
A128: 2. | C128: RADOVI NA ZAVRŠNIH OBLOGA NA VANJSKIM POVRŠINAMA UKUPNO | G128: =SUM(G85:G125) -> 0
A133: 3. | C133: BRAVARSKI RADOVI
C134: Sukladno općim uvjetima bravarskih radova MAPE 1 građevinsko - zanatskih radova.
A136: 3.1 | C136: VANJSKA OGRADA
B138: 1 | C138: STAVKA BR 6,4
C139: Ograda se sastoji od vertikalnih nosača (cijev 50/4mm) i horizontalnih prečki (čelična cijev ∅50/4mm), od kojih posljednja ujedno predstavlja i rukohvat. Visina ograde 120cm Montaža okomito na ab zid rampe pocinčanim vijcima, preko čelične stope. Završna obrada: vruće pocinčavanje, plastificiranje i bojanje RAL 1036
C140: Obračun po m' | D140: m' | E140: 74 | G140: =E140*F140 -> 0
B142: 2 | C142: STAVKA BR 6,5
C143: Ograda se nalazi na ogradnom AB zidu uz južnu i zapadnu granicu katastarske čestice.
C144: Ograda se sastoji od okvira i ispune. Okvir i ispunu čine čelične kvadratne cijevi 50x20x3mm. Osna udaljenost ispune iznosi 15cm. Ograda je sidrena okomito na AB zid preko produženih cijevi kemijskim inox sidrima - M10 preko čelične stope, sukladno nacrtu. Svi spojevi jednog elementa vareni, a svi varovi fino brušeni. Sve vruće pocinčano, bojano (RAL 1036), metalni sjaj.
C145: Obračun po m' | D145: m' | E145: 210 | G145: =E145*F145 -> 0
A147: 3.2 | C147: VANJSKO SPREMIŠTE KONTEJNERA ZA OTPAD - tipsko
C149: Specifikacije: • Konstrukcija: čelična • Ispuna: perforirani lim • Krov: trapezni lim • Vrata: klizni sistem • Antikorozivna zaštita: galvansko cinčanje i plastifikacija za morske uvjete • Plastificirano u RAL 1015
C150: Dodatna oprema: Zaključavanje: Elektrobrava sa šifratorom, Šifrator na solarno napajanje • Podesive nogice • Držač za vreću za smeće • Kukice • Žičana pregrada • Limena podnica • Natpisne pločice
C151: Shema BR_8 dim 620x150x200 | D151: kom | E151: 2 | G151: =E151*F151 -> 0
A153: 3. | C153: BRAVARSKI RADOVI UKUPNO | G153: =SUM(G134:G151) -> 0
A154: 4. | C154: HORTIKULTURA
C156: Hortikulturni radovi podrazumijevaju pripremu zemljišta, nabavu sadnog materijala, gnoja i aditiva za zemlju, iskop jama i sadnju-sijanje, te održavanje sadnica min 30 dana, odnosno do njihovog prihvaćanja u postavljenu sredinu, odnosno nicanja. Izvoditelj je dužan izraditi pismenu uputu, te obučiti korisnika za održavanje zasađenih površina i biljki (gnojidba, zalijevanje, podrezivanje i sl.).
A158: 4.1 | C158: SLOJ HUMUSA
C159: Sloj humusa na poziciji vanjskih zelenih površina u debljini sloja od 30cm. Obračun se vrši po m3 postavljenog i uređenog (izravnatog) sloja humusa u sraslom stanju. | D159: m3 | E159: 480 | G159: =E159*F159 -> 0
A161: 4.2 | C161: STABLAŠICE / GRMOVI
C163: Po iskolčenju prema projektu holtikulture pristupa se sadnji stablašica, po završetku građevinsko-obrtničkih radova na uređenju terena.
C164: Rad na sadnji obuhvaća slijedeće: a) Iskop rupa za sadnice b) Priprema - mješanje smjese za popunu rupa za sadnice. Sastav smjese: - zemlja I kategorije; 1m3 - stajski gnoj 25 kg - umjetni gnoj N:P:K = 15:15:15; 1 kg - humus (3 vreće) - 150l c) Sadnja sadnice u pripremljenu smjesu - sadnju s nabijanjem smjese oko sadnice - ukolčenje sadnice - zalijevanje sadnice - postavljanje ukrasnog sloja oko sadnice - čišćenje okoliša
C166: SADNJA STABLAŠICA
C167: Sadnja stablašica (35 komada) na novouređene zelene površine.
C168: Rad na sadnji obuhvaća slijedeće: a) Iskop rupa za sadnice 60x60x60cm, u zemlji II kategorije, te zatrpanje pripremljenom smjesom, gnoidba i zalijevanje prema upurtama proizvođača sadnica.
C169: Hrast crnika (Quercus ilex) | D169: kom | E169: 13 | G169: =E169*F169 -> 0
C170: Obični grab ( Carpinus betulus) | D170: kom | E170: 10 | G170: =E170*F170 -> 0
C171: Siva topola (Populus canescens) | D171: kom | E171: 7 | G171: =E171*F171 -> 0
C172: Lipa (Tilia) | D172: kom | E172: 5 | G172: =E172*F172 -> 0
C173: japanska trešnja | D173: kom | E173: 6 | G173: =E173*F173 -> 0
C175: SADNJA GRMOVA
C176: Rad na sadnji obuhvaća slijedeće: a) Iskop rupa za sadnice 20x20x20cm u zemlji II kategorije, te zatrpanje pripremljenom smjesom, gnoidba i zalijevanje prema upurtama proizvođača sadnica.
C177: lavanda (lat. Lavandula augustifolia) | D177: kom | E177: 50 | G177: =E177*F177 -> 0
C178: paprat (lat. Polypodiopsida) | D178: kom | E178: 50 | G178: =E178*F178 -> 0
C179: šumarica (lat. Anemone) | D179: kom | E179: 50 | G179: =E179*F179 -> 0
C180: Lovor Višnja (lat. Prunus laucerasus) | D180: kom | E180: 10 | G180: =E180*F180 -> 0
C181: čvorika (lat. sagina subulata) | D181: kom | E181: 50 | G181: =E181*F181 -> 0
C182: Suručica (lat. Spiraea) | D182: kom | E182: 20 | G182: =E182*F182 -> 0
C183: hortenzija (lat. Hydrangea) | D183: kom | E183: 20 | G183: =E183*F183 -> 0
C184: Glog (lat. Crataegus) | D184: kom | E184: 20 | G184: =E184*F184 -> 0
A185: 4.3 | C185: TRAVNJAK
C187: PRIPREMA - čišćenje i planiranje terena - frezanje terena - razbacivanje stajnjaka po parceli (15 kg/m2) - razbacivanje umjetnog gnoja N:P:K = 15:15:15; 6-8 kg/m2 - razbacivanje humusa (20l po m2) - zaoravanje razbačenih komponenata - fino planiranje terena - valjanje terena
C189: SJETVA - sjetva sjemena travna smjesa (eng. Ljulj, djetelina... 5-8 dkg/1m2) - posipavanje humusa po sjemenu (10l /1m2) - valjanje posijane površine zalijevanje površine do nicanja sjemena visine 5cm, a min 10 dana
C191: Sjetva trave (engleski ljulj) | D191: m² | E191: 300 | G191: =E191*F191 -> 0
A194: 4. | C194: HORTIKULTURA UKUPNO: | G194: =SUM(G155:G191) -> 0
A198: 5. | C198: VANJSKA OPREMA
A200: 5.1 | C200: KONTEJNERI ZA OTPAD
C202: Kontejneri se nalaze na sjevero-zapadnom dijelu katastarske čestice, u ograđenom prostoru uz javnu prometnicu. Materijal: novi polietilen Kapacitet: 1100 lit. Različite boje (plava za papir 2kom, žuta za plastiku 1 kom, smeđa za bio otpad 1 kom, te zelena za miješani otpad kom 4; dim. (VxŠxD) = 1462x1360x1064 mm
C203: Obračun po komadu. | D203: kom | E203: 8 | G203: =E203*F203 -> 0
...

Sheet M3-KONSTRUKCIJA GRAĐ RAD ZGRADA
C4: TROŠKOVNIK
C6: STAMBENO - POSLOVNA GRAĐEVINA, BLATO
C8: MAPA III.
C9: PROJEKT KONSTRUKCIJE
C10: PROJEKT KONSTRUKCIJE - ZGRADA
C12: Projektant: Stipe Budić, dipl.ing.građ. G3492
A47: r.br. | C47: OPIS | D47: jed. mj. | E47: ULAZ A | F47: ULAZ B | G47: ULAZ C | H47: ULAZ D | I47: Jedinična cijena (€) | J47: Ukupno (€)
A49: 1 | C49: PRIPREMNI I ZEMLJANI RADOVI
C51: Zemljani radovi izvodit će se prema odobrenom glavnom i izvedbenom projektu, pridržavajući se i primjenjujući važeće propise i norme.
C52: Osnovne smjernice za opis mjerodavnih stavki zemljanih radova su one navedene u Općim tehničkim uvjetima za radove na cestama, OTU-a, KNJIGA II. (HC - HAC 2001.g) ili jednakovrijedne norme ________________________________.
C53: Prije početka zemljanih radova obavezno iskolčiti granice objekta, te po potrebi postaviti druge potrebne oznake, označiti stalne visine, te snimiti postojeći teren radi obračuna količine iskopa.
C54: Izvođač je dužan izvesti sav rad oko iskopa (ručnog ili strojnog) i to do bilo koje potrebne dubine, sa svim potrebnim pomoćnim radovima, kao što je niveliranje i planiranje, nabijanje površine, obrubljivanje stranica, osiguranje od urušavanja, postava potrebne ograde, crpljenje oborinske ili procjedne vode.
C55: Iskop zemlje vrši se ručno ili strojno. Kategorija terena je određena prethodnim sondiranjem u sklopu geomehaničkog elaborata.
C56: Ukoliko se prilikom iskopa naiđe na podzemnu vodu, iako je geomehaničkim eleboratom utvrđena dublje od predviđenog iskopa, obavijestiti će se investitor putem građevinskog dnevnika. Troškove crpljenja vode za normalan rad snosi izvoditelj, kao i naknadu za otežani rad. Crpljenje oborinske vode uračunato je također u jediničnoj cijeni.
C57: Kod zatrpavanja nakon izvedbe temelja i instalacija u tlu i sl., treba materijal polijevati, kako bi se mogao bolje nabiti i dobiti potrebna zbijenost, a nabijanje izvesti u slojevima do najviše 30 cm s vibro nabijačima ili žabama.
C58: Sve nasipe izvesti u određenoj debljini, prema izvedbenoj projektnoj dokumentaciji. Upotrebljeni materijal za nasip (šljunak, pijesak, tučenac) mora biti čist od organskih primjesa.
C59: Prevezeni materijal računa se u sraslom stanju, dok se postotak za rastresitost ukalkulira u cijenu. U cijeni je uključena naplata deponije.
C60: Kameni materijal koji se ugrađuje mora odgovarati propisima HRN EN 12620:2008 ili jednakovrijednim _________________________.
C61: Ovi uvjeti mijenjaju se ili nadponujuju opisima u pojedinim stavkama troškovnika.
C62: Ukoliko dođe do zatrpavanja, urušavanja, odrona ili bilo koje druge štete nepažnjom izvođača (radi nedovoljnog podupiranja, razupiranja ili drugog nedovoljnog osiguranja), izvođač je dužan dovesti iskop u ispravno stanje, odnosno popraviti štetu bez posebne naknade.
... C67: Zemljani radovi u zoni postojećih instalacija trebaju se izvoditi s maksimalnim oprezom, prema OUT, KNJIGA II. (HC - HAC 2001.g. ili jednakovrijednoj normi ________________________.
A69: 1.1 | C69: PRIPREMNI RADOVI
B71: 1. | C71: Iskolčenje trase i objekata. Iskolčenje trase i objekata obuhvaća sva geodetska mjerenja, kojima se podaci iz projekta prenose na teren, osiguranje osi iskolčene trase, profiliranje, obnavljanje i održavanje iskolčenih oznaka na terenu za sve vrijeme građenja, odnosno do predaje radova investitoru. U cijenu održavanja osi trase i iskolčenja objekata uključena su sva mjerenja i iskolčenja za sve radove na trasi, pozajmišta materijala, deponije i drugo, u tijeku rada i pri tehničkom prijemu, te izvođač nema pravo na posebnu naknadu za ove radove (OTU I. 1-02.1) 2001. g. (HC + HAC) ili jednakovrijedno __________________ . | D71: kom | E71: 1 | F71: 1 | G71: =E71*F71 -> 1 | H71: =F71*G71 -> 1 | J71: =(E71+F71+G71+H71)*I71 -> 0
B73: 2. | C73: Čišćenje i uklanjanje grmlja i raslinja Ovaj rad obuhvaća čišćenje parcele od raznog raslinja, otpadaka, skidanje prvog trošnog sloja zemlje i humusa. Debljina skidanja cca 20 cm. Stavka također uključuje i uklanjanje grmlja i šiblja, vađenje korijenja, šiblja, te starih panjeva, odnošenje šiblja, granja i panjeva i uklanjanje svega nepotrebnog materijala zaostalog nakon ovih radova (OTU I. 1-03.1) 2001. g. (HC + HAC) ili jednakovrijedno __________________
C74: Stavka uključuje utovar, odvoz i deponiranje uklonjenog grmlja, raslinja i trošnog sloja zemlje. Deponiranje i/ili sanacija uklonjenog materijala usitnjavanjem biomase obveza je izvođača i troškovi deponiranja i/ili sanacije uračunati su u jediničnu cijenu. Obračun po metru kvadratnom površine i po komadu uklonjenih stabala.
C75: - površina čišćenja i uklanjanja raslinja, grmlja i trošnog sloja zemlje | D75: m2 | E75: 1685.12 | F75: 1790.05 | G75: 2506.13 | H75: 2524.17 | J75: =(E75+F75+G75+H75)*I75 -> 0
A77: 1.2 | C77: ZEMLJANI RADOVI
A79: 1,2,1 | C79: STROJNI ISKOP
B81: 1. | C81: Strojni iskop materijala na poziciji objekta, 60 cm niže od kote podbetona zbog zamjene materijala na pozicijama budućih temeljnih ploča objekta u tlu C kategorije (prema OTU).
C82: Radove je potrebno izvršiti pažljivo kako bi se izbjeglo oštećenje okolnih objekta i komunalnih instalacija. Stavka također uključuje i sve potrebne predradnje (npr. materijal i opremu...) koje su potrebne za uspješno obavljanje posla uklanjanja i odvoz materijala na deponiju.
C83: Obračun po m3 otkopanog iskopa u sraslom stanju. | D83: m3 | E83: =907.8+360.24 -> 1268.04 | F83: =908.9+360.4 -> 1269.3 | G83: =491.35+133.04+5457.33+1056.26 -> 7137.98 | H83: =4778.37+916.02 -> 5694.39 | J83: =(E83+F83+G83+H83)*I83 -> 0
B85: 2. | C85: Strojni iskop materijala na pozicijama ogradnih zidova i vanjskih površina oko objekta u tlu C kategorije (prema OTU).
C86: Radove je potrebno izvršiti pažljivo kako bi se izbjeglo oštećenje okolnih objekta i komunalnih instalacija. Stavka također uključuje i sve potrebne predradnje (npr. materijal i opremu...) koje su potrebne za uspješno obavljanje posla uklanjanja i odvoz materijala na deponiju.
C87: Obračun po m3 otkopanog iskopa u sraslom stanju. | D87: m3 | E87: =1193+44.8 -> 1237.8 | F87: =1033.6+36.48 -> 1070.08 | G87: =689.7+51.94 -> 741.64 | H87: 52.1 | J87: =(E87+F87+G87+H87)*I87 -> 0
A89: 1,2,2 | C89: NASIPAVANJE
C91: (prema OTU ili jednakovrijedno_____________)
C92: Radovi uključuju nasipe, izrade posteljica i izrade nosivih slojeva
C93: Radovima je potrebno visinske kote nasipa izvest precizno do donjih kota podbetona, betona i drugih kolnih i pješačkih površina
C94: Izvedbom nasipa potrebno je postojići zbijenost:
C95: Modul stišljivosti Ms mjeren kružnom pločom promjera 30 cm:
C96: ispod temeljnih ploča i traka: Ms≥80-100 MN/m2
C97: ispod podnih ploča: Ms≥80 MN/m2
C98: ispod nosivog sloja kolnika: Ms≥80 MN/m2
C99: ispod pješačkih staza: Ms≥40 MN/m2
C100: Referentne visinske kote uređenog terena su one iz arhitektonskog projekta.
B102: 1. | C102: ZAMJENA TLA: Nasipavanje materijala u slojevima ispod budućih armirano betonskih konstrukcija objekta u tlu u sljedećim slojevima: (od dolje prema gore) - tampon frakcije 0-63mm, d=30cm, Ms= 60-80MPa - geotekstil 500gr/m2 - tampon frakcije 0-63mm, d=25cm,Ms= 80-100MPa, sve prema OTU. Rad obuhvaća nabavu, prijevoz i ugradnju zrnatog kamenog materijala u nosivi sloj. Nasipavanje se vrši u sloju debljine 30 cm, sa nabijanjem vibro nabijačima na potrebnu zbijenost. Modul stišljivosti Ms mjeren kružnom pločom promjera 30 cm mora iznositi najmanje 80-100 MN/m2. Podlogu dobro isplanirati sa točnošću + 1 cm. Stavkom su obuhvaćeni svi radovi, materijali i prijevozi, potrebni za izradu nosivog sloja, sve prema OTU. Obračun po m3 izvedene gotove podloge u zbijenom stanju prema gore navedenim slojevima.
C103: - na poziciji temeljnih ploča | D103: m3 | E103: 360.24 | F103: 360.4 | G103: =133.04+1056.26 -> 1189.3 | H103: 916.02 | J103: =(E103+F103+G103+H103)*I103 -> 0
C104: - na poziciji asfaltnih površina oko objekta | D104: m3 | E104: 715.8 | F104: 620.16 | G104: 413.85 | H104: 374.14 | J104: =(E104+F104+G104+H104)*I104 -> 0
C105: - na poziciji ogradnih zidova oko objekta | D105: m3 | E105: 40.3 | F105: 27.4 | G105: 38.8 | H105: 39.1 | J105: =(E105+F105+G105+H105)*I105 -> 0
B107: 2. | C107: IZRADA NASIPNOG KLINA OKO OBJEKTA
C108: U stavku ugraditi drenažnu cijev prema posebnom projektu (cijev je zasebna stavka)
C109: Izrada nasipnog klina oko armirano betonskih zidova objekta, sukladno t. 2-13, OTU. Klin se izvodi od mješanog kamenog materijala, granulacije takve da omogućava procjeđivanje povšinske oborinske vode do drenažne cijevi, ta da zbijenost nasipa bude sukladno t. 2-13, OTU.
D110: m3 | E110: 89.1 | F110: 89.2 | G110: 238.26 | H110: 179.25 | J110: =(E110+F110+G110+H110)*I110 -> 0
B112: 3. | C112: Nasipavanje na poziciji vanjskih površina i ogradnih zidova oko objekta od zdravog kamenog agregata (tucanika/tampona), granulacije prema OTU. Rad obuhvaća nabavu, prijevoz i ugradnju zrnatog kamenog materijala u nosivi sloj. Nasipavanje se vrši u slojevima, debljina sloja iznosi do 30cm, sa nabijanjem vibro nabijačima na potrebnu zbijenost. Za drobljeni kameni materijal treba postići vrijednost CBR-a najmanje 100%. Modul stišljivosti Ms mjeren kružnom pločom promjera 30 cm mora iznositi najmanje 60-80 MPa. Podlogu dobro isplanirati sa točnošću + 1 cm. Stavkom su obuhvaćeni svi radovi, materijali i prijevozi, potrebni za izradu nosivog sloja. Obračun po m3 izvedene gotove podloge u zbijenom stanju.
C113: - nasipavanje oko ab zidova objekta u tlu | D113: m3 | E113: 147 | F113: 145.5 | G113: 527.1 | H113: 505.3 | J113: =(E113+F113+G113+H113)*I113 -> 0
C114: - nasipavanje oko temelja ogradnih zidova i vanjskih površina | D114: m3 | E114: 425.1 | F114: 151.4 | G114: 103.35 | H114: 249.2 | J114: =(E114+F114+G114+H114)*I114 -> 0
B116: 4. | C116: Dobava i postava sloja humusa u visini od 40-50cm na poziciji vanjskih zelenih površina.Obračun se vrši po m3 postavljenog i uređenog (izravnatog) sloja humusa u sraslom stanju.
D117: m3 | E117: 144.1 | F117: 89.1 | G117: 217.87 | H117: 175.6 | J117: =(E117+F117+G117+H117)*I117 -> 0
A119: 1 | C119: PRIPREMNI I ZEMLJANI RADOVI UKUPNO | J119: =SUM(J71:J117) -> 0
A120: 2 | C120: BETONSKI I A.B. RADOVI
C122: Sve armiranobetonske i betonske konstrukcije moraju se izvoditi prema statičkom računu i nacrtima. Prilikom betoniranja treba u konstrukcijama izvesti sve kanale i proboje za vođenje raznih instalacija, prema građevinskim nacrtima i nacrtima instalatera kao i na zahtjev nadzornog inženjera, kako ne bi dolazilo do bilo kakvih naknadnih štemanja (usijecanja) u AB konstrukciji. Za sve estrih betone i podove tanje od 5cm predvidjeti i ponuditi mrežastu armaturu te izradu potrebnih dilatacija.
C123: Napomena: Sukladno čl.209. Zakona o javnoj nabavi, sve norme navedene u nastavku , mogu se zamijeniti jednakovrijednim normama.
C124: Sve betonske konstrukcije, sastojci i dodaci za spravljenje betona , armaturni čelik , te metode izvedbe betonskih konstrukcija , moraju biti usklađene sa:
C125: Tehničkim propisom za građevinske konstrukcije (NN 17/17) i normama na koje se isti poziva
C126: HRN EN 13670 - Izvedba betonskih konstrukcija
C127: HRN EN 206 - 1 Beton - Specifikacije , svojstva , proizvodnja I sukladnost
C128: HRN EN 1128 - Beton - smjernice za primjenu norme 206-1
C129: HRN EN 10080 - Čelik za armiranje
C130: i normama na koje se gore navedene norme pozivaju, ili jednakovrijednim normama i pravilima struke.
C131: Mogu se rabiti kemijski dodaci koji zadovoljavaju uvjete norme HRN EN 934-2:2012 ili jednakovrijedne____________________________________. Smiju se rabiti samo oni kemijski dodaci koji imaju potvrdu sukladnosti s uvjetima navedene norme koju je izdala ovlaštena hrvatska institucija. Sastav betona i sastavne materijale za projektirani beton i beton zadanog sastava treba odabrati tako da zadovoljavaju svojstva uvjetovana za svježi i očvrsli beton, uključivo konzistenciju, gustoću, čvrstoću, trajnost, zaštitu ugrađenog čelika od korozije, uzimajući u obzir proizvodni proces i odabrani postupak izvedbe betonskih radova koji uključuju transport, ugradnju, zbijanje, njegovanje i moguće druge tretmane ili obrade ugrađenog betona.
C132: Ispitivanje uzoraka iz proizvodnje prema utvrđenom planu. Svježi beton - konzistencija betona utvrđuje se metodama slijeganja i rasprostiranja prema HRN EN 12350-2:2019 ili jednakovrijedno___________________ i HRN EN 12350-5:2019 ili jednakovrijedno ____________________ i provodi se u laboratoriju proizvođača betona. Količinu cementa, vode, agregata ili mineralnih dodataka utvrđuje se prema otpremnici betona sa proizvodnog pogona. Ni jedna pojedinačno utvrđena vrijednost vodocementnog faktora ne smije biti veća za više od 0,02 od granične vrijednosti. Sadržaj zraka u betonu utvrđuje se postupkom HRN EN 12350-7:2019 ili jednakovrijedno _________________. Donja granica je uvjetovana vrijednost od –0,5 % do max 1,0% prema HRN EN 206:2016 ili jednakovrijedno _______________.
C133: Sukladnost ispitivanja svježeg betona se prihvaća zadovoljenjem sukcesivnih rezultata ispitivanja u skladu sa uvjetovanim graničnim vrijednostima ili graničnim razredima ili zadanim vrijednostima uključujući dozvoljene tolerancije i maksimalno dopušteno odstupanje od tražene (uvjetovane) vrijednosti.
... C148: NAPOMENE: • Prije armiranobetonskih radova sve podloge treba očistiti od svih nečistoća i neravnina. • U cijenu izvedbe radova je uključena i postava potrebnog broja distancera na armaturu, za dobivanje minimalnog zaštitnog sloja betona do armature i to: za temelje 3-5cm; ploče i zidove 3cm, te stupove i grede 3cm. • Primopredaja armature vrši se upisom nadzornog inženjera u građevinski dnevnik
A150: 2.1 | C150: BETONSKA PODLOGA
B152: 1. | C152: Betoniranje betonske podloge ispod temeljne ploče objekta, prosječne debljine 10cm betonom C12/15. Podložni beton treba izvesti minimalno 15cm sa svake strane temeljne ploče. Podloga mora biti kompaktna, potpuno ravna i horizontalna. Prije izvedbe podbetona potrebno je očistiti podlogu matičnog tla/stijene. Ukoliko se na koti podbetona utvrdi tlo lošije nosivosti od projektirane, potrebno je napraviti iskop do čvrstog tla i napraviti zamjenu materijala. Podbeton u tom slučaju izvesti na tlu zbijenosti minimalno 100MPa. Obračun po m2 izvedene betonske podloge.
C153: - podbeton ispod temeljne ploče objekta na koti -3.10/-3.70 | D153: m2 | E153: 509.8 | F153: 515.1 | J153: =(E153+F153+G153+H153)*I153 -> 0
C154: - podbeton ispod temeljne ploče objekta na koti -5.30/-5.40 | D154: m2 | G154: 1195.85 | H154: 473.06 | J154: =(E154+F154+G154+H154)*I154 -> 0
C155: - podbeton ispod temeljne ploče objekta na koti -3.70/-3.80 | D155: m2 | G155: 485.24 | H155: 495.74 | J155: =(E155+F155+G155+H155)*I155 -> 0
B157: 2. | C157: Betoniranje betonske podloge ispod temeljne ploče okna lifta, prosječne debljine 10cm betonom C12/15. Podložni beton treba izvesti minimalno 15cm sa svake strane temelja i temeljne ploče. Podloga mora biti kompaktna, potpuno ravna i horizontalna. Prije izvedbe podbetona potrebno je očistiti podlogu matičnog tla/stijene. Ukoliko se na koti podbetona utvrdi tlo lošije nosivosti od projektirane, potrebno je napraviti iskop do čvrstog tla i napraviti zamjenu materijala. Podbeton u tom slučaju izvesti na tlu zbijenosti minimalno 100MPa. Obračun po m2 izvedene betonske podloge.
C158: - podbeton ispod temeljne ploče okna lifta na koti -4.30/-4.90 | D158: m2 | E158: 13.93 | F158: 13.93 | J158: =(E158+F158+G158+H158)*I158 -> 0
C159: - podbeton ispod temeljne ploče okna lifta na koti -6.40/-6.50 | D159: m2 | G159: 13.93 | H159: 13.93 | J159: =(E159+F159+G159+H159)*I159 -> 0
A161: 2.2 | C161: AB TEMELJI
B163: 1. | C163: Betoniranje ab temeljne ploče objekta visine 60 cm, betonom C30/37. Ugradnja betona strojno s pervibriranjem. Obračun po m3 ugrađenog betona.
C164: - AB temeljna ploča na koti -3.10/-3.70 | D164: m3 | E164: 298.73 | F164: 301.9 | G164: 280.43 | H164: 286.63 | J164: =(E164+F164+G164+H164)*I164 -> 0
C165: - AB temeljna ploča na koti -4.70/-5.30 | D165: m3 | G165: 700.78 | H165: 278.76 | J165: =(E165+F165+G165+H165)*I165 -> 0
B167: 2. | C167: Betoniranje ab temeljne ploče okna lifta, visine 60cm, betonom C30/37, XC2. Ugradnja betona strojno s pervibriranjem. Obračun po m3 ugrađenog betona.
C168: - AB temeljna ploča okna lifta na koti -4.30/-4.90 | D168: m3 | E168: 7.07 | F168: 7.07 | J168: =(E168+F168+G168+H168)*I168 -> 0
C169: - AB temeljna ploča okna lifta na koti -5.80/-6.40 | D169: m3 | G169: 7.07 | H169: 7.07 | J169: =(E169+F169+G169+H169)*I169 -> 0
A171: 2.3 | C171: AB ZIDOVI
B173: 1. | C173: Izrada ab zidova objekta u betonu u dvostranoj glatkoj oplati. Ugradnja betona strojno s pervibriranjem. Obračun po m3 ugrađenog betona.
B174: a) | C174: - AB zidovi podruma u betonu C30/37; XC2, visine od 60cm do 278cm, d= 20cm | D174: m3 | E174: 95.98 | F174: 122.4 | J174: =(E174+F174+G174+H174)*I174 -> 0
B175: b) | C175: - AB zidovi podruma u betonu C30/37; XC2, visine do 450cm, d= 20cm | D175: m3 | G175: 227.16 | H175: 132.22 | J175: =(E175+F175+G175+H175)*I175 -> 0
B176: c) | C176: - AB zidovi prizemlja u betonu C25/30; XC1, visine od 128cm do 428cm, d= 20cm | D176: m3 | E176: 102.4 | F176: 134.56 | G176: 164.86 | H176: 135.46 | J176: =(E176+F176+G176+H176)*I176 -> 0
B177: d) | C177: - AB zidovi 1. kat u betonu C25/30; XC1, visine 280cm, d= 20cm | D177: m3 | E177: 89.75 | F177: 118.82 | G177: 146.65 | H177: 125.83 | J177: =(E177+F177+G177+H177)*I177 -> 0
B178: e) | C178: - AB zidovi 2. kat u betonu C25/30; XC1, visine 280cm, d= 20cm | D178: m3 | E178: 86.43 | F178: 120.1 | G178: 145.91 | H178: 125.75 | J178: =(E178+F178+G178+H178)*I178 -> 0
B179: f) | C179: - AB zidovi 3. kat u betonu C25/30; XC1, visine 280cm, d= 20cm | D179: m3 | E179: 87.46 | F179: 118.82 | G179: 147.45 | H179: 126.44 | J179: =(E179+F179+G179+H179)*I179 -> 0
A181: 2.4 | C181: AB GREDA
B183: 1. | C183: Izrada ab greda objekta, pravokutnog poprečnog presjeka, ravnog podgleda u trostranoj glatkoj oplati, u betonu C25/30, XC1 i C30/37, XC2. Ugradnja betona strojno s pervibriranjem. Obračun po m3 ugrađenog betona.
C184: - AB grede podruma, dimenzija 20x48 cm, visina podupiranja 230 cm, u betonu C30/37, XC2 | D184: m3 | E184: 0.43 | F184: 0.64 | H184: 0.41 | J184: =(E184+F184+G184+H184)*I184 -> 0
C185: - AB grede podruma, dimenzija 20x20 cm, visina podupiranja 230 cm, u betonu C25/30, XC1 | D185: m3 | G185: 0.3 | J185: =(E185+F185+G185+H185)*I185 -> 0
...

Sheet M4-KONSTRUKCIJA GR RA SKLONIŠTE
C4: TROŠKOVNIK
C6: STAMBENO - POSLOVNA GRAĐEVINA, BLATO
C8: MAPA IV.
C9: PROJEKT KONSTRUKCIJE
C10: PROJEKT KONSTRUKCIJE - SKLONIŠTE
C12: Projektant: Stipe Budić, dipl.ing.građ. G3492
A47: r.br. | C47: OPIS | D47: jed. mj. | E47: Količina | F47: Jedinična cijena (€) | G47: Ukupno (€)
A49: 1. | C49: BETONSKI I AB RADOVI
C51: Sve armiranobetonske i betonske konstrukcije moraju se izvoditi prema statičkom računu i nacrtima. Prilikom betoniranja treba u konstrukcijama izvesti sve kanale i proboje za vođenje raznih instalacija, prema građevinskim nacrtima i nacrtima instalatera kao i na zahtjev nadzornog inženjera, kako ne bi dolazilo do bilo kakvih naknadnih štemanja (usijecanja) u armiranobetonskoj konstrukciji. Za sve estrih betone i podove tanje od 5cm predvidjeti i ponuditi mrežastu armaturu te izradu potrebnih dilatacija.
C52: Napomena: Sukladno čl.209. Zakona o javnoj nabavi, sve norme navedene u nastavku , mogu se zamijeniti jednakovrijednim normama.
C53: Sve betonske konstrukcije, sastojci i dodaci za spravljenje betona , armaturni čelik , te metode izvedbe betonskih konstrukcija , moraju biti usklađene sa:
C54: Tehničkim propisom za građevinske konstrukcije (NN 17/17) i normama na koje se isti poziva
C55: HRN EN 13670 - Izvedba betonskih konstrukcija
C56: HRN EN 206 - 1 Beton - Specifikacije , svojstva , proizvodnja I sukladnost
C57: HRN EN 1128 - Beton - smjernice za primjenu norme 206-1
C58: HRN EN 10080 - Čelik za armiranje
C59: i normama na koje se gore navedene norme pozivaju, ili jednakovrijednim normama i pravilima struke.
C60: Mogu se rabiti kemijski dodaci koji zadovoljavaju uvjete norme HRN EN 934-2:2012 ili jednakovrijedne____________________. Smiju se rabiti samo oni kemijski dodaci koji imaju potvrdu sukladnosti s uvjetima navedene norme koju je izdala ovlaštena hrvatska institucija. Sastav betona i sastavne materijale za projektirani beton i beton zadanog sastava treba odabrati tako da zadovoljavaju svojstva uvjetovana za svježi i očvrsli beton, uključivo konzistenciju, gustoću, čvrstoću, trajnost, zaštitu ugrađenog čelika od korozije, uzimajući u obzir proizvodni proces i odabrani postupak izvedbe betonskih radova koji uključuju transport, ugradnju, zbijanje, njegovanje i moguće druge tretmane ili obrade ugrađenog betona.
C61: Ispitivanje uzoraka iz proizvodnje prema utvrđenom planu. Svježi beton - konzistencija betona utvrđuje se metodama slijeganja i rasprostiranja prema HRN EN 12350-2:2019 ili jednakovrijedno___________________ i HRN EN 12350-5:2019 ili jednakovrijedno ____________________ i provodi se u laboratoriju proizvođača betona. Količinu cementa, vode, agregata ili mineralnih dodataka utvrđuje se prema otpremnici betona sa proizvodnog pogona. Ni jedna pojedinačno utvrđena vrijednost vodocementnog faktora ne smije biti veća za više od 0,02 od granične vrijednosti. Sadržaj zraka u betonu utvrđuje se postupkom HRN EN 12350-7:2019 ili jednakovrijedno _________________. Donja granica je uvjetovana vrijednost od –0,5 % do max 1,0% prema HRN EN 206:2016 ili jednakovrijedno _______________. Sukladnost ispitivanja svježeg betona se prihvaća zadovoljenjem sukcesivnih rezultata ispitivanja u skladu sa uvjetovanim graničnim vrijednostima ili graničnim razredima ili zadanim vrijednostima uključujući dozvoljene tolerancije i maksimalno dopušteno odstupanje od tražene (uvjetovane) vrijednosti.
C62: Utvrđivanje čvrstoće obavlja se na uzorcima kocaka brida 150 mm sukladnim HRN EN 12390-1:2012- Oblik, dimenzije i drugi zahtjevi za uzorke i kalupe ili jednakovrijednom ________________________ i izrađenim i njegovanim prema HRN EN 12390-2:2019 - Izrada i njegovanje uzoraka za ispitivanje čvrstoće, ili jednakovrijednom ______________________. Tlačna čvrstoća betona utvrđuje se prema normi HRN EN 12390-3:2019, ili jednakovrijednom _____________________. Tlačna čvrstoća utvrđena je na uzorcima ispitanim pri starosti od 28 dana. U posebnim slučajevima može se posebno uvjetovati ispitivanje pri starosti manjoj ili većoj od 28 dana. Pri ocjenjivanju sukladnosti razlikujemo početnu proizvodnju (dok se ne dobije minimalno 35 rezultata ispitivanja) i kontinuiranu proizvodnju (nakon dobivanja 35 rezultata ispitivanja u periodu koji ne prelazi 12 mjeseci). Sukladnost se ocjenjuje tijekom perioda ocjenjivanja koji ne prelazi 12 mjeseci (ispituju se uzorci pri starosti od 28 dana ili nekoj drugoj uvjetovanoj starosti).
... C76: NAPOMENE: • Prije armiranobetonskih radova sve podloge treba očistiti od svih nečistoća i neravnina. • U cijenu izvedbe radova je uključena i postava potrebnog broja distancera na armaturu, za dobivanje minimalnog zaštitnog sloja betona do armature i to: za temelje 3-5cm; ploče i zidove 3cm, te stupove i grede 3cm. • Primopredaja armature vrši se upisom nadzornog inženjera u građevinski dnevnik
A78: 1.1. | C78: BETONSKA PODLOGA
B80: 1. | C80: Betoniranje betonske podloge ispod temeljne ploče objekta, prosječne debljine 10cm betonom C12/15. Podložni beton treba izvesti minimalno 15cm sa svake strane temeljne ploče. Podloga mora biti kompaktna, potpuno ravna i horizontalna. Prije izvedbe podbetona potrebno je očistiti podlogu matičnog tla/stijene. Ukoliko se na koti podbetona utvrdi tlo lošije nosivosti od projektirane, potrebno je napraviti iskop do čvrstog tla i napraviti zamjenu materijala. Podbeton u tom slučaju izvesti na tlu zbijenosti minimalno 100MPa. Obračun po m2 izvedene betonske podloge.
C81: - podbeton ispod temeljne ploče objekta na koti -5.30/-5.40 | D81: m² | E81: 483.23 | G81: =E81*F81 -> 0
A83: 1.2. | C83: AB TEMELJI
B85: 1. | C85: Betoniranje ab temeljne ploče objekta visine 60 cm, betonom C30/37. Ugradnja betona strojno s pervibriranjem. Obračun po m3 ugrađenog betona.
C86: - AB temeljna ploča na koti -4.70/-5.30 | D86: m3 | E86: 284.95 | G86: =E86*F86 -> 0
A88: 1.3. | C88: AB ZIDOVI
B90: 1. | C90: Izrada ab zidova objekta u betonu u dvostranoj glatkoj oplati. Ugradnja betona strojno s pervibriranjem. Obračun po m3 ugrađenog betona.
B91: a) | C91: - AB zidovi podruma u betonu C30/37; XC2, visine do 440cm, d= 20cm | D91: m3 | E91: 27.06 | G91: =E91*F91 -> 0
B92: b) | C92: - AB zidovi podruma u betonu C30/37; XC2, visine do 440cm, d= 30cm | D92: m3 | E92: 0.49 | G92: =E92*F92 -> 0
B93: c) | C93: - AB zidovi podruma u betonu C30/37; XC2, visine do 440cm, d= 40cm | D93: m3 | E93: 117.62 | G93: =E93*F93 -> 0
A95: 1.4. | C95: AB GREDA
B97: 1. | C97: Izrada ab greda objekta, pravokutnog poprečnog presjeka, ravnog podgleda u trostranoj glatkoj oplati, u betonu C25/30, XC1 i C30/37, XC2. Ugradnja betona strojno s pervibriranjem. Obračun po m3 ugrađenog betona.
C98: - AB grede podruma, dimenzija 20x55 cm, visina podupiranja 180 cm, u betonu C30/37, XC2 | D98: m3 | E98: 0.07 | G98: =E98*F98 -> 0
C99: - AB grede podruma, dimenzija 20x64 cm, visina podupiranja 196 cm, u betonu C30/37, XC2 | D99: m3 | E99: 0.16 | G99: =E99*F99 -> 0
C100: - AB grede podruma, dimenzija 40x35 cm, visina podupiranja 200 cm, u betonu C30/37, XC2 | D100: m3 | E100: 0.28 | G100: =E100*F100 -> 0
C101: - AB grede podruma, dimenzija 40x40 cm, visina podupiranja 200 cm, u betonu C30/37, XC2 | D101: m3 | E101: 0.32 | G101: =E101*F101 -> 0
C102: - AB grede podruma, dimenzija 40x55 cm, visina podupiranja 180 cm, u betonu C30/37, XC2 | D102: m3 | E102: 0.41 | G102: =E102*F102 -> 0
C103: - AB grede podruma, dimenzija 40x148 cm, visina podupiranja 270 cm, u betonu C30/37, XC2 | D103: m3 | E103: 5.58 | G103: =E103*F103 -> 0
C104: - AB grede podruma,promjenjive visine 40x20(12) cm, visina podupiranja 220 cm, u betonu C30/37, XC2 | D104: m3 | E104: 0.29 | G104: =E104*F104 -> 0
A106: 1.5. | C106: AB PLOOČA MEĐUKATNE
C108: Izrada a.b. ploče glavnog objekta u betonu C40/50; XC2, u glatkoj oplati. Ugradnja betona strojno s pervibriranjem. Cijenom sadržana izrada, montaža i demontaža potrebne oplate te njeno podupiranje. U ovoj stavci obuhvaćeno je i izvedba otvora ili šliceva za prolaz cijevi instalacija te njihovo zatvaranje nakon izvedbe instalacija. Obračun po m3 ugrađenog betona.
C109: - AB ploča iznad podruma na koti -1.60/-2.00, d= 40cm, visina podupiranja 270 cm | D109: m3 | E109: 20.06 | G109: =E109*F109 -> 0
C110: - AB ploča iznad podruma na koti -0.12/-0.52, d= 40cm, visina podupiranja 418 cm | D110: m3 | E110: 36.19 | G110: =E110*F110 -> 0
C111: - AB ploča u nagibu iznad podruma od kote -1.60/-2.00 do kote -1.80/-2.20, d= 40cm, visina podupiranja od 250 do 270 cm | D111: m3 | E111: 110.8 | G111: =E111*F111 -> 0
A113: 1.6. | C113: ARMATURA
C115: Armatura srednje složenosti. Armaturu izraditi prema statičkom računu i planu pozicija armature. Obračun po kilogramu stvarno ugrađene armature (B500A i B500B).
D116: kg | E116: 75230 | G116: =E116*F116 -> 0
A119: 1. | C119: BETONSKI I AB RADOVI UKUPNO: | G119: =SUM(G81:G117) -> 0
C132: SKLONIŠTE KONSTRUKCIJA UKUPNO: | G132: =G119 -> 0

Sheet M5-ELEKTROINSTALACIJE ZGRADA
C4: TROŠKOVNIK
C6: STAMBENO - POSLOVNA GRAĐEVINA, BLATO
C8: MAPA V.
C9: PROJEKT ELEKTROINSTALACIJA
C10: PROJEKT ELEKTROINSTALACIJA - ZGRADA
C12: Projektant: Vojislav Štrbac, dipl.ing.el.
A47: r.br. | C47: OPIS | D47: jed. mj. | E47: Količina | F47: Jedinična cijena (€) | G47: Ukupno (€)
A49: 1. | C49: INSTALACIJE SLABE STRUJE
A51: 1.1. | C51: INSTALACIJA GOVORNE VEZE DIZALA I RECEPCIJE
B53: 1. | C53: Dobava, polaganje i spajanje kabela F-AYY 2x2x0,8 mm. | D53: m | E53: 240 | G53: =E53*F53 -> 0
B55: 2. | C55: Dobava i polaganje cijevi CS20. | D55: m | E55: 230 | G55: =E55*F55 -> 0
B57: 3. | C57: Spajanje sa kućnom telefonskom instalacijom. Komplet | D57: kom | E57: 1 | G57: =E57*F57 -> 0
B59: 4. | C59: Ispitivanje instalacije i puštanje u pogon. Komplet | D59: kom | E59: 1 | G59: =E59*F59 -> 0
B61: 5. | C61: Izrada projekta izvedenog stanja u tri tiskana primjerka. Komplet | D61: kom | E61: 1 | G61: =E61*F61 -> 0
A63: 1.2. | C63: INSTALACIJA GOVORNE VEZE DIZALA I RECEPCIJE
B65: 1. | C65: Dobava i montaža kabelskog zdenca MZD1. Komplet | D65: kom | E65: 5 | G65: =E65*F65 -> 0
B67: 2. | C67: Dobava i montaža PEHD cijevi promjera 50 mm. Polaže se | D67: m | E67: 530 | G67: =E67*F67 -> 0
B69: 3. | C69: Dobava i polaganje češljeva za PEHD cijevi promjera 50 mm. Komplet. | D69: kom | E69: 200 | G69: =E69*F69 -> 0
B71: 4. | C71: Dobava i montaža PVC uvodnica 50 mm. Komplet | D71: kom | E71: 31 | G71: =E71*F71 -> 0
B73: 5. | C73: Ručni iskop rupe za montažu zdenca MZD1 u zemlji III kategorije. | D73: m3 | E73: 11 | G73: =E73*F73 -> 0
B75: 6. | C75: Ručni iskop rova u zemlji III kategorije za polaganje PEHD cijevi duljine 160 m, dubine 1,2 m i širine 0,6 m. Komplet | D75: m3 | E75: 116 | G75: =E75*F75 -> 0
B77: 7. | C77: Polaganje posteljice od 10 cm u zemljani rov i nabijanje. | D77: m3 | E77: 10 | G77: =E77*F77 -> 0
B79: 8. | C79: Izrada geodetskog snimka instalacije DTK nakon završetka radova u elektronskom obliku i uplanjivanje u snimke podzemnih instalacija. Komplet | D79: kom | E79: 1 | G79: =E79*F79 -> 0
B81: 9. | C81: Ispitivanje instalacije i izdavanje uvjerenja od strane ovlaštene tvrtke. | D81: kom | E81: 1 | G81: =E81*F81 -> 0
A83: 1.3. | C83: INSTALACIJA STRUKTURNOG KABLIRANJA
B85: 1. | C85: Komunikacijski ormar KO-1
C86: Samostojeći komunikacijski ormar, 42U ; 600x600 mm | D86: kom | E86: 1
C87: patch panel 24xRJ45 Cat 5 UTP sa stražnjim držačem kabela, | D87: kom | E87: 4
C88: vodilica horizontalna 1HU, | D88: kom | E88: 6
C89: napojna letva za UPS, 8xschuko, 1U | D89: kom | E89: 1
C90: set za uzemljenje | D90: kom | E90: 1
C91: optička ladica za spoj 12 singlemode niti 9/125, LC konektori, pig-tailovi, kazete i uvodnice uključeni | D91: kom | E91: 1
C92: optička ladica za spoj 4 singlemode niti 9/125, LC konektori, pig-tailovi, kazete i uvodnice uključeni | D92: kom | E92: 27
C93: prespojni patch kabel Cat 5 UTP, 1m, sivi | D93: kom | E93: 31
C94: polica fiksna 450 mm | D94: kom | E94: 1
C95: vijci, matice, vezice i sl. | D95: kpl | E95: 1
C96: UPS 1500VA/1000W Line Interactive, 19" montaža, 1U, 15 min.autonomije | D96: kom | E96: 1
D97: kpl | E97: 1 | G97: =E97*F97 -> 0
B101: 2. | C101: Komunikacijski ormar KO-2
C102: Samostojeći komunikacijski ormar, 42U ; 600x600 mm | D102: kom | E102: 1
C103: patch panel 24xRJ45 Cat 5 UTP sa stražnjim držačem kabela, | D103: kom | E103: 4
C104: vodilica horizontalna 1HU, | D104: kom | E104: 6
C105: napojna letva za UPS, 8xschuko, 1U | D105: kom | E105: 1
C106: set za uzemljenje | D106: kom | E106: 1
C107: optička ladica za spoj 12 singlemode niti 9/125, LC konektori, pig-tailovi, kazete i uvodnice uključeni | D107: kom | E107: 1
C108: optička ladica za spoj 4 singlemode niti 9/125, LC konektori, pig-tailovi, kazete i uvodnice uključeni | D108: kom | E108: 29
C109: prespojni patch kabel Cat 5 UTP, 1m, sivi | D109: kom | E109: 33
C110: polica fiksna 450 mm | D110: kom | E110: 1
C111: vijci, matice, vezice i sl. | D111: kpl | E111: 1
C112: UPS 1500VA/1000W Line Interactive, 19" montaža, 1U, 15 min.autonomije | D112: kom | E112: 1
C113: Obračun po kompletu. | D113: kpl | E113: 1 | G113: =E113*F113 -> 0
B115: 3. | C115: Komunikacijski ormar KO-3
C116: Samostojeći komunikacijski ormar, 42U ; 600x600 mm | D116: kom | E116: 1
C117: patch panel 24xRJ45 Cat 5 UTP sa stražnjim držačem kabela, | D117: kom | E117: 6
C118: vodilica horizontalna 1HU, | D118: kom | E118: 6
C119: napojna letva za UPS, 8xschuko, 1U | D119: kom | E119: 1
C120: set za uzemljenje | D120: kom | E120: 1
C121: optička ladica za spoj 12 singlemode niti 9/125, LC konektori, pig-tailovi, kazete i uvodnice uključeni | D121: kom | E121: 1
C122: optička ladica za spoj 4 singlemode niti 9/125, LC konektori, pig-tailovi, kazete i uvodnice uključeni | D122: kom | E122: 50
C123: prespojni patch kabel Cat 5 UTP, 1m, sivi | D123: kom | E123: 54
C124: polica fiksna 450 mm | D124: kom | E124: 1
C125: vijci, matice, vezice i sl. | D125: kpl | E125: 1
C126: UPS 1500VA/1000W Line Interactive, 19" montaža, 1U, 15 min.autonomije | D126: kom | E126: 1
C127: Obračun po kompletu. | D127: kpl | E127: 1 | G127: =E127*F127 -> 0
B129: 4. | C129: Komunikacijski ormar KO-4
C130: Samostojeći komunikacijski ormar, 42U ; 600x600 mm | D130: kom | E130: 1
C131: patch panel 24xRJ45 Cat 5 UTP sa stražnjim držačem kabela, | D131: kom | E131: 6
C132: vodilica horizontalna 1HU, | D132: kom | E132: 6
C133: napojna letva za UPS, 8xschuko, 1U | D133: kom | E133: 1
C134: set za uzemljenje | D134: kom | E134: 1
C135: optička ladica za spoj 12 singlemode niti 9/125, LC konektori, pig-tailovi, kazete i uvodnice uključeni | D135: kom | E135: 1
C136: optička ladica za spoj 4 singlemode niti 9/125, LC konektori, pig-tailovi, kazete i uvodnice uključeni | D136: kom | E136: 43
C137: prespojni patch kabel Cat 5 UTP, 1m, sivi | D137: kom | E137: 48
C138: polica fiksna 450 mm | D138: kom | E138: 1
C139: vijci, matice, vezice i sl. | D139: kpl | E139: 1
C140: UPS 1500VA/1000W Line Interactive, 19" montaža, 1U, 15 min.autonomije | D140: kom | E140: 1
C141: Obračun po kompletu. | D141: kpl | E141: 1 | G141: =E141*F141 -> 0
B143: 5. | C143: Stanski komunikacijski ormarić, dimenzija 365x325x100 mm, p/ž ugradnja, opremljen sa:
C144: nosač za 4 Keystone modula Cat.6 UTP | D144: kom | E144: 2
C145: Keystone modul Cat 6 UTP | D145: kom | E145: 1
C146: oprema za spoj 4 MM optičke niti (nosači, konektori, spojnice uključeni) | D146: kpl | E146: 1
C147: horizontalna vodilica kabela | D147: kom | E147: 1
C148: prespojni patch kabel Cat 6 UTP, 0,5 m | D148: kom | E148: 1
C149: priključnica 230V, n/ž | D149: kom | E149: 1
C150: Komplet | D150: kom | E150: 153 | G150: =E150*F150 -> 0
B152: 6. | C152: Dobava, montaža i spajanje kabela UTP Cat.6A. Kabel se polaže većim dijelom u cijev CSS20. Komplet | D152: m | E152: 6465 | G152: =E152*F152 -> 0
B154: 7. | C154: Svjetlovodni kabel 4G50/125, 4 multimode niti (ISO/IEC 11801), kabel se polaže većim dijelom u cijev CSS20 . Komplet | D154: m | E154: 6206 | G154: =E154*F154 -> 0
B156: 8. | C156: Dobava i montaža modularnih priključnica RJ45 Cat.6A ,1M; p/žb. Komplet sa okvirom i poklopcem | D156: kom | E156: 170 | G156: =E156*F156 -> 0
B158: 9. | C158: Ispitivanje UTP dionica s izdavanjem rezultata mjerenja elektroničkom obliku, uključeno označavanje priključnica | D158: kom | E158: 319 | G158: =E158*F158 -> 0
B160: 10. | C160: Ispitivanje niti svjetlovodnog kabela s izdavanjem rezultata mjerenja u elektroničkom obliku | D160: niti | E160: 596 | G160: =E160*F160 -> 0
B162: 11. | C162: Dobava i polaganje cijevi CSS40. Komplet sa prolaznim kutijama | D162: m | E162: 1533 | G162: =E162*F162 -> 0
B164: 12. | C164: Izrada dokumentacije izvedenog stanja cjelokupne instalacije strukturnog kabliranja. Komplet | D164: kom | E164: 1 | G164: =E164*F164 -> 0
B166: 13. | C166: Sitni potrošni spojni i montažni materijal. Komplet | D166: kom | E166: 1 | G166: =E166*F166 -> 0
A168: 1.4. | C168: TV SUSTAV
B170: 1. | C170: ANTENSKI SUSTAV, OPREMA ZA PRIJENOS TV SIGNALA
C171: Komponente sustava:
C172: antenski stup 50/3000mm s priborom za montažu,učvršćenje i sidrenje | D172: kpl | E172: 1
C173: SAT antena offset aluminij 1,20 m | D173: kom | E173: 1
C174: nosač sat antene 60mm | D174: kom | E174: 1
C175: nosač za četiri LNB-a | D175: kom | E175: 2
...

Sheet M6-ELEKTROINSTALACIJE SKLONIŠTE
C4: TROŠKOVNIK
C6: STAMBENO - POSLOVNA GRAĐEVINA, BLATO
C8: MAPA VI.
C9: PROJEKT ELEKTROINSTALACIJA
C10: PROJEKT ELEKTROINSTALACIJA - SKLONIŠTE
C12: Projektant: Vojislav Štrbac, dipl.ing.el.
A47: r.br. | C47: OPIS | D47: jed. mj. | E47: Količina | F47: Jedinična cijena (€) | G47: Ukupno (€)
A49: 1. | C49: RAZVODNE PLOČE
B52: 1. | C52: Nadgradni razdjelnik RP-SKL dim. cca. šxvxdub 800x800x250 mm, prema IEC 60439-1; Icc=25 kA. Razdjelnik predviđen u zaštiti IP54, izrađen od dekapiranog lima i profila, obojen temeljnom bojom i sivosrebrenim pečenim lakom. Razdjelnik je podijeljen u dvije sekcije međusobno odvojene mehaničkom pregradom. U jednoj su smješteni uređaji koji rade pri mrežnom naponu 400/230V, a u drugoj uređaji koji rade pri naponu 24V DC. Vrata razdjelnika su opremljena bravicama sa cilindrom. Razdjelnik se montira na okvir od čeličnih profila preko gumenih amortizera (8 kom). Kabeli se uvode u razdjelnik sa gornje strane kroz uvodnice, u kojem su smješteni slijedeći elementi po sekcijama:
C53: SEKCIJA I
C54: -1 kom FID40A/4p/0,03A
C55: -4 kom katodni odvodnik TIP 2
C56: -3 kom osigurač C10A/3p
C57: -9 kom autom. osigurač C10A
C58: -3 kom sklopnik 3p; 16A
C59: -3 kom preklopka 1,0,2 ; 12A
C60: -3 kom sklopnik 2p; 16A
C61: -1 kom osigurač C16A/3p
C62: -6 kom autom. osigurač C16A
C63: -1 kom osigurač B16A
C64: -1 kom sklopka 1,0; 12A
... C73: Komplet sa ožičenjem , Cu sabirnicama , natpisnim pločicama i ostalim sitnim spojnim i montažnim materijalom
C74: UKUPNO: | D74: kom | E74: 1 | G74: =E74*F74 -> 0
A76: 1. | C76: RAZVODNE PLOČE UKUPNO: | G76: =SUM(G73:G75) -> 0
A78: 2. | C78: KABELSKI RAZVOD
B80: 2.1. | C80: Dobava , doprema i polaganje kabela NYM-J 5x10 mm²
C81: Kabel se polaže od GRP-4 dijelom u cijevi CSS40, a dijelom na OG obujmice (4 kom/m). Komplet sa izradom svih spojeva, sitnim montažnim i spojnim materijalom
C82: Obračun po m'. | D82: m' | E82: 44 | G82: =E82*F82 -> 0
B84: 2.2. | C84: Dobava , doprema i polaganje KB 1 kV
C85: NHXMH 5x2,5 mm². Kabel se polaže na OG obujmice (4 kom/m)
C86: Komplet sa izradom svih spojeva, ,sitnim montažnim i spojnim materijalom
C87: Obračun po m'. | D87: m' | E87: 38 | G87: =E87*F87 -> 0
B89: 2.3. | C89: Dobava , doprema i polaganje KB 1 kV
C90: NHXMH 2x6 mm² . Kabel se polaže na OG obujmice (4 kom/m)
C91: Komplet sa izradom svih spojeva, sitnim montažnim i spojnim materijalom
C92: Obračun po kompletu. | D92: kpl | E92: 43 | G92: =E92*F92 -> 0
B94: 2.4. | C94: Dobava , doprema i polaganje KB 1 kV
C95: NHXMH 3x1,5 mm² .Kabel se polaže na OG obujmice (4 kom/m)
C96: Komplet sa izradom svih spojeva, ,sitnim montažnim i spojnim materijalom
C97: Obračun po kompletu. | D97: kpl | E97: 450 | G97: =E97*F97 -> 0
B99: 2.5. | C99: Dobava , doprema i polaganje KB 1 kV
C100: NHXMH 3x2,5 mm². Kabel se polaže na OG obujmice (4 kom/m)
C101: Komplet sa izradom svih spojeva, sitnim montažnim i spojnim materijalom
C102: Obračun po kompletu. | D102: kpl | E102: 290 | G102: =E102*F102 -> 0
B104: 2.6. | C104: Dobava, doprema i polaganje kabela IY(St)Y 2x0,8 mm za govorni uređaj korisnika (unutrašnja jedinica). Kabel se polaže na OG obujmice (4 kom/m)
C105: Komplet sa izradom svih spojeva, sitnim montažnim i spojnim materijalom
C106: Obračun po kompletu. | D106: kpl | E106: 12 | G106: =E106*F106 -> 0
B108: 2.7. | C108: Dobava , doprema i polaganje KB 1 kV
C109: NHXMH 2x2,5 mm² .Kabel se polaže na OG obujmice (4 kom/m)
C110: Komplet sa izradom svih spojeva, sitnim montažnim i spojnim materijalom
C111: Obračun po kompletu. | D111: kpl | E111: 470 | G111: =E111*F111 -> 0
B113: 2.8. | C113: Ispitivanje niskonaponske instalacije od strane ovlaštene ustanove te izdavanje odgovarajućih certifikata. Komplet
C114: Obračun po kompletu. | D114: kpl | E114: 1 | G114: =E114*F114 -> 0
A117: 2. | C117: KABELSKI RAZVOD UKUPNO: | G117: =SUM(G79:G115) -> 0
A119: 3. | C119: PREKIDAČI I PRIKLJUČNICE
B121: 3.1. | C121: Dobava i montaža običnog prekidača 10A, 230 V,n/žb , sive boje (za osnovnu rasvjetu-230V). Komplet sa spajanjem
C122: Obračun po kompletu. | D122: kpl | E122: 11 | G122: =E122*F122 -> 0
B124: 3.2. | C124: Dobava i montaža običnog prekidača 10A, 230 V,n/žb , plave boje (za pomoćnu rasvjetu-24V). Komplet sa spajanjem
C125: Obračun po kompletu. | D125: kpl | E125: 1 | G125: =E125*F125 -> 0
B127: 3.3. | C127: Dobava i montaža detektora pokreta sa mogućnošću odgode isključenja 1-10 minuta. Komplet
C128: Obračun po kompletu. | D128: kpl | E128: 7 | G128: =E128*F128 -> 0
B130: 3.4. | C130: Dobava i montaža izmjeničnog prekidača 10A, 230 V,n/žb , sive boje (za osnovnu rasvjetu-230V). Komplet sa spajanjem
C131: Obračun po kompletu. | D131: kpl | E131: 4 | G131: =E131*F131 -> 0
B133: 3.5. | C133: Dobava i montaža izmjeničnog prekidača 10A, 230 V,n/žb, plave boje (za pomoćnu rasvjetu-24V). Komplet sa spajanjem
C134: Obračun po kompletu. | D134: kpl | E134: 4 | G134: =E134*F134 -> 0
B136: 3.6. | C136: Dobava i montaža priključnice sa poklopcem, 16 A/230 V, n/žb, IP44. Komplet sa spajanjem
C137: Obračun po kompletu. | D137: kpl | E137: 18 | G137: =E137*F137 -> 0
B139: 3.7. | C139: Dobava i montaža trofazne priključnice sa poklopcem, 16 A, 3x400/230 V, n/žb, IP44. Komplet sa spajanjem
C140: Obračun po kompletu. | D140: kpl | E140: 1 | G140: =E140*F140 -> 0
B142: 3.8. | C142: Dobava i montaža krajnjih prekidača ulaznih vrata skloništa. Komplet sa spajanjem
C143: Obračun po kompletu. | D143: kpl | E143: 3 | G143: =E143*F143 -> 0
B145: 3.9. | C145: Alarmno nepromočivo zvono 24V. Komplet sa spajanjem
C146: Obračun po kompletu. | D146: kpl | E146: 1 | G146: =E146*F146 -> 0
B148: 3.10. | C148: Izrada izvoda i spajanje:ručnih generatora, krajnjih prekidača,ventilacijskih uređaja, ispravljača, akumulatora, el.zvona. Komplet
C149: Obračun po kompletu. | D149: kpl | E149: 12 | G149: =E149*F149 -> 0
A151: 3. | C151: PREKIDAČI I PRIKLJUČNICE UKUPNO | G151: =SUM(G121:G149) -> 0
A154: 4. | C154: RASVJETA
B156: 4.1. | C156: Dobava i montaža LED svjetiljke za osnovnu rasvjetu , IP44; 20W. Komplet sa gumenim amortizerima (2 kom/svjetiljci).
C157: Obračun po kompletu. | D157: kpl | E157: 19 | G157: =E157*F157 -> 0
B159: 4.2. | C159: Dobava i montaža LED svjetiljke za pomoćnu rasvjetu , IP44; 5W. Komplet sa gumenim amortizerima (2 kom/svjetiljci).
C160: Obračun po kompletu. | D160: kpl | E160: 26 | G160: =E160*F160 -> 0
A162: 4. | C162: RASVJETA UKUPNO: | G162: =SUM(G156:G161) -> 0
A164: 5. | C164: OPREMA SKLONIŠTA
B166: 5.1. | C166: Dobava i montažaispravljača 24V/16A za punjenje akumulatorske baterije sa automatskom regulacijom. Ispravljač se montira na okvire od L profila preko gumenih amortizera.
C167: Obračun po kompletu. | D167: kpl | E167: 1 | G167: =E167*F167 -> 0
B169: 5.2. | C169: Dobava, montaža i spajanje aku baterije 12V 180 Ah. Akumulatorske baterije montiraju se na okvir proizvođača.
C170: Obračun po kompletu. | D170: kpl | E170: 2 | G170: =E170*F170 -> 0
B172: 5.3. | C172: Dobava, montaža i spajanje centralnog interfonskog mjesta u zaštiti IP54. Uređej treba biti u nžb izvedbi i treba zadovoljavati zahtjevima zaštite od udara. Komplet
C173: Obračun po kompletu. | D173: kpl | E173: 2 | G173: =E173*F173 -> 0
B175: 5.4. | C175: Dobava, montaža i spajanje ručnog generatora istosmjernog napona 24V/60W. Komplet sa generatorskim sustavom u hermetičnoj kutiji, pogonske ručke i nosač za temeljnu ploču.
C176: Obračun po kompletu. | D176: kpl | E176: 3 | G176: =E176*F176 -> 0
B178: 5.5. | C178: Izrada proboja od željezno pocinčanih cijevi duljine 400 mm:
C179: 2 kom 1 col
C180: 10 kom 3/4 cola
C181: 3 kom 1/2 cola
C182: Obračun po kompletu. | D182: kpl | E182: 1 | G182: =E182*F182 -> 0
A184: 5. | C184: OPREMA SKLONIŠTA UKUPNO: | G184: =SUM(G166:G182) -> 0
A187: 6. | C187: IZJEDNAČENJE POTENCIJALA
B189: 6.1. | C189: Dobava, montaža i spajanje vodiča za izjednačenja potencijala metalnih masa u skloništu. Na sabirni vod P16 mm2 položen na OG obujmice, spojiti vodom P6 mm2 sve metalne mase: ventilacijski kanali, metalna kućišta uređaja, vovdovodne cijevi, protuudarni ventili i slično). Sabirni vod spojiti sa zaštitnom sabirnicom razdjelnika skloništa. Polaže se:
C190: P 16 mm2 70 m
...

Sheet M8-STROJARSTVO TERMOINSTALACIJE
C4: TROŠKOVNIK
C6: STAMBENO - POSLOVNA GRAĐEVINA, BLATO
C8: MAPA VIII.
C9: STROJARSKI PROJEKT
C10: STROJARSKI PROJEKT - TERMOINSTALACIJE
C12: Projektant: Vlado Nigojević, dipl.ing.str. S 395
A47: r.br. | C47: OPIS | D47: jed. mj. | E47: Količina | F47: Jedinična cijena (€) | G47: Ukupno (€)
C49: Napomena
C50: Ako nije drugačije dogovoreno u predračunsku sumu je uračunato:
B51: 1. | C51: Cjelokupna isporuka opreme, regulacija i potrebna ispitivanja na nepropusnost ugrađene instalacije grijanja, hlađenja i ventilacije, te sva potrebna ispitivanja od ovlaštene firme za dokazivanje kvalitete ugrađene instalacije.
B52: 2. | C52: Obuka osoblja koje rukuje uređajima s objašnjenjem sistema i rada pojedinih dijelova, također i davanje pismenog uputstva za rukovanje i održavanje.
B53: 3. | C53: Naknada za montere, njihove pomoćnike, rukovodioce gradilišta i izradbu građevinske knjige.
B54: 4. | C54: Potrebni materijali i radovi (osnovni i pomoćni), skele, strojevi i alat, kao i sve nabave/dobave, montaže/demontaže, uklanjanja, izrade i transporti, ukrcaj, iskrcaj, energenti, odvoz na deponij, građevinska pripomoć pri ugradnji instalacija, te ishođenje sve potrebne dokumentacije, uključivo takse.
B55: 5. | C55: Transport cjelokupnog materijala i alata na gradilištu i s gradilišta, kao i namještanja skele.
B56: 6. | C56: Izvoditelj je dužan pribaviti sve potrebne potvrde, izjave, certifikate i sl., a tijekom gradnje i za potrebe tehničkog pregleda dužan je izvršiti sva potrebna ispitivanja kvalitete izvršenih radova o svojem trošku što je propisano važećom zakonskom i tehničkom regulativom.
B57: 7. | C57: Izrada projekta izvedenog stanja.
B58: 8. | C58: Puštanje u rad specificirane opreme do potpune pogonske gotovosti, uključivo probni pogon, balansiranje svih sustava, ali bez troškova vode i energije.
B59: 9. | C59: Svi ponuđeni proizvodi moraju zadovoljiti tražene tehničke parametre i karakteristike opisanih proizvoda ili imati bolje tehničke parametre i karakteristike od traženih minimalnoimalnih. Ukoliko se u opisu proizvoda upućuje na robne marke, tipove proizvoda, norme i slično podrazumijeva se da ponuditelj može ponuditi jednakovrijedan proizvod bez obzira je li taj proizvod popraćen izrazom „ili jednakovrijedan“. Za svaku navedenu normu navedenu po dotičnom normizacijskom sustavu dozvoljeno je nuditi jednakovrijednu normu, tehničko odobrenje odnosno uputu iz odgovarajuće hrvatske, europske ili međunarodne nomenklature
B60: 10. | C60: U svim stavkama troškovnika uključena je dobava, transport i ugradnja sve navedene opreme
A62: 1. | C62: INSTALACIJA SUSTAVA GRIJANJA I HLAĐENJA STAMBENOG PROSTORA
B64: 1. | C64: Vanjska jedinica multisplit sustava u izvedbi dizalice topline zrak/zrak namijenjena za spoj na 2 - 5 unutarnjih jedinica. Uređaj je namijenjen za vanjsku montažu - zaštićen od vremenskih utjecaja, s ugrađenim hermetičkim DC inverter kompresorima, zrakom hlađenim kondenzatorom i svim potrebnim elementima za zaštitu, kontrolu i regulaciju uređaja i funkcionalni rad. Rashladni medij R-32.
C65: Istrujavanje zraka je horizontalno što omogućuje jednostavnu ugradnju u arhitektonske niše i fasadno na konzole.
C66: Maksimalni broj unutarnjih jedinica je 3.
C67: Maksimalno dozvoljene udaljenosti: ukupno cijevni razvod do 50 metara; visinska razlika između vanjske i unutarnje jedinice iznosi 15 m; visinska razlika između pojedinih unutarnjih jedinica iznosi 7,5 m.
C68: Tehničke karakteristike:
C69: Qh,nom = minimalno 5.2 kW Tv = 35°C ST Tp = 27°C ST, 46%RH EER: minimalno 4.16 (114% opterećenja) SEER minimalno 8.51 (A++) Qg,nom = minimalno 6.3 kW COP: minimalno 4,77 (114% opterećenja) SCOP minimalno 4.60 (A++) Tv= 7°C ST Tp = 20°C ST
C70: Radno područje - grijanje: od -15° do 24°C
C71: Radno područje - hlađenje: od -10° do 46°C
C72: Nivo zvučnog tlaka: maksimalno 46 dB(A) na udaljenosti 1m od jedinice
C73: Nivo zvučne snage: maksimalno 61 dB(A) na udaljenosti 1m od jedinice
C74: Obračun po broju komada. | D74: kom | E74: 144 | G74: =E74*F74 -> 0
B76: 2. | C76: Vanjska jedinica multisplit sustava u izvedbi dizalice topline zrak/zrak namijenjena za spoj na 2 - 5 unutarnjih jedinica. Uređaj je namijenjen za vanjsku montažu - zaštićen od vremenskih utjecaja, s ugrađenim hermetičkim DC inverter kompresorima, zrakom hlađenim kondenzatorom i svim potrebnim elementima za zaštitu, kontrolu i regulaciju uređaja i funkcionalni rad. Rashladni medij R-32.
C77: Istrujavanje zraka je horizontalno što omogućuje jednostavnu ugradnju u arhitektonske niše i fasadno na konzole.
C78: Maksimalni broj unutarnjih jedinica je 3.
C79: Maksimalno dozvoljene udaljenosti: ukupno cijevni razvod do 50 metara; visinska razlika između vanjske i unutarnje jedinice iznosi 15 m; visinska razlika između pojedinih unutarnjih jedinica iznosi 7,5 m.
C80: Tehničke karakteristike:
C81: Qh,nom = minimalno 6.8 kW Priključna snaga: Tv = 35°C ST Tp = 27°C ST, 46%RH EER: minimalno 3.78 SEER: minimalno 7.75 (A++) Qg,nom = minimalno 8.0 kW COP: minimalno 4,42 (114% opterećenja) SCOP: minimalno 4.32 (A+) Tv= 7°C ST Tp = 20°C ST
C82: Radno područje - grijanje: od -15° do 24°C
C83: Radno područje - hlađenje: od -10° do 46°C
C84: Nivo zvučnog tlaka: 46 dB(A) na udaljenosti 1m od jedinice
C85: Nivo zvučne snage: maksimalno 61 dB(A) na udaljenosti 1m od jedinice
C86: Dimenzije: d x š = 880 x 310 mm ; h = 638 mm
C87: Napajanje : 220-240 V / 50 Hz ~1
C88: Obračun po broju komada | D88: kom | E88: 4 | G88: =E88*F88 -> 0
B90: 3. | C90: Komercijalni klima uređaj za cijelogodišnje hlađenje/grijanje sa vanjskom i unutarnjom jedinicom sa ukrasnom maskom, predviđena za montažu na zid. Vanjska jedinica zaštićena je od vremenskih utjecaja i isporučuje se sa ugrađenim hermetičkim DC inverter kompresorom te zrakom hlađenim kondenzatorom i svim ostalim potrebnim elementima za funkcionalan rad. Istrujavanje zraka vanjske jedinice je horizontalno što omogućuje jednostavnu ugradnju u arhitektonske niše i fasadno na konzole. Unutarnja jedinica isporučuje se u kompletu sa ventilatorom, izmjenjivačem topline s direktnom ekspanzijom freona te svim potrebnim elementima za zaštitu, kontrolu i regulaciju uređaja i temperature.
C91: Maksimalno dozvoljene udaljenosti: ukupno cijevni razvod do 30 metara; visinska razlika između vanjske i unutarnje jedinice iznosi 20 m
C92: model vanjska (1-faz.)
C93: Učin hlađenja: minimalno 6.50 [kW] pri temperaturi vanjskog zraka 35°C i stanju zraka u prostoru 27°C / 46% RH
C94: EER: minimalno 3,57
C95: SEER: minimalno 6,9
C96: Učin grijanja: minimalno 6.25 [kW] pri temperaturi vanjskog zraka 7°C i temperaturi zraka u prostoru 20°C
C97: EER: minimalno 3,57
C98: SEER: minimalno 6,9
C99: Učin grijanja: minimalno 6.25 [kW] pri temperaturi vanjskog zraka 7°C i temperaturi zraka u prostoru 20°C
C100: COP: minimalno 3,43
C101: SCOP: minimalno 3,9
C102: Učin grijanja: minimalno 4.56 [kW] pri temperaturi vanjskog zraka -15°C i temperaturi zraka u prostoru 20°C
... C108: Stavka uključuje bežični daljinski upravljač s displayom i timerom.
C109: Obračun po kompletu | D109: kpl | E109: 4 | G109: =E109*F109 -> 0
B111: 4. | C111: Vanjska jedinica mini VRF sustava u izvedbi dizalice topline zrak/zrak ili zrak/voda ovisno o tipu priključnih unutarnjih jedinica sa tehnologijom za iznimnu učinkovitost sustava u grijanju. Simultani start i ubrzanje rada kompresora omogućuju brzo hlađenje i grijanje. Proizvođač VRF sustava mora imati EUROVENT certifikat.
C112: Istrujavanje zraka je horizontalno što omogućuje jednostavnu ugradnju u arhitektonske niše i fasadno na konzole.
C113: Maksimalno dozvoljene udaljenosti: ukupno cijevni razvod do 150 metara; najudaljenija dionica cjevovoda je (65) m; visinska razlika između vanjske i unutarnje jedinice iznosi 25 m, visinska razlika između pojedinih unutarnjih jedinica iznosi 15 m.
C114: Slijedećih tehničkih karakteristika:
C115: Učin hlađenja: minimalno 14.0 [kW] pri temperaturi vanjskog zraka 35°C i stanju zraka u prostoru 27°C / 46% RH
C116: Priključna snaga: 4.0 [kW]
C117: EER: minimalno 3,50
C118: ESEER: minimalno 6.71
C119: Učin grijanja: minimalno 14.0 [kW] pri temperaturi vanjskog zraka 7°C i temperaturi zraka u prostoru 20°C
C120: Priključna snaga: 3.4 [kW]
C121: COP: minimalno 4,12
C122: SCOP: /
C123: Nivo zvučnog tlaka: maksimalno 55 dB (A) na udaljenosti 1m od jedinice
... C126: radno područje hlađenja: od -5° do 48°C
C127: Obračun po broju komada. | D127: kom | E127: 1 | G127: =E127*F127 -> 0
B129: 5. | C129: Unutarnja jedinica multi split sustava s maskom koja sprječava udar hladnog zraka ,predviđena za montažu na zid. Opremljena je ventilatorom, izmjenjivačem topline s direktnom ekspanzijom freona,wifi modulom za kontrolu jedinice preko interneta te svim potrebnim elementima za zaštitu, kontrolu i regulaciju uređaja i temperature, sljedećih tehničkih karakteristika:
C130: Učin hlađenja: minimalno 2.0 kW
C131: Učin grijanja: minimalno 2.2 kW
C132: Protok zraka :max : 540 m3/h
C133: Zvučna snaga min/max : 54 dB
C134: Zvučni tlak min/,ax : 36 / 19 dB
C135: Infracrveni daljinski upravljač uključen
C136: Obračun po broju komada. | D136: kom | E136: 152 | G136: =E136*F136 -> 0
B138: 6. | C138: Unutarnja jedinica multi split sustava s maskom koja sprječava udar hladnog zraka ,predviđena za montažu na zid. Opremljena je ventilatorom, izmjenjivačem topline s direktnom ekspanzijom freona,wifi modulom za kontrolu jedinice preko interneta te svim potrebnim elementima za zaštitu, kontrolu i regulaciju uređaja i temperature, sljedećih tehničkih karakteristika:
C139: Učin hlađenja: minimalno 3.5 kW
C140: Učin grijanja: minimalno 3.5 kW
C141: Zvučna snaga: maksimalno 56 dB
C142: Zvučni tlak min/max : 38 / 19 dB
C143: Infracrveni daljinski upravljač uključen
C144: Obračun po broju komada. | D144: kom | E144: 148 | G144: =E144*F144 -> 0
B146: 7. | C146: Predizolirane bakrene cijevi u kolutu za freonsku instalaciju plinske i tekuće faze namjenjene za rashladni medij R-410A . U kompletu sa spojnicama i koljenima, spojnim i pričvrsnim materijalom. Cijevi moraju biti odmašćene, očišćene i osušene prije ugradnje.
C147: ɸ 6,4
C148: ɸ 9,5 | D148: m' | E148: 7400 | G148: =E148*F148 -> 0
D149: m' | E149: 7400 | G149: =E149*F149 -> 0
B150: 8. | C150: Napojni kabeli između unutrašnjih i vanjske jedinice
C151: PPYOO 3 × 1,5 mm2 | D151: m' | E151: 7400 | G151: =E151*F151 -> 0
B153: 9. | C153: Komunikacijski kabeli između unutrašnjih i vanjske jedinice
C154: Liycy 2 × 1,25 mm2 | D154: m' | E154: 7400 | G154: =E154*F154 -> 0
B156: 10. | C156: Kompozitne PP-R cijevi za odvod kondenzata SDR 7,4 MF faserkompozitna cijev za temeljni horizontalani i vertikalni razvod cijevi sa ugradnjom metalnih obujmica sa gumom na razmaku prema uputama u tehničkom katalogu proizvođača cijevi dimenzija
C157: U stavku uključiti fazone za PP – R cijevi, kao koljena, T-komadi, redukcije i obilazni lukovi, čvrste točke, uključivo pričvrsni i ovjesni materijal za PP – R cijevi
C158: d50 | D158: m' | E158: 460 | G158: =E158*F158 -> 0
...

Sheet M9-STROJARSTVO PLINSKE INSTALAC
C4: TROŠKOVNIK
C6: STAMBENO - POSLOVNA GRAĐEVINA, BLATO
C8: MAPA IX.
C9: STROJARSKI PROJEKT
C10: STROJARSKI PROJEKT - PLINSKE INSTALACIJE
C12: Projektant: Vlado Nigojević, dipl.ing.str. S 395
A47: r.br. | C47: OPIS | D47: jed. mj. | E47: Količina | F47: Jedinična cijena (€) | G47: Ukupno (€)
A49: 1. | C49: INSTALACIJA PLINSKIH TROŠILA
B51: 1. | C51: Plinski kondenzacijski kombinirani uređaj za grijanje prostora s integriranim zagrijavanje pitke vode. Prikladno za ugradnju kod višestrukog korištenja na odvodno/dovodnom dimnjaku (pretlak LAS sustava), sa već ugrađenom membranskom nepovratnom dimovodnom zaklopkom.
C52: Plinski kondenzacijski kotao prema EN 15502 ili jednakovrijedno ____________________ kao zidni uređaj s izmjenjivačem topline za pogon neovisan o zraku u prostoru ili za pogon ovisan o zraku u prostoru prema TRGI, CE certificiran i tipski ispitan ili jednakovrijedno ____________________. Za zatvorene instalacije grijanja prema EN 12828 ili jednakovrijedno ____________________. U uređaj su integrirani: kompletna toplinska ćelija s izmjenjivačem topline s Inox-Radial grijaćim površinama od plemenitog čelika, ugrađena ekspanzijska posuda, nepovratna dimovodna zaklopka i modulacijski cilindrični plamenik MatriX-Plus, kompletno s ventilatorom s upravljanim brojem okretaja i integriranim plinski kombi regulatorom, elektroničkom regulacijom izgaranja Lambda Pro, ionizacijskim nadziranjem plamena i električnim visokonaponskim paljenjem. Ispitan i odobren za zemni i tekući plin prema EN 15502 ili jednakovrijedno ____________________. Hidraulika s ugrađenom visokoučinkovitom cirkulacijskom crpkom upravljanom brojem okretaja, pločastim izmjenjivačem i automatskim odzračnikom. S ugrađenom oblogom kotla od čeličnog lima premazanog epoksidnom smolom.
C53: S digitalnom regulacijom kruga kotla i kruga grijanja, LED zaslon i tipke osjetljive na dodir za konstantan, povišeni ili rad prema vanjskoj temperaturi. Za rad s kliznom sniženom temperaturom vode u kotlu. Za sustave grijanja s jedinim krugom grijanja s mješačem. Za krug grijanja bez mješača s hidrauličkom skretnicom i crpkom kruga grijanja potrebno je proširenje (pribor). Vremenski intervali za krugove grijanja i grijanje PTV-a mogu se zasebno podesiti. S automatskim prebacivanjem ljetno/zimsko vrijeme, integrirani sustav dijagnostike, obavijest o potrebnom održavanju putem aplikacije i kontrolirano sušenje estriha. Postavke za režime rada, funkciju udobnosti, test dimnjačara, isključivanje crpke kruga grijanja i plamenika ovisno o potražnji, kao i ljetni način rada i promjenjivu granicu grijanja. Mogućnost podešavanja sobne temperature, temperature pitke vode i provjera temperatura
C54: Opseg isporuke/Opremljenost
C55: • Modulirajući i uz podršku ventilatorom predmiješajući plamenik s Lambda Pro
C56: • Membranska nepovratna dimovodna zaklopka
C57: • Ugrađena sigurnosna armatura
C58: • Visokoučinkovita crpka sa upravljanim brojem okretaja i 3-putni ventil
C59: • Ekspanzijska posuda (8 litara)
C60: • Integriran set za nadopunu s cijevnim odvajanjem
C61: • Spremno za povezivanje, povezane cijevi i ožičeno
C62: • Kotlovski nastavni komad
C63: • Hidraulički pribor za priključivanje
... C94: • Doprinos učinkovitosti grijanja prostora 2 %
C95: Obračun po kompletu. | D95: kpl | E95: 153 | G95: =E95*F95 -> 0
B97: 2. | C97: Daljinsko bežično upravljanje s integriranim senzorom sobne temperature i osvijetljenim grafičkim zaslonom sa sljedećim funkcijama
C98: • Bežična komunikacija s generatorom topline putem Low-Power- -Funk
C99: • Unos do 3 zadane vrijednosti za sobnu temperaturu i jednu zadanu vrijednost za temperaturu tople vode
